interval_index,begin,end,intersection_id,official_approach,official_movement,target_pcu,actual_pcu,error_pcu,relative_error,geh,vehicle_contributions_pcu,passed
0,0,900,demo_1,east,left,32,32.0,0.0,0.0,0.0,"{'bus': 6.0, 'electric_bicycle': 0.5, 'passenger': 23.0, 'truck': 2.5}",True
0,0,900,demo_1,east,right,42,42.0,0.0,0.0,0.0,"{'bus': 8.0, 'electric_bicycle': 0.5, 'passenger': 31.0, 'truck': 2.5}",True
0,0,900,demo_1,east,through,53,53.0,0.0,0.0,0.0,"{'bus': 8.0, 'electric_bicycle': 0.5, 'passenger': 37.0, 'truck': 7.5}",True
0,0,900,demo_1,north,left,41,41.0,0.0,0.0,0.0,"{'bus': 8.0, 'electric_bicycle': 0.5, 'passenger': 30.0, 'truck': 2.5}",True
0,0,900,demo_1,north,right,36,36.0,0.0,0.0,0.0,"{'bus': 6.0, 'electric_bicycle': 0.5, 'passenger': 27.0, 'truck': 2.5}",True
0,0,900,demo_1,north,through,81,81.0,0.0,0.0,0.0,"{'bus': 14.0, 'electric_bicycle': 1.0, 'passenger': 56.0, 'truck': 10.0}",True
0,0,900,demo_1,south,left,43,43.0,0.0,0.0,0.0,"{'bus': 8.0, 'electric_bicycle': 0.5, 'passenger': 32.0, 'truck': 2.5}",True
0,0,900,demo_1,south,right,30,30.0,0.0,0.0,0.0,"{'bus': 6.0, 'electric_bicycle': 0.5, 'passenger': 21.0, 'truck': 2.5}",True
0,0,900,demo_1,south,through,40,40.0,0.0,0.0,0.0,"{'bus': 8.0, 'electric_bicycle': 0.5, 'passenger': 29.0, 'truck': 2.5}",True
0,0,900,demo_1,west,left,66,66.0,0.0,0.0,0.0,"{'bus': 12.0, 'electric_bicycle': 0.5, 'passenger': 46.0, 'truck': 7.5}",True
0,0,900,demo_1,west,right,29,29.0,0.0,0.0,0.0,"{'bus': 6.0, 'electric_bicycle': 0.5, 'passenger': 20.0, 'truck': 2.5}",True
0,0,900,demo_1,west,through,77,77.0,0.0,0.0,0.0,"{'bus': 14.0, 'electric_bicycle': 0.5, 'passenger': 55.0, 'truck': 7.5}",True
0,0,900,demo_10,east,left,44,44.0,0.0,0.0,0.0,"{'bus': 8.0, 'electric_bicycle': 0.5, 'passenger': 33.0, 'truck': 2.5}",True
0,0,900,demo_10,east,through,83,83.0,0.0,0.0,0.0,"{'bus': 14.0, 'electric_bicycle': 1.0, 'passenger': 58.0, 'truck': 10.0}",True
0,0,900,demo_10,south,left,75,75.0,0.0,0.0,0.0,"{'bus': 14.0, 'electric_bicycle': 0.5, 'passenger': 53.0, 'truck': 7.5}",True
0,0,900,demo_10,south,right,83,83.0,0.0,0.0,0.0,"{'bus': 14.0, 'electric_bicycle': 1.0, 'passenger': 58.0, 'truck': 10.0}",True
0,0,900,demo_10,west,right,82,82.0,0.0,0.0,0.0,"{'bus': 14.0, 'electric_bicycle': 1.0, 'passenger': 57.0, 'truck': 10.0}",True
0,0,900,demo_10,west,through,94,94.0,0.0,0.0,0.0,"{'bus': 16.0, 'electric_bicycle': 1.0, 'passenger': 67.0, 'truck': 10.0}",True
0,0,900,demo_11,east,left,65,65.0,0.0,0.0,0.0,"{'bus': 12.0, 'electric_bicycle': 0.5, 'passenger': 45.0, 'truck': 7.5}",True
0,0,900,demo_11,east,right,75,75.0,0.0,0.0,0.0,"{'bus': 14.0, 'electric_bicycle': 0.5, 'passenger': 53.0, 'truck': 7.5}",True
0,0,900,demo_11,east,through,95,95.0,0.0,0.0,0.0,"{'bus': 16.0, 'electric_bicycle': 1.0, 'passenger': 68.0, 'truck': 10.0}",True
0,0,900,demo_11,north,left,62,62.0,0.0,0.0,0.0,"{'bus': 10.0, 'electric_bicycle': 0.5, 'passenger': 44.0, 'truck': 7.5}",True
0,0,900,demo_11,north,right,64,64.0,0.0,0.0,0.0,"{'bus': 10.0, 'electric_bicycle': 0.5, 'passenger': 46.0, 'truck': 7.5}",True
0,0,900,demo_11,north,through,90,90.0,0.0,0.0,0.0,"{'bus': 16.0, 'electric_bicycle': 1.0, 'passenger': 63.0, 'truck': 10.0}",True
0,0,900,demo_11,south,left,40,40.0,0.0,0.0,0.0,"{'bus': 8.0, 'electric_bicycle': 0.5, 'passenger': 29.0, 'truck': 2.5}",True
0,0,900,demo_11,south,right,43,43.0,0.0,0.0,0.0,"{'bus': 8.0, 'electric_bicycle': 0.5, 'passenger': 32.0, 'truck': 2.5}",True
0,0,900,demo_11,south,through,55,55.0,0.0,0.0,0.0,"{'bus': 8.0, 'electric_bicycle': 0.5, 'passenger': 39.0, 'truck': 7.5}",True
0,0,900,demo_11,west,left,70,70.0,0.0,0.0,0.0,"{'bus': 12.0, 'electric_bicycle': 0.5, 'passenger': 50.0, 'truck': 7.5}",True
0,0,900,demo_11,west,right,75,75.0,0.0,0.0,0.0,"{'bus': 14.0, 'electric_bicycle': 0.5, 'passenger': 53.0, 'truck': 7.5}",True
0,0,900,demo_11,west,through,102,102.0,0.0,0.0,0.0,"{'bus': 18.0, 'electric_bicycle': 1.0, 'passenger': 73.0, 'truck': 10.0}",True
0,0,900,demo_12,east,left,45,45.0,0.0,0.0,0.0,"{'bus': 8.0, 'electric_bicycle': 0.5, 'passenger': 34.0, 'truck': 2.5}",True
0,0,900,demo_12,east,right,32,32.0,0.0,0.0,0.0,"{'bus': 6.0, 'electric_bicycle': 0.5, 'passenger': 23.0, 'truck': 2.5}",True
0,0,900,demo_12,east,through,85,85.0,0.0,0.0,0.0,"{'bus': 14.0, 'electric_bicycle': 1.0, 'passenger': 60.0, 'truck': 10.0}",True
0,0,900,demo_12,north,left,47,47.0,0.0,0.0,0.0,"{'bus': 8.0, 'electric_bicycle': 0.5, 'passenger': 36.0, 'truck': 2.5}",True
0,0,900,demo_12,north,right,25,25.0,0.0,0.0,0.0,"{'bus': 4.0, 'electric_bicycle': 0.5, 'passenger': 18.0, 'truck': 2.5}",True
0,0,900,demo_12,north,through,51,51.0,0.0,0.0,0.0,"{'bus': 8.0, 'electric_bicycle': 0.5, 'passenger': 35.0, 'truck': 7.5}",True
0,0,900,demo_12,south,left,38,38.0,0.0,0.0,0.0,"{'bus': 6.0, 'electric_bicycle': 0.5, 'passenger': 29.0, 'truck': 2.5}",True
0,0,900,demo_12,south,right,27,27.0,0.0,0.0,0.0,"{'bus': 4.0, 'electric_bicycle': 0.5, 'passenger': 20.0, 'truck': 2.5}",True
0,0,900,demo_12,south,through,71,71.0,0.0,0.0,0.0,"{'bus': 12.0, 'electric_bicycle': 0.5, 'passenger': 51.0, 'truck': 7.5}",True
0,0,900,demo_12,west,left,41,41.0,0.0,0.0,0.0,"{'bus': 8.0, 'electric_bicycle': 0.5, 'passenger': 30.0, 'truck': 2.5}",True
0,0,900,demo_12,west,right,30,30.0,0.0,0.0,0.0,"{'bus': 6.0, 'electric_bicycle': 0.5, 'passenger': 21.0, 'truck': 2.5}",True
0,0,900,demo_12,west,through,77,77.0,0.0,0.0,0.0,"{'bus': 14.0, 'electric_bicycle': 0.5, 'passenger': 55.0, 'truck': 7.5}",True
0,0,900,demo_13,east,right,56,56.0,0.0,0.0,0.0,"{'bus': 10.0, 'electric_bicycle': 0.5, 'passenger': 38.0, 'truck': 7.5}",True
0,0,900,demo_13,east,through,79,79.0,0.0,0.0,0.0,"{'bus': 14.0, 'electric_bicycle': 0.5, 'passenger': 57.0, 'truck': 7.5}",True
0,0,900,demo_13,north,right,77,77.0,0.0,0.0,0.0,"{'bus': 14.0, 'electric_bicycle': 0.5, 'passenger': 55.0, 'truck': 7.5}",True
0,0,900,demo_14,east,left,92,92.0,0.0,0.0,0.0,"{'bus': 16.0, 'electric_bicycle': 1.0, 'passenger': 65.0, 'truck': 10.0}",True
0,0,900,demo_14,east,right,106,106.0,0.0,0.0,0.0,"{'bus': 18.0, 'electric_bicycle': 1.0, 'passenger': 77.0, 'truck': 10.0}",True
0,0,900,demo_14,north,left,57,57.0,0.0,0.0,0.0,"{'bus': 10.0, 'electric_bicycle': 0.5, 'passenger': 39.0, 'truck': 7.5}",True
0,0,900,demo_14,north,through,82,82.0,0.0,0.0,0.0,"{'bus': 14.0, 'electric_bicycle': 1.0, 'passenger': 57.0, 'truck': 10.0}",True
0,0,900,demo_14,south,right,71,71.0,0.0,0.0,0.0,"{'bus': 12.0, 'electric_bicycle': 0.5, 'passenger': 51.0, 'truck': 7.5}",True
0,0,900,demo_14,south,through,42,42.0,0.0,0.0,0.0,"{'bus': 8.0, 'electric_bicycle': 0.5, 'passenger': 31.0, 'truck': 2.5}",True
0,0,900,demo_15,east,left,41,41.0,0.0,0.0,0.0,"{'bus': 8.0, 'electric_bicycle': 0.5, 'passenger': 30.0, 'truck': 2.5}",True
0,0,900,demo_15,east,right,42,42.0,0.0,0.0,0.0,"{'bus': 8.0, 'electric_bicycle': 0.5, 'passenger': 31.0, 'truck': 2.5}",True
0,0,900,demo_15,east,through,92,92.0,0.0,0.0,0.0,"{'bus': 16.0, 'electric_bicycle': 1.0, 'passenger': 65.0, 'truck': 10.0}",True
0,0,900,demo_15,north,left,72,72.0,0.0,0.0,0.0,"{'bus': 12.0, 'electric_bicycle': 0.5, 'passenger': 52.0, 'truck': 7.5}",True
0,0,900,demo_15,north,right,73,73.0,0.0,0.0,0.0,"{'bus': 12.0, 'electric_bicycle': 0.5, 'passenger': 53.0, 'truck': 7.5}",True
0,0,900,demo_15,north,through,79,79.0,0.0,0.0,0.0,"{'bus': 14.0, 'electric_bicycle': 0.5, 'passenger': 57.0, 'truck': 7.5}",True
0,0,900,demo_15,south,left,30,30.0,0.0,0.0,0.0,"{'bus': 6.0, 'electric_bicycle': 0.5, 'passenger': 21.0, 'truck': 2.5}",True
0,0,900,demo_15,south,right,86,86.0,0.0,0.0,0.0,"{'bus': 14.0, 'electric_bicycle': 1.0, 'passenger': 61.0, 'truck': 10.0}",True
0,0,900,demo_15,south,through,102,102.0,0.0,0.0,0.0,"{'bus': 18.0, 'electric_bicycle': 1.0, 'passenger': 73.0, 'truck': 10.0}",True
0,0,900,demo_15,west,left,70,70.0,0.0,0.0,0.0,"{'bus': 12.0, 'electric_bicycle': 0.5, 'passenger': 50.0, 'truck': 7.5}",True
0,0,900,demo_15,west,right,43,43.0,0.0,0.0,0.0,"{'bus': 8.0, 'electric_bicycle': 0.5, 'passenger': 32.0, 'truck': 2.5}",True
0,0,900,demo_15,west,through,87,87.0,0.0,0.0,0.0,"{'bus': 14.0, 'electric_bicycle': 1.0, 'passenger': 62.0, 'truck': 10.0}",True
0,0,900,demo_16,east,left,56,56.0,0.0,0.0,0.0,"{'bus': 10.0, 'electric_bicycle': 0.5, 'passenger': 38.0, 'truck': 7.5}",True
0,0,900,demo_16,east,right,51,51.0,0.0,0.0,0.0,"{'bus': 8.0, 'electric_bicycle': 0.5, 'passenger': 35.0, 'truck': 7.5}",True
0,0,900,demo_16,east,through,68,68.0,0.0,0.0,0.0,"{'bus': 12.0, 'electric_bicycle': 0.5, 'passenger': 48.0, 'truck': 7.5}",True
0,0,900,demo_16,north,left,42,42.0,0.0,0.0,0.0,"{'bus': 8.0, 'electric_bicycle': 0.5, 'passenger': 31.0, 'truck': 2.5}",True
0,0,900,demo_16,north,right,50,50.0,0.0,0.0,0.0,"{'bus': 8.0, 'electric_bicycle': 0.5, 'passenger': 34.0, 'truck': 7.5}",True
0,0,900,demo_16,north,through,52,52.0,0.0,0.0,0.0,"{'bus': 8.0, 'electric_bicycle': 0.5, 'passenger': 36.0, 'truck': 7.5}",True
0,0,900,demo_16,south,left,43,43.0,0.0,0.0,0.0,"{'bus': 8.0, 'electric_bicycle': 0.5, 'passenger': 32.0, 'truck': 2.5}",True
0,0,900,demo_16,south,right,51,51.0,0.0,0.0,0.0,"{'bus': 8.0, 'electric_bicycle': 0.5, 'passenger': 35.0, 'truck': 7.5}",True
0,0,900,demo_16,south,through,59,59.0,0.0,0.0,0.0,"{'bus': 10.0, 'electric_bicycle': 0.5, 'passenger': 41.0, 'truck': 7.5}",True
0,0,900,demo_16,west,left,52,52.0,0.0,0.0,0.0,"{'bus': 8.0, 'electric_bicycle': 0.5, 'passenger': 36.0, 'truck': 7.5}",True
0,0,900,demo_16,west,right,41,41.0,0.0,0.0,0.0,"{'bus': 8.0, 'electric_bicycle': 0.5, 'passenger': 30.0, 'truck': 2.5}",True
0,0,900,demo_16,west,through,59,59.0,0.0,0.0,0.0,"{'bus': 10.0, 'electric_bicycle': 0.5, 'passenger': 41.0, 'truck': 7.5}",True
0,0,900,demo_17,east,left,97,97.0,0.0,0.0,0.0,"{'bus': 16.0, 'electric_bicycle': 1.0, 'passenger': 70.0, 'truck': 10.0}",True
0,0,900,demo_17,east,right,72,72.0,0.0,0.0,0.0,"{'bus': 12.0, 'electric_bicycle': 0.5, 'passenger': 52.0, 'truck': 7.5}",True
0,0,900,demo_17,north,left,92,92.0,0.0,0.0,0.0,"{'bus': 16.0, 'electric_bicycle': 1.0, 'passenger': 65.0, 'truck': 10.0}",True
0,0,900,demo_17,north,through,62,62.0,0.0,0.0,0.0,"{'bus': 10.0, 'electric_bicycle': 0.5, 'passenger': 44.0, 'truck': 7.5}",True
0,0,900,demo_17,south,right,106,106.0,0.0,0.0,0.0,"{'bus': 18.0, 'electric_bicycle': 1.0, 'passenger': 77.0, 'truck': 10.0}",True
0,0,900,demo_17,south,through,53,53.0,0.0,0.0,0.0,"{'bus': 8.0, 'electric_bicycle': 0.5, 'passenger': 37.0, 'truck': 7.5}",True
0,0,900,demo_18,northeast,left,103,103.0,0.0,0.0,0.0,"{'bus': 18.0, 'electric_bicycle': 1.0, 'passenger': 74.0, 'truck': 10.0}",True
0,0,900,demo_18,northeast,right,36,36.0,0.0,0.0,0.0,"{'bus': 6.0, 'electric_bicycle': 0.5, 'passenger': 27.0, 'truck': 2.5}",True
0,0,900,demo_18,northeast,through,131,131.0,0.0,0.0,0.0,"{'bus': 22.0, 'electric_bicycle': 1.5, 'passenger': 95.0, 'truck': 12.5}",True
0,0,900,demo_18,northwest,left,57,57.0,0.0,0.0,0.0,"{'bus': 10.0, 'electric_bicycle': 0.5, 'passenger': 39.0, 'truck': 7.5}",True
0,0,900,demo_18,northwest,right,31,31.0,0.0,0.0,0.0,"{'bus': 6.0, 'electric_bicycle': 0.5, 'passenger': 22.0, 'truck': 2.5}",True
0,0,900,demo_18,northwest,through,67,67.0,0.0,0.0,0.0,"{'bus': 12.0, 'electric_bicycle': 0.5, 'passenger': 47.0, 'truck': 7.5}",True
0,0,900,demo_18,southeast,left,56,56.0,0.0,0.0,0.0,"{'bus': 10.0, 'electric_bicycle': 0.5, 'passenger': 38.0, 'truck': 7.5}",True
0,0,900,demo_18,southeast,right,26,26.0,0.0,0.0,0.0,"{'bus': 4.0, 'electric_bicycle': 0.5, 'passenger': 19.0, 'truck': 2.5}",True
0,0,900,demo_18,southeast,through,102,102.0,0.0,0.0,0.0,"{'bus': 18.0, 'electric_bicycle': 1.0, 'passenger': 73.0, 'truck': 10.0}",True
0,0,900,demo_18,southwest,left,71,71.0,0.0,0.0,0.0,"{'bus': 12.0, 'electric_bicycle': 0.5, 'passenger': 51.0, 'truck': 7.5}",True
0,0,900,demo_18,southwest,right,68,68.0,0.0,0.0,0.0,"{'bus': 12.0, 'electric_bicycle': 1.0, 'passenger': 50.0, 'truck': 5.0}",True
0,0,900,demo_18,southwest,through,92,92.0,0.0,0.0,0.0,"{'bus': 16.0, 'electric_bicycle': 1.0, 'passenger': 65.0, 'truck': 10.0}",True
0,0,900,demo_19,northeast,left,15,15.0,0.0,0.0,0.0,"{'bus': 2.0, 'electric_bicycle': 0.5, 'passenger': 10.0, 'truck': 2.5}",True
0,0,900,demo_19,northeast,right,76,76.0,0.0,0.0,0.0,"{'bus': 14.0, 'electric_bicycle': 0.5, 'passenger': 54.0, 'truck': 7.5}",True
0,0,900,demo_19,northeast,through,91,91.0,0.0,0.0,0.0,"{'bus': 16.0, 'electric_bicycle': 1.0, 'passenger': 64.0, 'truck': 10.0}",True
0,0,900,demo_19,northwest,left,52,52.0,0.0,0.0,0.0,"{'bus': 8.0, 'electric_bicycle': 0.5, 'passenger': 36.0, 'truck': 7.5}",True
0,0,900,demo_19,northwest,right,27,27.0,0.0,0.0,0.0,"{'bus': 4.0, 'electric_bicycle': 0.5, 'passenger': 20.0, 'truck': 2.5}",True
0,0,900,demo_19,northwest,through,78,78.0,0.0,0.0,0.0,"{'bus': 14.0, 'electric_bicycle': 0.5, 'passenger': 56.0, 'truck': 7.5}",True
0,0,900,demo_19,southeast,left,32,32.0,0.0,0.0,0.0,"{'bus': 6.0, 'electric_bicycle': 0.5, 'passenger': 23.0, 'truck': 2.5}",True
0,0,900,demo_19,southeast,right,18,18.0,0.0,0.0,0.0,"{'bus': 2.0, 'electric_bicycle': 0.5, 'passenger': 13.0, 'truck': 2.5}",True
0,0,900,demo_19,southeast,through,76,76.0,0.0,0.0,0.0,"{'bus': 14.0, 'electric_bicycle': 0.5, 'passenger': 54.0, 'truck': 7.5}",True
0,0,900,demo_19,southwest,left,88,88.0,0.0,0.0,0.0,"{'bus': 14.0, 'electric_bicycle': 1.0, 'passenger': 63.0, 'truck': 10.0}",True
0,0,900,demo_19,southwest,right,16,16.0,0.0,0.0,0.0,"{'bus': 2.0, 'electric_bicycle': 0.5, 'passenger': 11.0, 'truck': 2.5}",True
0,0,900,demo_19,southwest,through,39,39.0,0.0,0.0,0.0,"{'bus': 8.0, 'electric_bicycle': 0.5, 'passenger': 28.0, 'truck': 2.5}",True
0,0,900,demo_2,north,right,32,32.0,0.0,0.0,0.0,"{'bus': 6.0, 'electric_bicycle': 0.5, 'passenger': 23.0, 'truck': 2.5}",True
0,0,900,demo_2,north,through,73,73.0,0.0,0.0,0.0,"{'bus': 12.0, 'electric_bicycle': 0.5, 'passenger': 53.0, 'truck': 7.5}",True
0,0,900,demo_2,south,left,42,42.0,0.0,0.0,0.0,"{'bus': 8.0, 'electric_bicycle': 0.5, 'passenger': 31.0, 'truck': 2.5}",True
0,0,900,demo_2,south,through,51,51.0,0.0,0.0,0.0,"{'bus': 8.0, 'electric_bicycle': 0.5, 'passenger': 35.0, 'truck': 7.5}",True
0,0,900,demo_2,west,left,39,39.0,0.0,0.0,0.0,"{'bus': 8.0, 'electric_bicycle': 0.5, 'passenger': 28.0, 'truck': 2.5}",True
0,0,900,demo_2,west,right,50,50.0,0.0,0.0,0.0,"{'bus': 8.0, 'electric_bicycle': 0.5, 'passenger': 34.0, 'truck': 7.5}",True
0,0,900,demo_20,east,left,17,17.0,0.0,0.0,0.0,"{'bus': 2.0, 'electric_bicycle': 0.5, 'passenger': 12.0, 'truck': 2.5}",True
0,0,900,demo_20,east,right,16,16.0,0.0,0.0,0.0,"{'bus': 2.0, 'electric_bicycle': 0.5, 'passenger': 11.0, 'truck': 2.5}",True
0,0,900,demo_20,east,through,28,28.0,0.0,0.0,0.0,"{'bus': 4.0, 'electric_bicycle': 0.5, 'passenger': 21.0, 'truck': 2.5}",True
0,0,900,demo_20,north,left,24,24.0,0.0,0.0,0.0,"{'bus': 4.0, 'electric_bicycle': 0.5, 'passenger': 17.0, 'truck': 2.5}",True
0,0,900,demo_20,north,right,23,23.0,0.0,0.0,0.0,"{'bus': 4.0, 'electric_bicycle': 0.5, 'passenger': 16.0, 'truck': 2.5}",True
0,0,900,demo_20,north,through,37,37.0,0.0,0.0,0.0,"{'bus': 6.0, 'electric_bicycle': 0.5, 'passenger': 28.0, 'truck': 2.5}",True
0,0,900,demo_20,south,left,37,37.0,0.0,0.0,0.0,"{'bus': 6.0, 'electric_bicycle': 0.5, 'passenger': 28.0, 'truck': 2.5}",True
0,0,900,demo_20,south,right,36,36.0,0.0,0.0,0.0,"{'bus': 6.0, 'electric_bicycle': 0.5, 'passenger': 27.0, 'truck': 2.5}",True
0,0,900,demo_20,south,through,59,59.0,0.0,0.0,0.0,"{'bus': 10.0, 'electric_bicycle': 0.5, 'passenger': 41.0, 'truck': 7.5}",True
0,0,900,demo_20,west,left,11,11.0,0.0,0.0,0.0,"{'bus': 2.0, 'electric_bicycle': 0.0, 'passenger': 9.0, 'truck': 0.0}",True
0,0,900,demo_20,west,right,11,11.0,0.0,0.0,0.0,"{'bus': 2.0, 'electric_bicycle': 0.0, 'passenger': 9.0, 'truck': 0.0}",True
0,0,900,demo_20,west,through,19,19.0,0.0,0.0,0.0,"{'bus': 4.0, 'electric_bicycle': 0.5, 'passenger': 12.0, 'truck': 2.5}",True
0,0,900,demo_3,east,left,9,9.0,0.0,0.0,0.0,"{'bus': 2.0, 'electric_bicycle': 0.0, 'passenger': 7.0, 'truck': 0.0}",True
0,0,900,demo_3,east,right,27,27.0,0.0,0.0,0.0,"{'bus': 4.0, 'electric_bicycle': 0.5, 'passenger': 20.0, 'truck': 2.5}",True
0,0,900,demo_3,east,through,60,60.0,0.0,0.0,0.0,"{'bus': 10.0, 'electric_bicycle': 0.5, 'passenger': 42.0, 'truck': 7.5}",True
0,0,900,demo_3,north,left,39,39.0,0.0,0.0,0.0,"{'bus': 8.0, 'electric_bicycle': 0.5, 'passenger': 28.0, 'truck': 2.5}",True
0,0,900,demo_3,north,right,25,25.0,0.0,0.0,0.0,"{'bus': 4.0, 'electric_bicycle': 0.5, 'passenger': 18.0, 'truck': 2.5}",True
0,0,900,demo_3,north,through,18,18.0,0.0,0.0,0.0,"{'bus': 2.0, 'electric_bicycle': 0.5, 'passenger': 13.0, 'truck': 2.5}",True
0,0,900,demo_3,south,left,23,23.0,0.0,0.0,0.0,"{'bus': 4.0, 'electric_bicycle': 0.5, 'passenger': 16.0, 'truck': 2.5}",True
0,0,900,demo_3,south,right,31,31.0,0.0,0.0,0.0,"{'bus': 6.0, 'electric_bicycle': 0.5, 'passenger': 22.0, 'truck': 2.5}",True
0,0,900,demo_3,south,through,26,26.0,0.0,0.0,0.0,"{'bus': 4.0, 'electric_bicycle': 0.5, 'passenger': 19.0, 'truck': 2.5}",True
0,0,900,demo_3,west,left,20,20.0,0.0,0.0,0.0,"{'bus': 4.0, 'electric_bicycle': 0.5, 'passenger': 13.0, 'truck': 2.5}",True
0,0,900,demo_3,west,right,19,19.0,0.0,0.0,0.0,"{'bus': 4.0, 'electric_bicycle': 0.5, 'passenger': 12.0, 'truck': 2.5}",True
0,0,900,demo_3,west,through,67,67.0,0.0,0.0,0.0,"{'bus': 12.0, 'electric_bicycle': 0.5, 'passenger': 47.0, 'truck': 7.5}",True
0,0,900,demo_4,east,left,48,48.0,0.0,0.0,0.0,"{'bus': 8.0, 'electric_bicycle': 0.5, 'passenger': 32.0, 'truck': 7.5}",True
0,0,900,demo_4,east,right,42,42.0,0.0,0.0,0.0,"{'bus': 8.0, 'electric_bicycle': 0.5, 'passenger': 31.0, 'truck': 2.5}",True
0,0,900,demo_4,east,through,42,42.0,0.0,0.0,0.0,"{'bus': 8.0, 'electric_bicycle': 0.5, 'passenger': 31.0, 'truck': 2.5}",True
0,0,900,demo_4,north,left,39,39.0,0.0,0.0,0.0,"{'bus': 8.0, 'electric_bicycle': 0.5, 'passenger': 28.0, 'truck': 2.5}",True
0,0,900,demo_4,north,right,37,37.0,0.0,0.0,0.0,"{'bus': 6.0, 'electric_bicycle': 0.5, 'passenger': 28.0, 'truck': 2.5}",True
0,0,900,demo_4,north,through,53,53.0,0.0,0.0,0.0,"{'bus': 8.0, 'electric_bicycle': 0.5, 'passenger': 37.0, 'truck': 7.5}",True
0,0,900,demo_4,south,left,36,36.0,0.0,0.0,0.0,"{'bus': 6.0, 'electric_bicycle': 0.5, 'passenger': 27.0, 'truck': 2.5}",True
0,0,900,demo_4,south,right,34,34.0,0.0,0.0,0.0,"{'bus': 6.0, 'electric_bicycle': 0.5, 'passenger': 25.0, 'truck': 2.5}",True
0,0,900,demo_4,south,through,70,70.0,0.0,0.0,0.0,"{'bus': 12.0, 'electric_bicycle': 0.5, 'passenger': 50.0, 'truck': 7.5}",True
0,0,900,demo_4,west,left,19,19.0,0.0,0.0,0.0,"{'bus': 4.0, 'electric_bicycle': 0.5, 'passenger': 12.0, 'truck': 2.5}",True
0,0,900,demo_4,west,right,34,34.0,0.0,0.0,0.0,"{'bus': 6.0, 'electric_bicycle': 0.5, 'passenger': 25.0, 'truck': 2.5}",True
0,0,900,demo_4,west,through,59,59.0,0.0,0.0,0.0,"{'bus': 10.0, 'electric_bicycle': 0.5, 'passenger': 41.0, 'truck': 7.5}",True
0,0,900,demo_5,east,left,71,71.0,0.0,0.0,0.0,"{'bus': 12.0, 'electric_bicycle': 0.5, 'passenger': 51.0, 'truck': 7.5}",True
0,0,900,demo_5,east,through,70,70.0,0.0,0.0,0.0,"{'bus': 12.0, 'electric_bicycle': 0.5, 'passenger': 50.0, 'truck': 7.5}",True
0,0,900,demo_5,south,left,70,70.0,0.0,0.0,0.0,"{'bus': 12.0, 'electric_bicycle': 0.5, 'passenger': 50.0, 'truck': 7.5}",True
0,0,900,demo_5,south,right,105,105.0,0.0,0.0,0.0,"{'bus': 18.0, 'electric_bicycle': 1.0, 'passenger': 76.0, 'truck': 10.0}",True
0,0,900,demo_5,west,right,56,56.0,0.0,0.0,0.0,"{'bus': 10.0, 'electric_bicycle': 0.5, 'passenger': 38.0, 'truck': 7.5}",True
0,0,900,demo_5,west,through,130,130.0,0.0,0.0,0.0,"{'bus': 22.0, 'electric_bicycle': 1.5, 'passenger': 94.0, 'truck': 12.5}",True
0,0,900,demo_6,east,left,67,67.0,0.0,0.0,0.0,"{'bus': 12.0, 'electric_bicycle': 0.5, 'passenger': 47.0, 'truck': 7.5}",True
0,0,900,demo_6,east,right,59,59.0,0.0,0.0,0.0,"{'bus': 10.0, 'electric_bicycle': 0.5, 'passenger': 41.0, 'truck': 7.5}",True
0,0,900,demo_6,east,through,74,74.0,0.0,0.0,0.0,"{'bus': 12.0, 'electric_bicycle': 0.5, 'passenger': 54.0, 'truck': 7.5}",True
0,0,900,demo_6,north,left,19,19.0,0.0,0.0,0.0,"{'bus': 4.0, 'electric_bicycle': 0.5, 'passenger': 12.0, 'truck': 2.5}",True
0,0,900,demo_6,north,right,18,18.0,0.0,0.0,0.0,"{'bus': 2.0, 'electric_bicycle': 0.5, 'passenger': 13.0, 'truck': 2.5}",True
0,0,900,demo_6,north,through,71,71.0,0.0,0.0,0.0,"{'bus': 12.0, 'electric_bicycle': 0.5, 'passenger': 51.0, 'truck': 7.5}",True
0,0,900,demo_6,south,left,52,52.0,0.0,0.0,0.0,"{'bus': 8.0, 'electric_bicycle': 0.5, 'passenger': 36.0, 'truck': 7.5}",True
0,0,900,demo_6,south,right,32,32.0,0.0,0.0,0.0,"{'bus': 6.0, 'electric_bicycle': 0.5, 'passenger': 23.0, 'truck': 2.5}",True
0,0,900,demo_6,south,through,56,56.0,0.0,0.0,0.0,"{'bus': 10.0, 'electric_bicycle': 0.5, 'passenger': 38.0, 'truck': 7.5}",True
0,0,900,demo_6,west,left,53,53.0,0.0,0.0,0.0,"{'bus': 8.0, 'electric_bicycle': 0.5, 'passenger': 37.0, 'truck': 7.5}",True
0,0,900,demo_6,west,right,59,59.0,0.0,0.0,0.0,"{'bus': 10.0, 'electric_bicycle': 0.5, 'passenger': 41.0, 'truck': 7.5}",True
0,0,900,demo_6,west,through,52,52.0,0.0,0.0,0.0,"{'bus': 8.0, 'electric_bicycle': 0.5, 'passenger': 36.0, 'truck': 7.5}",True
0,0,900,demo_7,east,left,32,32.0,0.0,0.0,0.0,"{'bus': 6.0, 'electric_bicycle': 0.5, 'passenger': 23.0, 'truck': 2.5}",True
0,0,900,demo_7,east,right,135,135.0,0.0,0.0,0.0,"{'bus': 24.0, 'electric_bicycle': 1.5, 'passenger': 97.0, 'truck': 12.5}",True
0,0,900,demo_7,south,right,57,57.0,0.0,0.0,0.0,"{'bus': 10.0, 'electric_bicycle': 0.5, 'passenger': 39.0, 'truck': 7.5}",True
0,0,900,demo_7,south,through,134,134.0,0.0,0.0,0.0,"{'bus': 24.0, 'electric_bicycle': 1.5, 'passenger': 96.0, 'truck': 12.5}",True
0,0,900,demo_7,west,left,78,78.0,0.0,0.0,0.0,"{'bus': 14.0, 'electric_bicycle': 0.5, 'passenger': 56.0, 'truck': 7.5}",True
0,0,900,demo_7,west,through,79,79.0,0.0,0.0,0.0,"{'bus': 14.0, 'electric_bicycle': 0.5, 'passenger': 57.0, 'truck': 7.5}",True
0,0,900,demo_8,east,left,42,42.0,0.0,0.0,0.0,"{'bus': 8.0, 'electric_bicycle': 0.5, 'passenger': 31.0, 'truck': 2.5}",True
0,0,900,demo_8,east,right,25,25.0,0.0,0.0,0.0,"{'bus': 4.0, 'electric_bicycle': 0.5, 'passenger': 18.0, 'truck': 2.5}",True
0,0,900,demo_8,east,through,102,102.0,0.0,0.0,0.0,"{'bus': 18.0, 'electric_bicycle': 1.0, 'passenger': 73.0, 'truck': 10.0}",True
0,0,900,demo_8,north,left,35,35.0,0.0,0.0,0.0,"{'bus': 6.0, 'electric_bicycle': 0.5, 'passenger': 26.0, 'truck': 2.5}",True
0,0,900,demo_8,north,right,30,30.0,0.0,0.0,0.0,"{'bus': 6.0, 'electric_bicycle': 0.5, 'passenger': 21.0, 'truck': 2.5}",True
0,0,900,demo_8,north,through,121,121.0,0.0,0.0,0.0,"{'bus': 20.0, 'electric_bicycle': 1.5, 'passenger': 87.0, 'truck': 12.5}",True
0,0,900,demo_8,south,left,33,33.0,0.0,0.0,0.0,"{'bus': 6.0, 'electric_bicycle': 0.5, 'passenger': 24.0, 'truck': 2.5}",True
0,0,900,demo_8,south,right,23,23.0,0.0,0.0,0.0,"{'bus': 4.0, 'electric_bicycle': 0.5, 'passenger': 16.0, 'truck': 2.5}",True
0,0,900,demo_8,south,through,105,105.0,0.0,0.0,0.0,"{'bus': 18.0, 'electric_bicycle': 1.0, 'passenger': 76.0, 'truck': 10.0}",True
0,0,900,demo_8,west,left,32,32.0,0.0,0.0,0.0,"{'bus': 6.0, 'electric_bicycle': 0.5, 'passenger': 23.0, 'truck': 2.5}",True
0,0,900,demo_8,west,right,26,26.0,0.0,0.0,0.0,"{'bus': 4.0, 'electric_bicycle': 0.5, 'passenger': 19.0, 'truck': 2.5}",True
0,0,900,demo_8,west,through,112,112.0,0.0,0.0,0.0,"{'bus': 20.0, 'electric_bicycle': 1.0, 'passenger': 81.0, 'truck': 10.0}",True
0,0,900,demo_9,east,left,23,23.0,0.0,0.0,0.0,"{'bus': 4.0, 'electric_bicycle': 0.5, 'passenger': 16.0, 'truck': 2.5}",True
0,0,900,demo_9,east,right,48,48.0,0.0,0.0,0.0,"{'bus': 8.0, 'electric_bicycle': 1.0, 'passenger': 34.0, 'truck': 5.0}",True
0,0,900,demo_9,east,through,10,10.0,0.0,0.0,0.0,"{'bus': 2.0, 'electric_bicycle': 0.0, 'passenger': 8.0, 'truck': 0.0}",True
0,0,900,demo_9,north,left,40,40.0,0.0,0.0,0.0,"{'bus': 6.0, 'electric_bicycle': 1.0, 'passenger': 28.0, 'truck': 5.0}",True
0,0,900,demo_9,north,right,11,11.0,0.0,0.0,0.0,"{'bus': 2.0, 'electric_bicycle': 0.0, 'passenger': 9.0, 'truck': 0.0}",True
0,0,900,demo_9,north,through,55,55.0,0.0,0.0,0.0,"{'bus': 8.0, 'electric_bicycle': 0.5, 'passenger': 39.0, 'truck': 7.5}",True
0,0,900,demo_9,northeast,left,34,34.0,0.0,0.0,0.0,"{'bus': 6.0, 'electric_bicycle': 0.5, 'passenger': 25.0, 'truck': 2.5}",True
0,0,900,demo_9,northeast,right,36,36.0,0.0,0.0,0.0,"{'bus': 6.0, 'electric_bicycle': 0.5, 'passenger': 27.0, 'truck': 2.5}",True
0,0,900,demo_9,northeast,through,0,0.0,0.0,,0.0,"{'bus': 0.0, 'electric_bicycle': 0.0, 'passenger': 0.0, 'truck': 0.0}",True
0,0,900,demo_9,south,left,29,29.0,0.0,0.0,0.0,"{'bus': 6.0, 'electric_bicycle': 0.5, 'passenger': 20.0, 'truck': 2.5}",True
0,0,900,demo_9,south,right,31,31.0,0.0,0.0,0.0,"{'bus': 6.0, 'electric_bicycle': 0.5, 'passenger': 22.0, 'truck': 2.5}",True
0,0,900,demo_9,south,through,42,42.0,0.0,0.0,0.0,"{'bus': 8.0, 'electric_bicycle': 0.5, 'passenger': 31.0, 'truck': 2.5}",True
0,0,900,demo_9,west,left,27,27.0,0.0,0.0,0.0,"{'bus': 4.0, 'electric_bicycle': 0.5, 'passenger': 20.0, 'truck': 2.5}",True
0,0,900,demo_9,west,right,36,36.0,0.0,0.0,0.0,"{'bus': 6.0, 'electric_bicycle': 0.5, 'passenger': 27.0, 'truck': 2.5}",True
0,0,900,demo_9,west,through,9,9.0,0.0,0.0,0.0,"{'bus': 2.0, 'electric_bicycle': 0.0, 'passenger': 7.0, 'truck': 0.0}",True
1,900,1800,demo_1,east,left,33,33.0,0.0,0.0,0.0,"{'bus': 6.0, 'electric_bicycle': 0.5, 'passenger': 24.0, 'truck': 2.5}",True
1,900,1800,demo_1,east,right,45,45.0,0.0,0.0,0.0,"{'bus': 8.0, 'electric_bicycle': 0.5, 'passenger': 34.0, 'truck': 2.5}",True
1,900,1800,demo_1,east,through,46,46.0,0.0,0.0,0.0,"{'bus': 8.0, 'electric_bicycle': 0.5, 'passenger': 35.0, 'truck': 2.5}",True
1,900,1800,demo_1,north,left,42,42.0,0.0,0.0,0.0,"{'bus': 8.0, 'electric_bicycle': 0.5, 'passenger': 31.0, 'truck': 2.5}",True
1,900,1800,demo_1,north,right,38,38.0,0.0,0.0,0.0,"{'bus': 6.0, 'electric_bicycle': 0.5, 'passenger': 29.0, 'truck': 2.5}",True
1,900,1800,demo_1,north,through,79,79.0,0.0,0.0,0.0,"{'bus': 14.0, 'electric_bicycle': 0.5, 'passenger': 57.0, 'truck': 7.5}",True
1,900,1800,demo_1,south,left,46,46.0,0.0,0.0,0.0,"{'bus': 8.0, 'electric_bicycle': 0.5, 'passenger': 35.0, 'truck': 2.5}",True
1,900,1800,demo_1,south,right,34,34.0,0.0,0.0,0.0,"{'bus': 6.0, 'electric_bicycle': 0.5, 'passenger': 25.0, 'truck': 2.5}",True
1,900,1800,demo_1,south,through,39,39.0,0.0,0.0,0.0,"{'bus': 8.0, 'electric_bicycle': 0.5, 'passenger': 28.0, 'truck': 2.5}",True
1,900,1800,demo_1,west,left,67,67.0,0.0,0.0,0.0,"{'bus': 12.0, 'electric_bicycle': 0.5, 'passenger': 47.0, 'truck': 7.5}",True
1,900,1800,demo_1,west,right,32,32.0,0.0,0.0,0.0,"{'bus': 6.0, 'electric_bicycle': 0.5, 'passenger': 23.0, 'truck': 2.5}",True
1,900,1800,demo_1,west,through,79,79.0,0.0,0.0,0.0,"{'bus': 14.0, 'electric_bicycle': 0.5, 'passenger': 57.0, 'truck': 7.5}",True
1,900,1800,demo_10,east,left,47,47.0,0.0,0.0,0.0,"{'bus': 8.0, 'electric_bicycle': 0.5, 'passenger': 36.0, 'truck': 2.5}",True
1,900,1800,demo_10,east,through,80,80.0,0.0,0.0,0.0,"{'bus': 14.0, 'electric_bicycle': 1.0, 'passenger': 55.0, 'truck': 10.0}",True
1,900,1800,demo_10,south,left,77,77.0,0.0,0.0,0.0,"{'bus': 14.0, 'electric_bicycle': 0.5, 'passenger': 55.0, 'truck': 7.5}",True
1,900,1800,demo_10,south,right,84,84.0,0.0,0.0,0.0,"{'bus': 14.0, 'electric_bicycle': 1.0, 'passenger': 59.0, 'truck': 10.0}",True
1,900,1800,demo_10,west,right,78,78.0,0.0,0.0,0.0,"{'bus': 14.0, 'electric_bicycle': 0.5, 'passenger': 56.0, 'truck': 7.5}",True
1,900,1800,demo_10,west,through,98,98.0,0.0,0.0,0.0,"{'bus': 16.0, 'electric_bicycle': 1.0, 'passenger': 71.0, 'truck': 10.0}",True
1,900,1800,demo_11,east,left,72,72.0,0.0,0.0,0.0,"{'bus': 12.0, 'electric_bicycle': 0.5, 'passenger': 52.0, 'truck': 7.5}",True
1,900,1800,demo_11,east,right,68,68.0,0.0,0.0,0.0,"{'bus': 12.0, 'electric_bicycle': 0.5, 'passenger': 48.0, 'truck': 7.5}",True
1,900,1800,demo_11,east,through,102,102.0,0.0,0.0,0.0,"{'bus': 18.0, 'electric_bicycle': 1.0, 'passenger': 73.0, 'truck': 10.0}",True
1,900,1800,demo_11,north,left,68,68.0,0.0,0.0,0.0,"{'bus': 12.0, 'electric_bicycle': 0.5, 'passenger': 48.0, 'truck': 7.5}",True
1,900,1800,demo_11,north,right,66,66.0,0.0,0.0,0.0,"{'bus': 12.0, 'electric_bicycle': 0.5, 'passenger': 46.0, 'truck': 7.5}",True
1,900,1800,demo_11,north,through,95,95.0,0.0,0.0,0.0,"{'bus': 16.0, 'electric_bicycle': 1.0, 'passenger': 68.0, 'truck': 10.0}",True
1,900,1800,demo_11,south,left,44,44.0,0.0,0.0,0.0,"{'bus': 8.0, 'electric_bicycle': 0.5, 'passenger': 33.0, 'truck': 2.5}",True
1,900,1800,demo_11,south,right,41,41.0,0.0,0.0,0.0,"{'bus': 8.0, 'electric_bicycle': 0.5, 'passenger': 30.0, 'truck': 2.5}",True
1,900,1800,demo_11,south,through,58,58.0,0.0,0.0,0.0,"{'bus': 10.0, 'electric_bicycle': 0.5, 'passenger': 40.0, 'truck': 7.5}",True
1,900,1800,demo_11,west,left,76,76.0,0.0,0.0,0.0,"{'bus': 14.0, 'electric_bicycle': 0.5, 'passenger': 54.0, 'truck': 7.5}",True
1,900,1800,demo_11,west,right,69,69.0,0.0,0.0,0.0,"{'bus': 12.0, 'electric_bicycle': 0.5, 'passenger': 49.0, 'truck': 7.5}",True
1,900,1800,demo_11,west,through,108,108.0,0.0,0.0,0.0,"{'bus': 20.0, 'electric_bicycle': 1.0, 'passenger': 77.0, 'truck': 10.0}",True
1,900,1800,demo_12,east,left,46,46.0,0.0,0.0,0.0,"{'bus': 8.0, 'electric_bicycle': 0.5, 'passenger': 35.0, 'truck': 2.5}",True
1,900,1800,demo_12,east,right,33,33.0,0.0,0.0,0.0,"{'bus': 6.0, 'electric_bicycle': 0.5, 'passenger': 24.0, 'truck': 2.5}",True
1,900,1800,demo_12,east,through,85,85.0,0.0,0.0,0.0,"{'bus': 14.0, 'electric_bicycle': 1.0, 'passenger': 60.0, 'truck': 10.0}",True
1,900,1800,demo_12,north,left,46,46.0,0.0,0.0,0.0,"{'bus': 8.0, 'electric_bicycle': 0.5, 'passenger': 35.0, 'truck': 2.5}",True
1,900,1800,demo_12,north,right,24,24.0,0.0,0.0,0.0,"{'bus': 4.0, 'electric_bicycle': 0.5, 'passenger': 17.0, 'truck': 2.5}",True
1,900,1800,demo_12,north,through,52,52.0,0.0,0.0,0.0,"{'bus': 8.0, 'electric_bicycle': 0.5, 'passenger': 36.0, 'truck': 7.5}",True
1,900,1800,demo_12,south,left,38,38.0,0.0,0.0,0.0,"{'bus': 6.0, 'electric_bicycle': 0.5, 'passenger': 29.0, 'truck': 2.5}",True
1,900,1800,demo_12,south,right,27,27.0,0.0,0.0,0.0,"{'bus': 4.0, 'electric_bicycle': 0.5, 'passenger': 20.0, 'truck': 2.5}",True
1,900,1800,demo_12,south,through,72,72.0,0.0,0.0,0.0,"{'bus': 12.0, 'electric_bicycle': 0.5, 'passenger': 52.0, 'truck': 7.5}",True
1,900,1800,demo_12,west,left,42,42.0,0.0,0.0,0.0,"{'bus': 8.0, 'electric_bicycle': 0.5, 'passenger': 31.0, 'truck': 2.5}",True
1,900,1800,demo_12,west,right,30,30.0,0.0,0.0,0.0,"{'bus': 6.0, 'electric_bicycle': 0.5, 'passenger': 21.0, 'truck': 2.5}",True
1,900,1800,demo_12,west,through,79,79.0,0.0,0.0,0.0,"{'bus': 14.0, 'electric_bicycle': 0.5, 'passenger': 57.0, 'truck': 7.5}",True
1,900,1800,demo_13,east,right,88,88.0,0.0,0.0,0.0,"{'bus': 14.0, 'electric_bicycle': 1.0, 'passenger': 63.0, 'truck': 10.0}",True
1,900,1800,demo_13,east,through,72,72.0,0.0,0.0,0.0,"{'bus': 12.0, 'electric_bicycle': 0.5, 'passenger': 52.0, 'truck': 7.5}",True
1,900,1800,demo_13,north,right,84,84.0,0.0,0.0,0.0,"{'bus': 14.0, 'electric_bicycle': 1.0, 'passenger': 59.0, 'truck': 10.0}",True
1,900,1800,demo_14,east,left,88,88.0,0.0,0.0,0.0,"{'bus': 14.0, 'electric_bicycle': 1.0, 'passenger': 63.0, 'truck': 10.0}",True
1,900,1800,demo_14,east,right,109,109.0,0.0,0.0,0.0,"{'bus': 20.0, 'electric_bicycle': 1.0, 'passenger': 78.0, 'truck': 10.0}",True
1,900,1800,demo_14,north,left,61,61.0,0.0,0.0,0.0,"{'bus': 10.0, 'electric_bicycle': 0.5, 'passenger': 43.0, 'truck': 7.5}",True
1,900,1800,demo_14,north,through,85,85.0,0.0,0.0,0.0,"{'bus': 14.0, 'electric_bicycle': 1.0, 'passenger': 60.0, 'truck': 10.0}",True
1,900,1800,demo_14,south,right,76,76.0,0.0,0.0,0.0,"{'bus': 14.0, 'electric_bicycle': 0.5, 'passenger': 54.0, 'truck': 7.5}",True
1,900,1800,demo_14,south,through,45,45.0,0.0,0.0,0.0,"{'bus': 8.0, 'electric_bicycle': 0.5, 'passenger': 34.0, 'truck': 2.5}",True
1,900,1800,demo_15,east,left,36,36.0,0.0,0.0,0.0,"{'bus': 6.0, 'electric_bicycle': 0.5, 'passenger': 27.0, 'truck': 2.5}",True
1,900,1800,demo_15,east,right,35,35.0,0.0,0.0,0.0,"{'bus': 6.0, 'electric_bicycle': 0.5, 'passenger': 26.0, 'truck': 2.5}",True
1,900,1800,demo_15,east,through,85,85.0,0.0,0.0,0.0,"{'bus': 14.0, 'electric_bicycle': 1.0, 'passenger': 60.0, 'truck': 10.0}",True
1,900,1800,demo_15,north,left,78,78.0,0.0,0.0,0.0,"{'bus': 14.0, 'electric_bicycle': 0.5, 'passenger': 56.0, 'truck': 7.5}",True
1,900,1800,demo_15,north,right,68,68.0,0.0,0.0,0.0,"{'bus': 12.0, 'electric_bicycle': 0.5, 'passenger': 48.0, 'truck': 7.5}",True
1,900,1800,demo_15,north,through,82,82.0,0.0,0.0,0.0,"{'bus': 14.0, 'electric_bicycle': 1.0, 'passenger': 57.0, 'truck': 10.0}",True
1,900,1800,demo_15,south,left,25,25.0,0.0,0.0,0.0,"{'bus': 4.0, 'electric_bicycle': 0.5, 'passenger': 18.0, 'truck': 2.5}",True
1,900,1800,demo_15,south,right,81,81.0,0.0,0.0,0.0,"{'bus': 14.0, 'electric_bicycle': 1.0, 'passenger': 56.0, 'truck': 10.0}",True
1,900,1800,demo_15,south,through,95,95.0,0.0,0.0,0.0,"{'bus': 16.0, 'electric_bicycle': 1.0, 'passenger': 68.0, 'truck': 10.0}",True
1,900,1800,demo_15,west,left,68,68.0,0.0,0.0,0.0,"{'bus': 12.0, 'electric_bicycle': 0.5, 'passenger': 48.0, 'truck': 7.5}",True
1,900,1800,demo_15,west,right,38,38.0,0.0,0.0,0.0,"{'bus': 6.0, 'electric_bicycle': 0.5, 'passenger': 29.0, 'truck': 2.5}",True
1,900,1800,demo_15,west,through,92,92.0,0.0,0.0,0.0,"{'bus': 16.0, 'electric_bicycle': 1.0, 'passenger': 65.0, 'truck': 10.0}",True
1,900,1800,demo_16,east,left,43,43.0,0.0,0.0,0.0,"{'bus': 8.0, 'electric_bicycle': 0.5, 'passenger': 32.0, 'truck': 2.5}",True
1,900,1800,demo_16,east,right,44,44.0,0.0,0.0,0.0,"{'bus': 8.0, 'electric_bicycle': 0.5, 'passenger': 33.0, 'truck': 2.5}",True
1,900,1800,demo_16,east,through,58,58.0,0.0,0.0,0.0,"{'bus': 10.0, 'electric_bicycle': 0.5, 'passenger': 40.0, 'truck': 7.5}",True
1,900,1800,demo_16,north,left,35,35.0,0.0,0.0,0.0,"{'bus': 6.0, 'electric_bicycle': 0.5, 'passenger': 26.0, 'truck': 2.5}",True
1,900,1800,demo_16,north,right,36,36.0,0.0,0.0,0.0,"{'bus': 6.0, 'electric_bicycle': 0.5, 'passenger': 27.0, 'truck': 2.5}",True
1,900,1800,demo_16,north,through,38,38.0,0.0,0.0,0.0,"{'bus': 6.0, 'electric_bicycle': 0.5, 'passenger': 29.0, 'truck': 2.5}",True
1,900,1800,demo_16,south,left,37,37.0,0.0,0.0,0.0,"{'bus': 6.0, 'electric_bicycle': 0.5, 'passenger': 28.0, 'truck': 2.5}",True
1,900,1800,demo_16,south,right,46,46.0,0.0,0.0,0.0,"{'bus': 8.0, 'electric_bicycle': 0.5, 'passenger': 35.0, 'truck': 2.5}",True
1,900,1800,demo_16,south,through,63,63.0,0.0,0.0,0.0,"{'bus': 10.0, 'electric_bicycle': 0.5, 'passenger': 45.0, 'truck': 7.5}",True
1,900,1800,demo_16,west,left,46,46.0,0.0,0.0,0.0,"{'bus': 8.0, 'electric_bicycle': 0.5, 'passenger': 35.0, 'truck': 2.5}",True
1,900,1800,demo_16,west,right,36,36.0,0.0,0.0,0.0,"{'bus': 6.0, 'electric_bicycle': 0.5, 'passenger': 27.0, 'truck': 2.5}",True
1,900,1800,demo_16,west,through,63,63.0,0.0,0.0,0.0,"{'bus': 10.0, 'electric_bicycle': 0.5, 'passenger': 45.0, 'truck': 7.5}",True
1,900,1800,demo_17,east,left,103,103.0,0.0,0.0,0.0,"{'bus': 18.0, 'electric_bicycle': 1.0, 'passenger': 74.0, 'truck': 10.0}",True
1,900,1800,demo_17,east,right,68,68.0,0.0,0.0,0.0,"{'bus': 12.0, 'electric_bicycle': 0.5, 'passenger': 48.0, 'truck': 7.5}",True
1,900,1800,demo_17,north,left,85,85.0,0.0,0.0,0.0,"{'bus': 14.0, 'electric_bicycle': 1.0, 'passenger': 60.0, 'truck': 10.0}",True
1,900,1800,demo_17,north,through,58,58.0,0.0,0.0,0.0,"{'bus': 10.0, 'electric_bicycle': 0.5, 'passenger': 40.0, 'truck': 7.5}",True
1,900,1800,demo_17,south,right,98,98.0,0.0,0.0,0.0,"{'bus': 16.0, 'electric_bicycle': 1.0, 'passenger': 71.0, 'truck': 10.0}",True
1,900,1800,demo_17,south,through,72,72.0,0.0,0.0,0.0,"{'bus': 12.0, 'electric_bicycle': 0.5, 'passenger': 52.0, 'truck': 7.5}",True
1,900,1800,demo_18,northeast,left,89,89.0,0.0,0.0,0.0,"{'bus': 16.0, 'electric_bicycle': 1.0, 'passenger': 62.0, 'truck': 10.0}",True
1,900,1800,demo_18,northeast,right,41,41.0,0.0,0.0,0.0,"{'bus': 8.0, 'electric_bicycle': 0.5, 'passenger': 30.0, 'truck': 2.5}",True
1,900,1800,demo_18,northeast,through,109,109.0,0.0,0.0,0.0,"{'bus': 20.0, 'electric_bicycle': 1.0, 'passenger': 78.0, 'truck': 10.0}",True
1,900,1800,demo_18,northwest,left,58,58.0,0.0,0.0,0.0,"{'bus': 10.0, 'electric_bicycle': 0.5, 'passenger': 40.0, 'truck': 7.5}",True
1,900,1800,demo_18,northwest,right,33,33.0,0.0,0.0,0.0,"{'bus': 6.0, 'electric_bicycle': 0.5, 'passenger': 24.0, 'truck': 2.5}",True
1,900,1800,demo_18,northwest,through,62,62.0,0.0,0.0,0.0,"{'bus': 10.0, 'electric_bicycle': 0.5, 'passenger': 44.0, 'truck': 7.5}",True
1,900,1800,demo_18,southeast,left,61,61.0,0.0,0.0,0.0,"{'bus': 10.0, 'electric_bicycle': 0.5, 'passenger': 43.0, 'truck': 7.5}",True
1,900,1800,demo_18,southeast,right,24,24.0,0.0,0.0,0.0,"{'bus': 4.0, 'electric_bicycle': 0.5, 'passenger': 17.0, 'truck': 2.5}",True
1,900,1800,demo_18,southeast,through,108,108.0,0.0,0.0,0.0,"{'bus': 20.0, 'electric_bicycle': 1.0, 'passenger': 77.0, 'truck': 10.0}",True
1,900,1800,demo_18,southwest,left,66,66.0,0.0,0.0,0.0,"{'bus': 12.0, 'electric_bicycle': 0.5, 'passenger': 46.0, 'truck': 7.5}",True
1,900,1800,demo_18,southwest,right,62,62.0,0.0,0.0,0.0,"{'bus': 12.0, 'electric_bicycle': 1.0, 'passenger': 44.0, 'truck': 5.0}",True
1,900,1800,demo_18,southwest,through,88,88.0,0.0,0.0,0.0,"{'bus': 14.0, 'electric_bicycle': 1.0, 'passenger': 63.0, 'truck': 10.0}",True
1,900,1800,demo_19,northeast,left,13,13.0,0.0,0.0,0.0,"{'bus': 2.0, 'electric_bicycle': 0.0, 'passenger': 11.0, 'truck': 0.0}",True
1,900,1800,demo_19,northeast,right,72,72.0,0.0,0.0,0.0,"{'bus': 12.0, 'electric_bicycle': 0.5, 'passenger': 52.0, 'truck': 7.5}",True
1,900,1800,demo_19,northeast,through,92,92.0,0.0,0.0,0.0,"{'bus': 16.0, 'electric_bicycle': 1.0, 'passenger': 65.0, 'truck': 10.0}",True
1,900,1800,demo_19,northwest,left,47,47.0,0.0,0.0,0.0,"{'bus': 8.0, 'electric_bicycle': 0.5, 'passenger': 36.0, 'truck': 2.5}",True
1,900,1800,demo_19,northwest,right,32,32.0,0.0,0.0,0.0,"{'bus': 6.0, 'electric_bicycle': 0.5, 'passenger': 23.0, 'truck': 2.5}",True
1,900,1800,demo_19,northwest,through,75,75.0,0.0,0.0,0.0,"{'bus': 14.0, 'electric_bicycle': 0.5, 'passenger': 53.0, 'truck': 7.5}",True
1,900,1800,demo_19,southeast,left,38,38.0,0.0,0.0,0.0,"{'bus': 6.0, 'electric_bicycle': 0.5, 'passenger': 29.0, 'truck': 2.5}",True
1,900,1800,demo_19,southeast,right,16,16.0,0.0,0.0,0.0,"{'bus': 2.0, 'electric_bicycle': 0.5, 'passenger': 11.0, 'truck': 2.5}",True
1,900,1800,demo_19,southeast,through,82,82.0,0.0,0.0,0.0,"{'bus': 14.0, 'electric_bicycle': 1.0, 'passenger': 57.0, 'truck': 10.0}",True
1,900,1800,demo_19,southwest,left,96,96.0,0.0,0.0,0.0,"{'bus': 16.0, 'electric_bicycle': 1.0, 'passenger': 69.0, 'truck': 10.0}",True
1,900,1800,demo_19,southwest,right,14,14.0,0.0,0.0,0.0,"{'bus': 2.0, 'electric_bicycle': 0.5, 'passenger': 9.0, 'truck': 2.5}",True
1,900,1800,demo_19,southwest,through,33,33.0,0.0,0.0,0.0,"{'bus': 6.0, 'electric_bicycle': 0.5, 'passenger': 24.0, 'truck': 2.5}",True
1,900,1800,demo_2,north,right,31,31.0,0.0,0.0,0.0,"{'bus': 6.0, 'electric_bicycle': 0.5, 'passenger': 22.0, 'truck': 2.5}",True
1,900,1800,demo_2,north,through,72,72.0,0.0,0.0,0.0,"{'bus': 12.0, 'electric_bicycle': 0.5, 'passenger': 52.0, 'truck': 7.5}",True
1,900,1800,demo_2,south,left,41,41.0,0.0,0.0,0.0,"{'bus': 8.0, 'electric_bicycle': 0.5, 'passenger': 30.0, 'truck': 2.5}",True
1,900,1800,demo_2,south,through,49,49.0,0.0,0.0,0.0,"{'bus': 8.0, 'electric_bicycle': 0.5, 'passenger': 33.0, 'truck': 7.5}",True
1,900,1800,demo_2,west,left,37,37.0,0.0,0.0,0.0,"{'bus': 6.0, 'electric_bicycle': 0.5, 'passenger': 28.0, 'truck': 2.5}",True
1,900,1800,demo_2,west,right,49,49.0,0.0,0.0,0.0,"{'bus': 8.0, 'electric_bicycle': 0.5, 'passenger': 33.0, 'truck': 7.5}",True
1,900,1800,demo_20,east,left,14,14.0,0.0,0.0,0.0,"{'bus': 2.0, 'electric_bicycle': 0.5, 'passenger': 9.0, 'truck': 2.5}",True
1,900,1800,demo_20,east,right,14,14.0,0.0,0.0,0.0,"{'bus': 2.0, 'electric_bicycle': 0.5, 'passenger': 9.0, 'truck': 2.5}",True
1,900,1800,demo_20,east,through,22,22.0,0.0,0.0,0.0,"{'bus': 4.0, 'electric_bicycle': 0.5, 'passenger': 15.0, 'truck': 2.5}",True
1,900,1800,demo_20,north,left,22,22.0,0.0,0.0,0.0,"{'bus': 4.0, 'electric_bicycle': 0.5, 'passenger': 15.0, 'truck': 2.5}",True
1,900,1800,demo_20,north,right,21,21.0,0.0,0.0,0.0,"{'bus': 4.0, 'electric_bicycle': 0.5, 'passenger': 14.0, 'truck': 2.5}",True
1,900,1800,demo_20,north,through,35,35.0,0.0,0.0,0.0,"{'bus': 6.0, 'electric_bicycle': 0.5, 'passenger': 26.0, 'truck': 2.5}",True
1,900,1800,demo_20,south,left,35,35.0,0.0,0.0,0.0,"{'bus': 6.0, 'electric_bicycle': 0.5, 'passenger': 26.0, 'truck': 2.5}",True
1,900,1800,demo_20,south,right,34,34.0,0.0,0.0,0.0,"{'bus': 6.0, 'electric_bicycle': 0.5, 'passenger': 25.0, 'truck': 2.5}",True
1,900,1800,demo_20,south,through,56,56.0,0.0,0.0,0.0,"{'bus': 10.0, 'electric_bicycle': 0.5, 'passenger': 38.0, 'truck': 7.5}",True
1,900,1800,demo_20,west,left,10,10.0,0.0,0.0,0.0,"{'bus': 2.0, 'electric_bicycle': 0.0, 'passenger': 8.0, 'truck': 0.0}",True
1,900,1800,demo_20,west,right,10,10.0,0.0,0.0,0.0,"{'bus': 2.0, 'electric_bicycle': 0.0, 'passenger': 8.0, 'truck': 0.0}",True
1,900,1800,demo_20,west,through,17,17.0,0.0,0.0,0.0,"{'bus': 2.0, 'electric_bicycle': 0.5, 'passenger': 12.0, 'truck': 2.5}",True
1,900,1800,demo_3,east,left,9,9.0,0.0,0.0,0.0,"{'bus': 2.0, 'electric_bicycle': 0.0, 'passenger': 7.0, 'truck': 0.0}",True
1,900,1800,demo_3,east,right,27,27.0,0.0,0.0,0.0,"{'bus': 4.0, 'electric_bicycle': 0.5, 'passenger': 20.0, 'truck': 2.5}",True
1,900,1800,demo_3,east,through,59,59.0,0.0,0.0,0.0,"{'bus': 10.0, 'electric_bicycle': 0.5, 'passenger': 41.0, 'truck': 7.5}",True
1,900,1800,demo_3,north,left,43,43.0,0.0,0.0,0.0,"{'bus': 8.0, 'electric_bicycle': 0.5, 'passenger': 32.0, 'truck': 2.5}",True
1,900,1800,demo_3,north,right,26,26.0,0.0,0.0,0.0,"{'bus': 4.0, 'electric_bicycle': 0.5, 'passenger': 19.0, 'truck': 2.5}",True
1,900,1800,demo_3,north,through,19,19.0,0.0,0.0,0.0,"{'bus': 4.0, 'electric_bicycle': 0.5, 'passenger': 12.0, 'truck': 2.5}",True
1,900,1800,demo_3,south,left,24,24.0,0.0,0.0,0.0,"{'bus': 4.0, 'electric_bicycle': 0.5, 'passenger': 17.0, 'truck': 2.5}",True
1,900,1800,demo_3,south,right,32,32.0,0.0,0.0,0.0,"{'bus': 6.0, 'electric_bicycle': 0.5, 'passenger': 23.0, 'truck': 2.5}",True
1,900,1800,demo_3,south,through,27,27.0,0.0,0.0,0.0,"{'bus': 4.0, 'electric_bicycle': 0.5, 'passenger': 20.0, 'truck': 2.5}",True
1,900,1800,demo_3,west,left,20,20.0,0.0,0.0,0.0,"{'bus': 4.0, 'electric_bicycle': 0.5, 'passenger': 13.0, 'truck': 2.5}",True
1,900,1800,demo_3,west,right,19,19.0,0.0,0.0,0.0,"{'bus': 4.0, 'electric_bicycle': 0.5, 'passenger': 12.0, 'truck': 2.5}",True
1,900,1800,demo_3,west,through,65,65.0,0.0,0.0,0.0,"{'bus': 12.0, 'electric_bicycle': 0.5, 'passenger': 45.0, 'truck': 7.5}",True
1,900,1800,demo_4,east,left,52,52.0,0.0,0.0,0.0,"{'bus': 8.0, 'electric_bicycle': 0.5, 'passenger': 36.0, 'truck': 7.5}",True
1,900,1800,demo_4,east,right,43,43.0,0.0,0.0,0.0,"{'bus': 8.0, 'electric_bicycle': 0.5, 'passenger': 32.0, 'truck': 2.5}",True
1,900,1800,demo_4,east,through,43,43.0,0.0,0.0,0.0,"{'bus': 8.0, 'electric_bicycle': 0.5, 'passenger': 32.0, 'truck': 2.5}",True
1,900,1800,demo_4,north,left,34,34.0,0.0,0.0,0.0,"{'bus': 6.0, 'electric_bicycle': 0.5, 'passenger': 25.0, 'truck': 2.5}",True
1,900,1800,demo_4,north,right,36,36.0,0.0,0.0,0.0,"{'bus': 6.0, 'electric_bicycle': 0.5, 'passenger': 27.0, 'truck': 2.5}",True
1,900,1800,demo_4,north,through,54,54.0,0.0,0.0,0.0,"{'bus': 8.0, 'electric_bicycle': 0.5, 'passenger': 38.0, 'truck': 7.5}",True
1,900,1800,demo_4,south,left,40,40.0,0.0,0.0,0.0,"{'bus': 8.0, 'electric_bicycle': 0.5, 'passenger': 29.0, 'truck': 2.5}",True
1,900,1800,demo_4,south,right,35,35.0,0.0,0.0,0.0,"{'bus': 6.0, 'electric_bicycle': 0.5, 'passenger': 26.0, 'truck': 2.5}",True
1,900,1800,demo_4,south,through,69,69.0,0.0,0.0,0.0,"{'bus': 12.0, 'electric_bicycle': 0.5, 'passenger': 49.0, 'truck': 7.5}",True
1,900,1800,demo_4,west,left,18,18.0,0.0,0.0,0.0,"{'bus': 2.0, 'electric_bicycle': 0.5, 'passenger': 13.0, 'truck': 2.5}",True
1,900,1800,demo_4,west,right,33,33.0,0.0,0.0,0.0,"{'bus': 6.0, 'electric_bicycle': 0.5, 'passenger': 24.0, 'truck': 2.5}",True
1,900,1800,demo_4,west,through,62,62.0,0.0,0.0,0.0,"{'bus': 10.0, 'electric_bicycle': 0.5, 'passenger': 44.0, 'truck': 7.5}",True
1,900,1800,demo_5,east,left,70,70.0,0.0,0.0,0.0,"{'bus': 12.0, 'electric_bicycle': 0.5, 'passenger': 50.0, 'truck': 7.5}",True
1,900,1800,demo_5,east,through,72,72.0,0.0,0.0,0.0,"{'bus': 12.0, 'electric_bicycle': 0.5, 'passenger': 52.0, 'truck': 7.5}",True
1,900,1800,demo_5,south,left,71,71.0,0.0,0.0,0.0,"{'bus': 12.0, 'electric_bicycle': 0.5, 'passenger': 51.0, 'truck': 7.5}",True
1,900,1800,demo_5,south,right,106,106.0,0.0,0.0,0.0,"{'bus': 18.0, 'electric_bicycle': 1.0, 'passenger': 77.0, 'truck': 10.0}",True
1,900,1800,demo_5,west,right,55,55.0,0.0,0.0,0.0,"{'bus': 8.0, 'electric_bicycle': 0.5, 'passenger': 39.0, 'truck': 7.5}",True
1,900,1800,demo_5,west,through,132,132.0,0.0,0.0,0.0,"{'bus': 24.0, 'electric_bicycle': 1.5, 'passenger': 94.0, 'truck': 12.5}",True
1,900,1800,demo_6,east,left,63,63.0,0.0,0.0,0.0,"{'bus': 10.0, 'electric_bicycle': 0.5, 'passenger': 45.0, 'truck': 7.5}",True
1,900,1800,demo_6,east,right,56,56.0,0.0,0.0,0.0,"{'bus': 10.0, 'electric_bicycle': 0.5, 'passenger': 38.0, 'truck': 7.5}",True
1,900,1800,demo_6,east,through,69,69.0,0.0,0.0,0.0,"{'bus': 12.0, 'electric_bicycle': 0.5, 'passenger': 49.0, 'truck': 7.5}",True
1,900,1800,demo_6,north,left,22,22.0,0.0,0.0,0.0,"{'bus': 4.0, 'electric_bicycle': 0.5, 'passenger': 15.0, 'truck': 2.5}",True
1,900,1800,demo_6,north,right,22,22.0,0.0,0.0,0.0,"{'bus': 4.0, 'electric_bicycle': 0.5, 'passenger': 15.0, 'truck': 2.5}",True
1,900,1800,demo_6,north,through,67,67.0,0.0,0.0,0.0,"{'bus': 12.0, 'electric_bicycle': 0.5, 'passenger': 47.0, 'truck': 7.5}",True
1,900,1800,demo_6,south,left,47,47.0,0.0,0.0,0.0,"{'bus': 8.0, 'electric_bicycle': 0.5, 'passenger': 36.0, 'truck': 2.5}",True
1,900,1800,demo_6,south,right,38,38.0,0.0,0.0,0.0,"{'bus': 6.0, 'electric_bicycle': 0.5, 'passenger': 29.0, 'truck': 2.5}",True
1,900,1800,demo_6,south,through,51,51.0,0.0,0.0,0.0,"{'bus': 8.0, 'electric_bicycle': 0.5, 'passenger': 35.0, 'truck': 7.5}",True
1,900,1800,demo_6,west,left,42,42.0,0.0,0.0,0.0,"{'bus': 8.0, 'electric_bicycle': 0.5, 'passenger': 31.0, 'truck': 2.5}",True
1,900,1800,demo_6,west,right,64,64.0,0.0,0.0,0.0,"{'bus': 10.0, 'electric_bicycle': 0.5, 'passenger': 46.0, 'truck': 7.5}",True
1,900,1800,demo_6,west,through,48,48.0,0.0,0.0,0.0,"{'bus': 8.0, 'electric_bicycle': 0.5, 'passenger': 32.0, 'truck': 7.5}",True
1,900,1800,demo_7,east,left,34,34.0,0.0,0.0,0.0,"{'bus': 6.0, 'electric_bicycle': 0.5, 'passenger': 25.0, 'truck': 2.5}",True
1,900,1800,demo_7,east,right,137,137.0,0.0,0.0,0.0,"{'bus': 24.0, 'electric_bicycle': 1.5, 'passenger': 99.0, 'truck': 12.5}",True
1,900,1800,demo_7,south,right,58,58.0,0.0,0.0,0.0,"{'bus': 10.0, 'electric_bicycle': 0.5, 'passenger': 40.0, 'truck': 7.5}",True
1,900,1800,demo_7,south,through,133,133.0,0.0,0.0,0.0,"{'bus': 24.0, 'electric_bicycle': 1.5, 'passenger': 95.0, 'truck': 12.5}",True
1,900,1800,demo_7,west,left,80,80.0,0.0,0.0,0.0,"{'bus': 14.0, 'electric_bicycle': 1.0, 'passenger': 55.0, 'truck': 10.0}",True
1,900,1800,demo_7,west,through,77,77.0,0.0,0.0,0.0,"{'bus': 14.0, 'electric_bicycle': 0.5, 'passenger': 55.0, 'truck': 7.5}",True
1,900,1800,demo_8,east,left,38,38.0,0.0,0.0,0.0,"{'bus': 6.0, 'electric_bicycle': 0.5, 'passenger': 29.0, 'truck': 2.5}",True
1,900,1800,demo_8,east,right,22,22.0,0.0,0.0,0.0,"{'bus': 4.0, 'electric_bicycle': 0.5, 'passenger': 15.0, 'truck': 2.5}",True
1,900,1800,demo_8,east,through,96,96.0,0.0,0.0,0.0,"{'bus': 16.0, 'electric_bicycle': 1.0, 'passenger': 69.0, 'truck': 10.0}",True
1,900,1800,demo_8,north,left,28,28.0,0.0,0.0,0.0,"{'bus': 4.0, 'electric_bicycle': 0.5, 'passenger': 21.0, 'truck': 2.5}",True
1,900,1800,demo_8,north,right,25,25.0,0.0,0.0,0.0,"{'bus': 4.0, 'electric_bicycle': 0.5, 'passenger': 18.0, 'truck': 2.5}",True
1,900,1800,demo_8,north,through,108,108.0,0.0,0.0,0.0,"{'bus': 20.0, 'electric_bicycle': 1.0, 'passenger': 77.0, 'truck': 10.0}",True
1,900,1800,demo_8,south,left,29,29.0,0.0,0.0,0.0,"{'bus': 6.0, 'electric_bicycle': 0.5, 'passenger': 20.0, 'truck': 2.5}",True
1,900,1800,demo_8,south,right,18,18.0,0.0,0.0,0.0,"{'bus': 2.0, 'electric_bicycle': 0.5, 'passenger': 13.0, 'truck': 2.5}",True
1,900,1800,demo_8,south,through,98,98.0,0.0,0.0,0.0,"{'bus': 16.0, 'electric_bicycle': 1.0, 'passenger': 71.0, 'truck': 10.0}",True
1,900,1800,demo_8,west,left,41,41.0,0.0,0.0,0.0,"{'bus': 8.0, 'electric_bicycle': 0.5, 'passenger': 30.0, 'truck': 2.5}",True
1,900,1800,demo_8,west,right,28,28.0,0.0,0.0,0.0,"{'bus': 4.0, 'electric_bicycle': 0.5, 'passenger': 21.0, 'truck': 2.5}",True
1,900,1800,demo_8,west,through,98,98.0,0.0,0.0,0.0,"{'bus': 16.0, 'electric_bicycle': 1.0, 'passenger': 71.0, 'truck': 10.0}",True
1,900,1800,demo_9,east,left,22,22.0,0.0,0.0,0.0,"{'bus': 4.0, 'electric_bicycle': 0.5, 'passenger': 15.0, 'truck': 2.5}",True
1,900,1800,demo_9,east,right,46,46.0,0.0,0.0,0.0,"{'bus': 8.0, 'electric_bicycle': 1.0, 'passenger': 32.0, 'truck': 5.0}",True
1,900,1800,demo_9,east,through,9,9.0,0.0,0.0,0.0,"{'bus': 2.0, 'electric_bicycle': 0.0, 'passenger': 7.0, 'truck': 0.0}",True
1,900,1800,demo_9,north,left,38,38.0,0.0,0.0,0.0,"{'bus': 6.0, 'electric_bicycle': 0.5, 'passenger': 29.0, 'truck': 2.5}",True
1,900,1800,demo_9,north,right,10,10.0,0.0,0.0,0.0,"{'bus': 2.0, 'electric_bicycle': 0.0, 'passenger': 8.0, 'truck': 0.0}",True
1,900,1800,demo_9,north,through,53,53.0,0.0,0.0,0.0,"{'bus': 8.0, 'electric_bicycle': 0.5, 'passenger': 37.0, 'truck': 7.5}",True
1,900,1800,demo_9,northeast,left,35,35.0,0.0,0.0,0.0,"{'bus': 6.0, 'electric_bicycle': 0.5, 'passenger': 26.0, 'truck': 2.5}",True
1,900,1800,demo_9,northeast,right,37,37.0,0.0,0.0,0.0,"{'bus': 6.0, 'electric_bicycle': 0.5, 'passenger': 28.0, 'truck': 2.5}",True
1,900,1800,demo_9,northeast,through,0,0.0,0.0,,0.0,"{'bus': 0.0, 'electric_bicycle': 0.0, 'passenger': 0.0, 'truck': 0.0}",True
1,900,1800,demo_9,south,left,31,31.0,0.0,0.0,0.0,"{'bus': 6.0, 'electric_bicycle': 0.5, 'passenger': 22.0, 'truck': 2.5}",True
1,900,1800,demo_9,south,right,34,34.0,0.0,0.0,0.0,"{'bus': 6.0, 'electric_bicycle': 0.5, 'passenger': 25.0, 'truck': 2.5}",True
1,900,1800,demo_9,south,through,47,47.0,0.0,0.0,0.0,"{'bus': 8.0, 'electric_bicycle': 0.5, 'passenger': 36.0, 'truck': 2.5}",True
1,900,1800,demo_9,west,left,31,31.0,0.0,0.0,0.0,"{'bus': 6.0, 'electric_bicycle': 0.5, 'passenger': 22.0, 'truck': 2.5}",True
1,900,1800,demo_9,west,right,40,40.0,0.0,0.0,0.0,"{'bus': 8.0, 'electric_bicycle': 0.5, 'passenger': 29.0, 'truck': 2.5}",True
1,900,1800,demo_9,west,through,10,10.0,0.0,0.0,0.0,"{'bus': 2.0, 'electric_bicycle': 0.0, 'passenger': 8.0, 'truck': 0.0}",True
2,1800,2700,demo_1,east,left,35,35.0,0.0,0.0,0.0,"{'bus': 6.0, 'electric_bicycle': 0.5, 'passenger': 26.0, 'truck': 2.5}",True
2,1800,2700,demo_1,east,right,41,41.0,0.0,0.0,0.0,"{'bus': 8.0, 'electric_bicycle': 0.5, 'passenger': 30.0, 'truck': 2.5}",True
2,1800,2700,demo_1,east,through,47,47.0,0.0,0.0,0.0,"{'bus': 8.0, 'electric_bicycle': 0.5, 'passenger': 36.0, 'truck': 2.5}",True
2,1800,2700,demo_1,north,left,41,41.0,0.0,0.0,0.0,"{'bus': 8.0, 'electric_bicycle': 0.5, 'passenger': 30.0, 'truck': 2.5}",True
2,1800,2700,demo_1,north,right,37,37.0,0.0,0.0,0.0,"{'bus': 6.0, 'electric_bicycle': 0.5, 'passenger': 28.0, 'truck': 2.5}",True
2,1800,2700,demo_1,north,through,85,85.0,0.0,0.0,0.0,"{'bus': 14.0, 'electric_bicycle': 1.0, 'passenger': 60.0, 'truck': 10.0}",True
2,1800,2700,demo_1,south,left,44,44.0,0.0,0.0,0.0,"{'bus': 8.0, 'electric_bicycle': 0.5, 'passenger': 33.0, 'truck': 2.5}",True
2,1800,2700,demo_1,south,right,32,32.0,0.0,0.0,0.0,"{'bus': 6.0, 'electric_bicycle': 0.5, 'passenger': 23.0, 'truck': 2.5}",True
2,1800,2700,demo_1,south,through,42,42.0,0.0,0.0,0.0,"{'bus': 8.0, 'electric_bicycle': 0.5, 'passenger': 31.0, 'truck': 2.5}",True
2,1800,2700,demo_1,west,left,61,61.0,0.0,0.0,0.0,"{'bus': 10.0, 'electric_bicycle': 0.5, 'passenger': 43.0, 'truck': 7.5}",True
2,1800,2700,demo_1,west,right,31,31.0,0.0,0.0,0.0,"{'bus': 6.0, 'electric_bicycle': 0.5, 'passenger': 22.0, 'truck': 2.5}",True
2,1800,2700,demo_1,west,through,79,79.0,0.0,0.0,0.0,"{'bus': 14.0, 'electric_bicycle': 0.5, 'passenger': 57.0, 'truck': 7.5}",True
2,1800,2700,demo_10,east,left,45,45.0,0.0,0.0,0.0,"{'bus': 8.0, 'electric_bicycle': 0.5, 'passenger': 34.0, 'truck': 2.5}",True
2,1800,2700,demo_10,east,through,78,78.0,0.0,0.0,0.0,"{'bus': 14.0, 'electric_bicycle': 0.5, 'passenger': 56.0, 'truck': 7.5}",True
2,1800,2700,demo_10,south,left,76,76.0,0.0,0.0,0.0,"{'bus': 14.0, 'electric_bicycle': 0.5, 'passenger': 54.0, 'truck': 7.5}",True
2,1800,2700,demo_10,south,right,86,86.0,0.0,0.0,0.0,"{'bus': 14.0, 'electric_bicycle': 1.0, 'passenger': 61.0, 'truck': 10.0}",True
2,1800,2700,demo_10,west,right,79,79.0,0.0,0.0,0.0,"{'bus': 14.0, 'electric_bicycle': 0.5, 'passenger': 57.0, 'truck': 7.5}",True
2,1800,2700,demo_10,west,through,99,99.0,0.0,0.0,0.0,"{'bus': 18.0, 'electric_bicycle': 1.0, 'passenger': 70.0, 'truck': 10.0}",True
2,1800,2700,demo_11,east,left,68,68.0,0.0,0.0,0.0,"{'bus': 12.0, 'electric_bicycle': 0.5, 'passenger': 48.0, 'truck': 7.5}",True
2,1800,2700,demo_11,east,right,72,72.0,0.0,0.0,0.0,"{'bus': 12.0, 'electric_bicycle': 0.5, 'passenger': 52.0, 'truck': 7.5}",True
2,1800,2700,demo_11,east,through,98,98.0,0.0,0.0,0.0,"{'bus': 16.0, 'electric_bicycle': 1.0, 'passenger': 71.0, 'truck': 10.0}",True
2,1800,2700,demo_11,north,left,65,65.0,0.0,0.0,0.0,"{'bus': 12.0, 'electric_bicycle': 0.5, 'passenger': 45.0, 'truck': 7.5}",True
2,1800,2700,demo_11,north,right,70,70.0,0.0,0.0,0.0,"{'bus': 12.0, 'electric_bicycle': 0.5, 'passenger': 50.0, 'truck': 7.5}",True
2,1800,2700,demo_11,north,through,92,92.0,0.0,0.0,0.0,"{'bus': 16.0, 'electric_bicycle': 1.0, 'passenger': 65.0, 'truck': 10.0}",True
2,1800,2700,demo_11,south,left,41,41.0,0.0,0.0,0.0,"{'bus': 8.0, 'electric_bicycle': 0.5, 'passenger': 30.0, 'truck': 2.5}",True
2,1800,2700,demo_11,south,right,45,45.0,0.0,0.0,0.0,"{'bus': 8.0, 'electric_bicycle': 0.5, 'passenger': 34.0, 'truck': 2.5}",True
2,1800,2700,demo_11,south,through,56,56.0,0.0,0.0,0.0,"{'bus': 10.0, 'electric_bicycle': 0.5, 'passenger': 38.0, 'truck': 7.5}",True
2,1800,2700,demo_11,west,left,72,72.0,0.0,0.0,0.0,"{'bus': 12.0, 'electric_bicycle': 0.5, 'passenger': 52.0, 'truck': 7.5}",True
2,1800,2700,demo_11,west,right,73,73.0,0.0,0.0,0.0,"{'bus': 12.0, 'electric_bicycle': 0.5, 'passenger': 53.0, 'truck': 7.5}",True
2,1800,2700,demo_11,west,through,105,105.0,0.0,0.0,0.0,"{'bus': 18.0, 'electric_bicycle': 1.0, 'passenger': 76.0, 'truck': 10.0}",True
2,1800,2700,demo_12,east,left,46,46.0,0.0,0.0,0.0,"{'bus': 8.0, 'electric_bicycle': 0.5, 'passenger': 35.0, 'truck': 2.5}",True
2,1800,2700,demo_12,east,right,33,33.0,0.0,0.0,0.0,"{'bus': 6.0, 'electric_bicycle': 0.5, 'passenger': 24.0, 'truck': 2.5}",True
2,1800,2700,demo_12,east,through,86,86.0,0.0,0.0,0.0,"{'bus': 14.0, 'electric_bicycle': 1.0, 'passenger': 61.0, 'truck': 10.0}",True
2,1800,2700,demo_12,north,left,48,48.0,0.0,0.0,0.0,"{'bus': 8.0, 'electric_bicycle': 0.5, 'passenger': 32.0, 'truck': 7.5}",True
2,1800,2700,demo_12,north,right,25,25.0,0.0,0.0,0.0,"{'bus': 4.0, 'electric_bicycle': 0.5, 'passenger': 18.0, 'truck': 2.5}",True
2,1800,2700,demo_12,north,through,53,53.0,0.0,0.0,0.0,"{'bus': 8.0, 'electric_bicycle': 0.5, 'passenger': 37.0, 'truck': 7.5}",True
2,1800,2700,demo_12,south,left,39,39.0,0.0,0.0,0.0,"{'bus': 8.0, 'electric_bicycle': 0.5, 'passenger': 28.0, 'truck': 2.5}",True
2,1800,2700,demo_12,south,right,28,28.0,0.0,0.0,0.0,"{'bus': 4.0, 'electric_bicycle': 0.5, 'passenger': 21.0, 'truck': 2.5}",True
2,1800,2700,demo_12,south,through,73,73.0,0.0,0.0,0.0,"{'bus': 12.0, 'electric_bicycle': 0.5, 'passenger': 53.0, 'truck': 7.5}",True
2,1800,2700,demo_12,west,left,43,43.0,0.0,0.0,0.0,"{'bus': 8.0, 'electric_bicycle': 0.5, 'passenger': 32.0, 'truck': 2.5}",True
2,1800,2700,demo_12,west,right,31,31.0,0.0,0.0,0.0,"{'bus': 6.0, 'electric_bicycle': 0.5, 'passenger': 22.0, 'truck': 2.5}",True
2,1800,2700,demo_12,west,through,79,79.0,0.0,0.0,0.0,"{'bus': 14.0, 'electric_bicycle': 0.5, 'passenger': 57.0, 'truck': 7.5}",True
2,1800,2700,demo_13,east,right,63,63.0,0.0,0.0,0.0,"{'bus': 10.0, 'electric_bicycle': 0.5, 'passenger': 45.0, 'truck': 7.5}",True
2,1800,2700,demo_13,east,through,85,85.0,0.0,0.0,0.0,"{'bus': 14.0, 'electric_bicycle': 1.0, 'passenger': 60.0, 'truck': 10.0}",True
2,1800,2700,demo_13,north,right,91,91.0,0.0,0.0,0.0,"{'bus': 16.0, 'electric_bicycle': 1.0, 'passenger': 64.0, 'truck': 10.0}",True
2,1800,2700,demo_14,east,left,95,95.0,0.0,0.0,0.0,"{'bus': 16.0, 'electric_bicycle': 1.0, 'passenger': 68.0, 'truck': 10.0}",True
2,1800,2700,demo_14,east,right,102,102.0,0.0,0.0,0.0,"{'bus': 18.0, 'electric_bicycle': 1.0, 'passenger': 73.0, 'truck': 10.0}",True
2,1800,2700,demo_14,north,left,60,60.0,0.0,0.0,0.0,"{'bus': 10.0, 'electric_bicycle': 0.5, 'passenger': 42.0, 'truck': 7.5}",True
2,1800,2700,demo_14,north,through,78,78.0,0.0,0.0,0.0,"{'bus': 14.0, 'electric_bicycle': 0.5, 'passenger': 56.0, 'truck': 7.5}",True
2,1800,2700,demo_14,south,right,68,68.0,0.0,0.0,0.0,"{'bus': 12.0, 'electric_bicycle': 0.5, 'passenger': 48.0, 'truck': 7.5}",True
2,1800,2700,demo_14,south,through,38,38.0,0.0,0.0,0.0,"{'bus': 6.0, 'electric_bicycle': 0.5, 'passenger': 29.0, 'truck': 2.5}",True
2,1800,2700,demo_15,east,left,39,39.0,0.0,0.0,0.0,"{'bus': 8.0, 'electric_bicycle': 0.5, 'passenger': 28.0, 'truck': 2.5}",True
2,1800,2700,demo_15,east,right,38,38.0,0.0,0.0,0.0,"{'bus': 6.0, 'electric_bicycle': 0.5, 'passenger': 29.0, 'truck': 2.5}",True
2,1800,2700,demo_15,east,through,98,98.0,0.0,0.0,0.0,"{'bus': 16.0, 'electric_bicycle': 1.0, 'passenger': 71.0, 'truck': 10.0}",True
2,1800,2700,demo_15,north,left,75,75.0,0.0,0.0,0.0,"{'bus': 14.0, 'electric_bicycle': 0.5, 'passenger': 53.0, 'truck': 7.5}",True
2,1800,2700,demo_15,north,right,76,76.0,0.0,0.0,0.0,"{'bus': 14.0, 'electric_bicycle': 0.5, 'passenger': 54.0, 'truck': 7.5}",True
2,1800,2700,demo_15,north,through,85,85.0,0.0,0.0,0.0,"{'bus': 14.0, 'electric_bicycle': 1.0, 'passenger': 60.0, 'truck': 10.0}",True
2,1800,2700,demo_15,south,left,28,28.0,0.0,0.0,0.0,"{'bus': 4.0, 'electric_bicycle': 0.5, 'passenger': 21.0, 'truck': 2.5}",True
2,1800,2700,demo_15,south,right,90,90.0,0.0,0.0,0.0,"{'bus': 16.0, 'electric_bicycle': 1.0, 'passenger': 63.0, 'truck': 10.0}",True
2,1800,2700,demo_15,south,through,108,108.0,0.0,0.0,0.0,"{'bus': 20.0, 'electric_bicycle': 1.0, 'passenger': 77.0, 'truck': 10.0}",True
2,1800,2700,demo_15,west,left,74,74.0,0.0,0.0,0.0,"{'bus': 12.0, 'electric_bicycle': 0.5, 'passenger': 54.0, 'truck': 7.5}",True
2,1800,2700,demo_15,west,right,41,41.0,0.0,0.0,0.0,"{'bus': 8.0, 'electric_bicycle': 0.5, 'passenger': 30.0, 'truck': 2.5}",True
2,1800,2700,demo_15,west,through,91,91.0,0.0,0.0,0.0,"{'bus': 16.0, 'electric_bicycle': 1.0, 'passenger': 64.0, 'truck': 10.0}",True
2,1800,2700,demo_16,east,left,61,61.0,0.0,0.0,0.0,"{'bus': 10.0, 'electric_bicycle': 0.5, 'passenger': 43.0, 'truck': 7.5}",True
2,1800,2700,demo_16,east,right,62,62.0,0.0,0.0,0.0,"{'bus': 10.0, 'electric_bicycle': 0.5, 'passenger': 44.0, 'truck': 7.5}",True
2,1800,2700,demo_16,east,through,72,72.0,0.0,0.0,0.0,"{'bus': 12.0, 'electric_bicycle': 0.5, 'passenger': 52.0, 'truck': 7.5}",True
2,1800,2700,demo_16,north,left,29,29.0,0.0,0.0,0.0,"{'bus': 6.0, 'electric_bicycle': 0.5, 'passenger': 20.0, 'truck': 2.5}",True
2,1800,2700,demo_16,north,right,42,42.0,0.0,0.0,0.0,"{'bus': 8.0, 'electric_bicycle': 0.5, 'passenger': 31.0, 'truck': 2.5}",True
2,1800,2700,demo_16,north,through,41,41.0,0.0,0.0,0.0,"{'bus': 8.0, 'electric_bicycle': 0.5, 'passenger': 30.0, 'truck': 2.5}",True
2,1800,2700,demo_16,south,left,29,29.0,0.0,0.0,0.0,"{'bus': 6.0, 'electric_bicycle': 0.5, 'passenger': 20.0, 'truck': 2.5}",True
2,1800,2700,demo_16,south,right,49,49.0,0.0,0.0,0.0,"{'bus': 8.0, 'electric_bicycle': 0.5, 'passenger': 33.0, 'truck': 7.5}",True
2,1800,2700,demo_16,south,through,67,67.0,0.0,0.0,0.0,"{'bus': 12.0, 'electric_bicycle': 0.5, 'passenger': 47.0, 'truck': 7.5}",True
2,1800,2700,demo_16,west,left,59,59.0,0.0,0.0,0.0,"{'bus': 10.0, 'electric_bicycle': 0.5, 'passenger': 41.0, 'truck': 7.5}",True
2,1800,2700,demo_16,west,right,28,28.0,0.0,0.0,0.0,"{'bus': 4.0, 'electric_bicycle': 0.5, 'passenger': 21.0, 'truck': 2.5}",True
2,1800,2700,demo_16,west,through,48,48.0,0.0,0.0,0.0,"{'bus': 8.0, 'electric_bicycle': 0.5, 'passenger': 32.0, 'truck': 7.5}",True
2,1800,2700,demo_17,east,left,92,92.0,0.0,0.0,0.0,"{'bus': 16.0, 'electric_bicycle': 1.0, 'passenger': 65.0, 'truck': 10.0}",True
2,1800,2700,demo_17,east,right,65,65.0,0.0,0.0,0.0,"{'bus': 12.0, 'electric_bicycle': 0.5, 'passenger': 45.0, 'truck': 7.5}",True
2,1800,2700,demo_17,north,left,88,88.0,0.0,0.0,0.0,"{'bus': 14.0, 'electric_bicycle': 1.0, 'passenger': 63.0, 'truck': 10.0}",True
2,1800,2700,demo_17,north,through,65,65.0,0.0,0.0,0.0,"{'bus': 12.0, 'electric_bicycle': 0.5, 'passenger': 45.0, 'truck': 7.5}",True
2,1800,2700,demo_17,south,right,112,112.0,0.0,0.0,0.0,"{'bus': 20.0, 'electric_bicycle': 1.0, 'passenger': 81.0, 'truck': 10.0}",True
2,1800,2700,demo_17,south,through,79,79.0,0.0,0.0,0.0,"{'bus': 14.0, 'electric_bicycle': 0.5, 'passenger': 57.0, 'truck': 7.5}",True
2,1800,2700,demo_18,northeast,left,96,96.0,0.0,0.0,0.0,"{'bus': 16.0, 'electric_bicycle': 1.0, 'passenger': 69.0, 'truck': 10.0}",True
2,1800,2700,demo_18,northeast,right,56,56.0,0.0,0.0,0.0,"{'bus': 10.0, 'electric_bicycle': 0.5, 'passenger': 38.0, 'truck': 7.5}",True
2,1800,2700,demo_18,northeast,through,105,105.0,0.0,0.0,0.0,"{'bus': 18.0, 'electric_bicycle': 1.0, 'passenger': 76.0, 'truck': 10.0}",True
2,1800,2700,demo_18,northwest,left,60,60.0,0.0,0.0,0.0,"{'bus': 10.0, 'electric_bicycle': 0.5, 'passenger': 42.0, 'truck': 7.5}",True
2,1800,2700,demo_18,northwest,right,29,29.0,0.0,0.0,0.0,"{'bus': 6.0, 'electric_bicycle': 0.5, 'passenger': 20.0, 'truck': 2.5}",True
2,1800,2700,demo_18,northwest,through,63,63.0,0.0,0.0,0.0,"{'bus': 10.0, 'electric_bicycle': 0.5, 'passenger': 45.0, 'truck': 7.5}",True
2,1800,2700,demo_18,southeast,left,53,53.0,0.0,0.0,0.0,"{'bus': 8.0, 'electric_bicycle': 0.5, 'passenger': 37.0, 'truck': 7.5}",True
2,1800,2700,demo_18,southeast,right,29,29.0,0.0,0.0,0.0,"{'bus': 6.0, 'electric_bicycle': 0.5, 'passenger': 20.0, 'truck': 2.5}",True
2,1800,2700,demo_18,southeast,through,115,115.0,0.0,0.0,0.0,"{'bus': 20.0, 'electric_bicycle': 1.5, 'passenger': 81.0, 'truck': 12.5}",True
2,1800,2700,demo_18,southwest,left,69,69.0,0.0,0.0,0.0,"{'bus': 12.0, 'electric_bicycle': 0.5, 'passenger': 49.0, 'truck': 7.5}",True
2,1800,2700,demo_18,southwest,right,71,71.0,0.0,0.0,0.0,"{'bus': 12.0, 'electric_bicycle': 1.0, 'passenger': 53.0, 'truck': 5.0}",True
2,1800,2700,demo_18,southwest,through,95,95.0,0.0,0.0,0.0,"{'bus': 16.0, 'electric_bicycle': 1.0, 'passenger': 68.0, 'truck': 10.0}",True
2,1800,2700,demo_19,northeast,left,17,17.0,0.0,0.0,0.0,"{'bus': 2.0, 'electric_bicycle': 0.5, 'passenger': 12.0, 'truck': 2.5}",True
2,1800,2700,demo_19,northeast,right,58,58.0,0.0,0.0,0.0,"{'bus': 10.0, 'electric_bicycle': 0.5, 'passenger': 40.0, 'truck': 7.5}",True
2,1800,2700,demo_19,northeast,through,76,76.0,0.0,0.0,0.0,"{'bus': 14.0, 'electric_bicycle': 0.5, 'passenger': 54.0, 'truck': 7.5}",True
2,1800,2700,demo_19,northwest,left,55,55.0,0.0,0.0,0.0,"{'bus': 8.0, 'electric_bicycle': 0.5, 'passenger': 39.0, 'truck': 7.5}",True
2,1800,2700,demo_19,northwest,right,25,25.0,0.0,0.0,0.0,"{'bus': 4.0, 'electric_bicycle': 0.5, 'passenger': 18.0, 'truck': 2.5}",True
2,1800,2700,demo_19,northwest,through,62,62.0,0.0,0.0,0.0,"{'bus': 10.0, 'electric_bicycle': 0.5, 'passenger': 44.0, 'truck': 7.5}",True
2,1800,2700,demo_19,southeast,left,41,41.0,0.0,0.0,0.0,"{'bus': 8.0, 'electric_bicycle': 0.5, 'passenger': 30.0, 'truck': 2.5}",True
2,1800,2700,demo_19,southeast,right,24,24.0,0.0,0.0,0.0,"{'bus': 4.0, 'electric_bicycle': 0.5, 'passenger': 17.0, 'truck': 2.5}",True
2,1800,2700,demo_19,southeast,through,88,88.0,0.0,0.0,0.0,"{'bus': 14.0, 'electric_bicycle': 1.0, 'passenger': 63.0, 'truck': 10.0}",True
2,1800,2700,demo_19,southwest,left,83,83.0,0.0,0.0,0.0,"{'bus': 14.0, 'electric_bicycle': 1.0, 'passenger': 58.0, 'truck': 10.0}",True
2,1800,2700,demo_19,southwest,right,13,13.0,0.0,0.0,0.0,"{'bus': 2.0, 'electric_bicycle': 0.0, 'passenger': 11.0, 'truck': 0.0}",True
2,1800,2700,demo_19,southwest,through,26,26.0,0.0,0.0,0.0,"{'bus': 4.0, 'electric_bicycle': 0.5, 'passenger': 19.0, 'truck': 2.5}",True
2,1800,2700,demo_2,north,right,32,32.0,0.0,0.0,0.0,"{'bus': 6.0, 'electric_bicycle': 0.5, 'passenger': 23.0, 'truck': 2.5}",True
2,1800,2700,demo_2,north,through,74,74.0,0.0,0.0,0.0,"{'bus': 12.0, 'electric_bicycle': 0.5, 'passenger': 54.0, 'truck': 7.5}",True
2,1800,2700,demo_2,south,left,44,44.0,0.0,0.0,0.0,"{'bus': 8.0, 'electric_bicycle': 0.5, 'passenger': 33.0, 'truck': 2.5}",True
2,1800,2700,demo_2,south,through,51,51.0,0.0,0.0,0.0,"{'bus': 8.0, 'electric_bicycle': 0.5, 'passenger': 35.0, 'truck': 7.5}",True
2,1800,2700,demo_2,west,left,40,40.0,0.0,0.0,0.0,"{'bus': 8.0, 'electric_bicycle': 0.5, 'passenger': 29.0, 'truck': 2.5}",True
2,1800,2700,demo_2,west,right,50,50.0,0.0,0.0,0.0,"{'bus': 8.0, 'electric_bicycle': 0.5, 'passenger': 34.0, 'truck': 7.5}",True
2,1800,2700,demo_20,east,left,18,18.0,0.0,0.0,0.0,"{'bus': 2.0, 'electric_bicycle': 0.5, 'passenger': 13.0, 'truck': 2.5}",True
2,1800,2700,demo_20,east,right,18,18.0,0.0,0.0,0.0,"{'bus': 2.0, 'electric_bicycle': 0.5, 'passenger': 13.0, 'truck': 2.5}",True
2,1800,2700,demo_20,east,through,29,29.0,0.0,0.0,0.0,"{'bus': 6.0, 'electric_bicycle': 0.5, 'passenger': 20.0, 'truck': 2.5}",True
2,1800,2700,demo_20,north,left,22,22.0,0.0,0.0,0.0,"{'bus': 4.0, 'electric_bicycle': 0.5, 'passenger': 15.0, 'truck': 2.5}",True
2,1800,2700,demo_20,north,right,22,22.0,0.0,0.0,0.0,"{'bus': 4.0, 'electric_bicycle': 0.5, 'passenger': 15.0, 'truck': 2.5}",True
2,1800,2700,demo_20,north,through,36,36.0,0.0,0.0,0.0,"{'bus': 6.0, 'electric_bicycle': 0.5, 'passenger': 27.0, 'truck': 2.5}",True
2,1800,2700,demo_20,south,left,35,35.0,0.0,0.0,0.0,"{'bus': 6.0, 'electric_bicycle': 0.5, 'passenger': 26.0, 'truck': 2.5}",True
2,1800,2700,demo_20,south,right,34,34.0,0.0,0.0,0.0,"{'bus': 6.0, 'electric_bicycle': 0.5, 'passenger': 25.0, 'truck': 2.5}",True
2,1800,2700,demo_20,south,through,57,57.0,0.0,0.0,0.0,"{'bus': 10.0, 'electric_bicycle': 0.5, 'passenger': 39.0, 'truck': 7.5}",True
2,1800,2700,demo_20,west,left,11,11.0,0.0,0.0,0.0,"{'bus': 2.0, 'electric_bicycle': 0.0, 'passenger': 9.0, 'truck': 0.0}",True
2,1800,2700,demo_20,west,right,10,10.0,0.0,0.0,0.0,"{'bus': 2.0, 'electric_bicycle': 0.0, 'passenger': 8.0, 'truck': 0.0}",True
2,1800,2700,demo_20,west,through,17,17.0,0.0,0.0,0.0,"{'bus': 2.0, 'electric_bicycle': 0.5, 'passenger': 12.0, 'truck': 2.5}",True
2,1800,2700,demo_3,east,left,9,9.0,0.0,0.0,0.0,"{'bus': 2.0, 'electric_bicycle': 0.0, 'passenger': 7.0, 'truck': 0.0}",True
2,1800,2700,demo_3,east,right,27,27.0,0.0,0.0,0.0,"{'bus': 4.0, 'electric_bicycle': 0.5, 'passenger': 20.0, 'truck': 2.5}",True
2,1800,2700,demo_3,east,through,60,60.0,0.0,0.0,0.0,"{'bus': 10.0, 'electric_bicycle': 0.5, 'passenger': 42.0, 'truck': 7.5}",True
2,1800,2700,demo_3,north,left,41,41.0,0.0,0.0,0.0,"{'bus': 8.0, 'electric_bicycle': 0.5, 'passenger': 30.0, 'truck': 2.5}",True
2,1800,2700,demo_3,north,right,25,25.0,0.0,0.0,0.0,"{'bus': 4.0, 'electric_bicycle': 0.5, 'passenger': 18.0, 'truck': 2.5}",True
2,1800,2700,demo_3,north,through,18,18.0,0.0,0.0,0.0,"{'bus': 2.0, 'electric_bicycle': 0.5, 'passenger': 13.0, 'truck': 2.5}",True
2,1800,2700,demo_3,south,left,23,23.0,0.0,0.0,0.0,"{'bus': 4.0, 'electric_bicycle': 0.5, 'passenger': 16.0, 'truck': 2.5}",True
2,1800,2700,demo_3,south,right,32,32.0,0.0,0.0,0.0,"{'bus': 6.0, 'electric_bicycle': 0.5, 'passenger': 23.0, 'truck': 2.5}",True
2,1800,2700,demo_3,south,through,26,26.0,0.0,0.0,0.0,"{'bus': 4.0, 'electric_bicycle': 0.5, 'passenger': 19.0, 'truck': 2.5}",True
2,1800,2700,demo_3,west,left,21,21.0,0.0,0.0,0.0,"{'bus': 4.0, 'electric_bicycle': 0.5, 'passenger': 14.0, 'truck': 2.5}",True
2,1800,2700,demo_3,west,right,20,20.0,0.0,0.0,0.0,"{'bus': 4.0, 'electric_bicycle': 0.5, 'passenger': 13.0, 'truck': 2.5}",True
2,1800,2700,demo_3,west,through,70,70.0,0.0,0.0,0.0,"{'bus': 12.0, 'electric_bicycle': 0.5, 'passenger': 50.0, 'truck': 7.5}",True
2,1800,2700,demo_4,east,left,48,48.0,0.0,0.0,0.0,"{'bus': 8.0, 'electric_bicycle': 0.5, 'passenger': 32.0, 'truck': 7.5}",True
2,1800,2700,demo_4,east,right,40,40.0,0.0,0.0,0.0,"{'bus': 8.0, 'electric_bicycle': 0.5, 'passenger': 29.0, 'truck': 2.5}",True
2,1800,2700,demo_4,east,through,40,40.0,0.0,0.0,0.0,"{'bus': 8.0, 'electric_bicycle': 0.5, 'passenger': 29.0, 'truck': 2.5}",True
2,1800,2700,demo_4,north,left,38,38.0,0.0,0.0,0.0,"{'bus': 6.0, 'electric_bicycle': 0.5, 'passenger': 29.0, 'truck': 2.5}",True
2,1800,2700,demo_4,north,right,33,33.0,0.0,0.0,0.0,"{'bus': 6.0, 'electric_bicycle': 0.5, 'passenger': 24.0, 'truck': 2.5}",True
2,1800,2700,demo_4,north,through,49,49.0,0.0,0.0,0.0,"{'bus': 8.0, 'electric_bicycle': 0.5, 'passenger': 33.0, 'truck': 7.5}",True
2,1800,2700,demo_4,south,left,38,38.0,0.0,0.0,0.0,"{'bus': 6.0, 'electric_bicycle': 0.5, 'passenger': 29.0, 'truck': 2.5}",True
2,1800,2700,demo_4,south,right,35,35.0,0.0,0.0,0.0,"{'bus': 6.0, 'electric_bicycle': 0.5, 'passenger': 26.0, 'truck': 2.5}",True
2,1800,2700,demo_4,south,through,70,70.0,0.0,0.0,0.0,"{'bus': 12.0, 'electric_bicycle': 0.5, 'passenger': 50.0, 'truck': 7.5}",True
2,1800,2700,demo_4,west,left,19,19.0,0.0,0.0,0.0,"{'bus': 4.0, 'electric_bicycle': 0.5, 'passenger': 12.0, 'truck': 2.5}",True
2,1800,2700,demo_4,west,right,36,36.0,0.0,0.0,0.0,"{'bus': 6.0, 'electric_bicycle': 0.5, 'passenger': 27.0, 'truck': 2.5}",True
2,1800,2700,demo_4,west,through,59,59.0,0.0,0.0,0.0,"{'bus': 10.0, 'electric_bicycle': 0.5, 'passenger': 41.0, 'truck': 7.5}",True
2,1800,2700,demo_5,east,left,72,72.0,0.0,0.0,0.0,"{'bus': 12.0, 'electric_bicycle': 0.5, 'passenger': 52.0, 'truck': 7.5}",True
2,1800,2700,demo_5,east,through,69,69.0,0.0,0.0,0.0,"{'bus': 12.0, 'electric_bicycle': 0.5, 'passenger': 49.0, 'truck': 7.5}",True
2,1800,2700,demo_5,south,left,69,69.0,0.0,0.0,0.0,"{'bus': 12.0, 'electric_bicycle': 0.5, 'passenger': 49.0, 'truck': 7.5}",True
2,1800,2700,demo_5,south,right,104,104.0,0.0,0.0,0.0,"{'bus': 18.0, 'electric_bicycle': 1.0, 'passenger': 75.0, 'truck': 10.0}",True
2,1800,2700,demo_5,west,right,57,57.0,0.0,0.0,0.0,"{'bus': 10.0, 'electric_bicycle': 0.5, 'passenger': 39.0, 'truck': 7.5}",True
2,1800,2700,demo_5,west,through,129,129.0,0.0,0.0,0.0,"{'bus': 22.0, 'electric_bicycle': 1.5, 'passenger': 93.0, 'truck': 12.5}",True
2,1800,2700,demo_6,east,left,61,61.0,0.0,0.0,0.0,"{'bus': 10.0, 'electric_bicycle': 0.5, 'passenger': 43.0, 'truck': 7.5}",True
2,1800,2700,demo_6,east,right,52,52.0,0.0,0.0,0.0,"{'bus': 8.0, 'electric_bicycle': 0.5, 'passenger': 36.0, 'truck': 7.5}",True
2,1800,2700,demo_6,east,through,71,71.0,0.0,0.0,0.0,"{'bus': 12.0, 'electric_bicycle': 0.5, 'passenger': 51.0, 'truck': 7.5}",True
2,1800,2700,demo_6,north,left,25,25.0,0.0,0.0,0.0,"{'bus': 4.0, 'electric_bicycle': 0.5, 'passenger': 18.0, 'truck': 2.5}",True
2,1800,2700,demo_6,north,right,19,19.0,0.0,0.0,0.0,"{'bus': 4.0, 'electric_bicycle': 0.5, 'passenger': 12.0, 'truck': 2.5}",True
2,1800,2700,demo_6,north,through,74,74.0,0.0,0.0,0.0,"{'bus': 12.0, 'electric_bicycle': 0.5, 'passenger': 54.0, 'truck': 7.5}",True
2,1800,2700,demo_6,south,left,49,49.0,0.0,0.0,0.0,"{'bus': 8.0, 'electric_bicycle': 0.5, 'passenger': 33.0, 'truck': 7.5}",True
2,1800,2700,demo_6,south,right,29,29.0,0.0,0.0,0.0,"{'bus': 6.0, 'electric_bicycle': 0.5, 'passenger': 20.0, 'truck': 2.5}",True
2,1800,2700,demo_6,south,through,60,60.0,0.0,0.0,0.0,"{'bus': 10.0, 'electric_bicycle': 0.5, 'passenger': 42.0, 'truck': 7.5}",True
2,1800,2700,demo_6,west,left,47,47.0,0.0,0.0,0.0,"{'bus': 8.0, 'electric_bicycle': 0.5, 'passenger': 36.0, 'truck': 2.5}",True
2,1800,2700,demo_6,west,right,53,53.0,0.0,0.0,0.0,"{'bus': 8.0, 'electric_bicycle': 0.5, 'passenger': 37.0, 'truck': 7.5}",True
2,1800,2700,demo_6,west,through,74,74.0,0.0,0.0,0.0,"{'bus': 12.0, 'electric_bicycle': 0.5, 'passenger': 54.0, 'truck': 7.5}",True
2,1800,2700,demo_7,east,left,35,35.0,0.0,0.0,0.0,"{'bus': 6.0, 'electric_bicycle': 0.5, 'passenger': 26.0, 'truck': 2.5}",True
2,1800,2700,demo_7,east,right,136,136.0,0.0,0.0,0.0,"{'bus': 24.0, 'electric_bicycle': 1.5, 'passenger': 98.0, 'truck': 12.5}",True
2,1800,2700,demo_7,south,right,56,56.0,0.0,0.0,0.0,"{'bus': 10.0, 'electric_bicycle': 0.5, 'passenger': 38.0, 'truck': 7.5}",True
2,1800,2700,demo_7,south,through,135,135.0,0.0,0.0,0.0,"{'bus': 24.0, 'electric_bicycle': 1.5, 'passenger': 97.0, 'truck': 12.5}",True
2,1800,2700,demo_7,west,left,79,79.0,0.0,0.0,0.0,"{'bus': 14.0, 'electric_bicycle': 0.5, 'passenger': 57.0, 'truck': 7.5}",True
2,1800,2700,demo_7,west,through,80,80.0,0.0,0.0,0.0,"{'bus': 14.0, 'electric_bicycle': 1.0, 'passenger': 55.0, 'truck': 10.0}",True
2,1800,2700,demo_8,east,left,29,29.0,0.0,0.0,0.0,"{'bus': 6.0, 'electric_bicycle': 0.5, 'passenger': 20.0, 'truck': 2.5}",True
2,1800,2700,demo_8,east,right,28,28.0,0.0,0.0,0.0,"{'bus': 4.0, 'electric_bicycle': 0.5, 'passenger': 21.0, 'truck': 2.5}",True
2,1800,2700,demo_8,east,through,115,115.0,0.0,0.0,0.0,"{'bus': 20.0, 'electric_bicycle': 1.5, 'passenger': 81.0, 'truck': 12.5}",True
2,1800,2700,demo_8,north,left,42,42.0,0.0,0.0,0.0,"{'bus': 8.0, 'electric_bicycle': 0.5, 'passenger': 31.0, 'truck': 2.5}",True
2,1800,2700,demo_8,north,right,22,22.0,0.0,0.0,0.0,"{'bus': 4.0, 'electric_bicycle': 0.5, 'passenger': 15.0, 'truck': 2.5}",True
2,1800,2700,demo_8,north,through,115,115.0,0.0,0.0,0.0,"{'bus': 20.0, 'electric_bicycle': 1.5, 'passenger': 81.0, 'truck': 12.5}",True
2,1800,2700,demo_8,south,left,36,36.0,0.0,0.0,0.0,"{'bus': 6.0, 'electric_bicycle': 0.5, 'passenger': 27.0, 'truck': 2.5}",True
2,1800,2700,demo_8,south,right,25,25.0,0.0,0.0,0.0,"{'bus': 4.0, 'electric_bicycle': 0.5, 'passenger': 18.0, 'truck': 2.5}",True
2,1800,2700,demo_8,south,through,112,112.0,0.0,0.0,0.0,"{'bus': 20.0, 'electric_bicycle': 1.0, 'passenger': 81.0, 'truck': 10.0}",True
2,1800,2700,demo_8,west,left,27,27.0,0.0,0.0,0.0,"{'bus': 4.0, 'electric_bicycle': 0.5, 'passenger': 20.0, 'truck': 2.5}",True
2,1800,2700,demo_8,west,right,22,22.0,0.0,0.0,0.0,"{'bus': 4.0, 'electric_bicycle': 0.5, 'passenger': 15.0, 'truck': 2.5}",True
2,1800,2700,demo_8,west,through,105,105.0,0.0,0.0,0.0,"{'bus': 18.0, 'electric_bicycle': 1.0, 'passenger': 76.0, 'truck': 10.0}",True
2,1800,2700,demo_9,east,left,24,24.0,0.0,0.0,0.0,"{'bus': 4.0, 'electric_bicycle': 0.5, 'passenger': 17.0, 'truck': 2.5}",True
2,1800,2700,demo_9,east,right,53,53.0,0.0,0.0,0.0,"{'bus': 8.0, 'electric_bicycle': 1.0, 'passenger': 39.0, 'truck': 5.0}",True
2,1800,2700,demo_9,east,through,10,10.0,0.0,0.0,0.0,"{'bus': 2.0, 'electric_bicycle': 0.0, 'passenger': 8.0, 'truck': 0.0}",True
2,1800,2700,demo_9,north,left,42,42.0,0.0,0.0,0.0,"{'bus': 6.0, 'electric_bicycle': 1.0, 'passenger': 30.0, 'truck': 5.0}",True
2,1800,2700,demo_9,north,right,11,11.0,0.0,0.0,0.0,"{'bus': 2.0, 'electric_bicycle': 0.0, 'passenger': 9.0, 'truck': 0.0}",True
2,1800,2700,demo_9,north,through,57,57.0,0.0,0.0,0.0,"{'bus': 10.0, 'electric_bicycle': 0.5, 'passenger': 39.0, 'truck': 7.5}",True
2,1800,2700,demo_9,northeast,left,34,34.0,0.0,0.0,0.0,"{'bus': 6.0, 'electric_bicycle': 0.5, 'passenger': 25.0, 'truck': 2.5}",True
2,1800,2700,demo_9,northeast,right,36,36.0,0.0,0.0,0.0,"{'bus': 6.0, 'electric_bicycle': 0.5, 'passenger': 27.0, 'truck': 2.5}",True
2,1800,2700,demo_9,northeast,through,0,0.0,0.0,,0.0,"{'bus': 0.0, 'electric_bicycle': 0.0, 'passenger': 0.0, 'truck': 0.0}",True
2,1800,2700,demo_9,south,left,30,30.0,0.0,0.0,0.0,"{'bus': 6.0, 'electric_bicycle': 0.5, 'passenger': 21.0, 'truck': 2.5}",True
2,1800,2700,demo_9,south,right,32,32.0,0.0,0.0,0.0,"{'bus': 6.0, 'electric_bicycle': 0.5, 'passenger': 23.0, 'truck': 2.5}",True
2,1800,2700,demo_9,south,through,44,44.0,0.0,0.0,0.0,"{'bus': 8.0, 'electric_bicycle': 0.5, 'passenger': 33.0, 'truck': 2.5}",True
2,1800,2700,demo_9,west,left,29,29.0,0.0,0.0,0.0,"{'bus': 6.0, 'electric_bicycle': 0.5, 'passenger': 20.0, 'truck': 2.5}",True
2,1800,2700,demo_9,west,right,38,38.0,0.0,0.0,0.0,"{'bus': 6.0, 'electric_bicycle': 0.5, 'passenger': 29.0, 'truck': 2.5}",True
2,1800,2700,demo_9,west,through,9,9.0,0.0,0.0,0.0,"{'bus': 2.0, 'electric_bicycle': 0.0, 'passenger': 7.0, 'truck': 0.0}",True
3,2700,3600,demo_1,east,left,37,37.0,0.0,0.0,0.0,"{'bus': 6.0, 'electric_bicycle': 0.5, 'passenger': 28.0, 'truck': 2.5}",True
3,2700,3600,demo_1,east,right,44,44.0,0.0,0.0,0.0,"{'bus': 8.0, 'electric_bicycle': 0.5, 'passenger': 33.0, 'truck': 2.5}",True
3,2700,3600,demo_1,east,through,50,50.0,0.0,0.0,0.0,"{'bus': 8.0, 'electric_bicycle': 0.5, 'passenger': 34.0, 'truck': 7.5}",True
3,2700,3600,demo_1,north,left,40,40.0,0.0,0.0,0.0,"{'bus': 8.0, 'electric_bicycle': 0.5, 'passenger': 29.0, 'truck': 2.5}",True
3,2700,3600,demo_1,north,right,35,35.0,0.0,0.0,0.0,"{'bus': 6.0, 'electric_bicycle': 0.5, 'passenger': 26.0, 'truck': 2.5}",True
3,2700,3600,demo_1,north,through,84,84.0,0.0,0.0,0.0,"{'bus': 14.0, 'electric_bicycle': 1.0, 'passenger': 59.0, 'truck': 10.0}",True
3,2700,3600,demo_1,south,left,42,42.0,0.0,0.0,0.0,"{'bus': 8.0, 'electric_bicycle': 0.5, 'passenger': 31.0, 'truck': 2.5}",True
3,2700,3600,demo_1,south,right,35,35.0,0.0,0.0,0.0,"{'bus': 6.0, 'electric_bicycle': 0.5, 'passenger': 26.0, 'truck': 2.5}",True
3,2700,3600,demo_1,south,through,41,41.0,0.0,0.0,0.0,"{'bus': 8.0, 'electric_bicycle': 0.5, 'passenger': 30.0, 'truck': 2.5}",True
3,2700,3600,demo_1,west,left,65,65.0,0.0,0.0,0.0,"{'bus': 12.0, 'electric_bicycle': 0.5, 'passenger': 45.0, 'truck': 7.5}",True
3,2700,3600,demo_1,west,right,33,33.0,0.0,0.0,0.0,"{'bus': 6.0, 'electric_bicycle': 0.5, 'passenger': 24.0, 'truck': 2.5}",True
3,2700,3600,demo_1,west,through,79,79.0,0.0,0.0,0.0,"{'bus': 14.0, 'electric_bicycle': 0.5, 'passenger': 57.0, 'truck': 7.5}",True
3,2700,3600,demo_10,east,left,45,45.0,0.0,0.0,0.0,"{'bus': 8.0, 'electric_bicycle': 0.5, 'passenger': 34.0, 'truck': 2.5}",True
3,2700,3600,demo_10,east,through,81,81.0,0.0,0.0,0.0,"{'bus': 14.0, 'electric_bicycle': 1.0, 'passenger': 56.0, 'truck': 10.0}",True
3,2700,3600,demo_10,south,left,78,78.0,0.0,0.0,0.0,"{'bus': 14.0, 'electric_bicycle': 0.5, 'passenger': 56.0, 'truck': 7.5}",True
3,2700,3600,demo_10,south,right,85,85.0,0.0,0.0,0.0,"{'bus': 14.0, 'electric_bicycle': 1.0, 'passenger': 60.0, 'truck': 10.0}",True
3,2700,3600,demo_10,west,right,79,79.0,0.0,0.0,0.0,"{'bus': 14.0, 'electric_bicycle': 0.5, 'passenger': 57.0, 'truck': 7.5}",True
3,2700,3600,demo_10,west,through,101,101.0,0.0,0.0,0.0,"{'bus': 18.0, 'electric_bicycle': 1.0, 'passenger': 72.0, 'truck': 10.0}",True
3,2700,3600,demo_11,east,left,70,70.0,0.0,0.0,0.0,"{'bus': 12.0, 'electric_bicycle': 0.5, 'passenger': 50.0, 'truck': 7.5}",True
3,2700,3600,demo_11,east,right,65,65.0,0.0,0.0,0.0,"{'bus': 12.0, 'electric_bicycle': 0.5, 'passenger': 45.0, 'truck': 7.5}",True
3,2700,3600,demo_11,east,through,105,105.0,0.0,0.0,0.0,"{'bus': 18.0, 'electric_bicycle': 1.0, 'passenger': 76.0, 'truck': 10.0}",True
3,2700,3600,demo_11,north,left,70,70.0,0.0,0.0,0.0,"{'bus': 12.0, 'electric_bicycle': 0.5, 'passenger': 50.0, 'truck': 7.5}",True
3,2700,3600,demo_11,north,right,62,62.0,0.0,0.0,0.0,"{'bus': 10.0, 'electric_bicycle': 0.5, 'passenger': 44.0, 'truck': 7.5}",True
3,2700,3600,demo_11,north,through,88,88.0,0.0,0.0,0.0,"{'bus': 14.0, 'electric_bicycle': 1.0, 'passenger': 63.0, 'truck': 10.0}",True
3,2700,3600,demo_11,south,left,43,43.0,0.0,0.0,0.0,"{'bus': 8.0, 'electric_bicycle': 0.5, 'passenger': 32.0, 'truck': 2.5}",True
3,2700,3600,demo_11,south,right,40,40.0,0.0,0.0,0.0,"{'bus': 8.0, 'electric_bicycle': 0.5, 'passenger': 29.0, 'truck': 2.5}",True
3,2700,3600,demo_11,south,through,60,60.0,0.0,0.0,0.0,"{'bus': 10.0, 'electric_bicycle': 0.5, 'passenger': 42.0, 'truck': 7.5}",True
3,2700,3600,demo_11,west,left,75,75.0,0.0,0.0,0.0,"{'bus': 14.0, 'electric_bicycle': 0.5, 'passenger': 53.0, 'truck': 7.5}",True
3,2700,3600,demo_11,west,right,77,77.0,0.0,0.0,0.0,"{'bus': 14.0, 'electric_bicycle': 0.5, 'passenger': 55.0, 'truck': 7.5}",True
3,2700,3600,demo_11,west,through,110,110.0,0.0,0.0,0.0,"{'bus': 20.0, 'electric_bicycle': 1.0, 'passenger': 79.0, 'truck': 10.0}",True
3,2700,3600,demo_12,east,left,47,47.0,0.0,0.0,0.0,"{'bus': 8.0, 'electric_bicycle': 0.5, 'passenger': 36.0, 'truck': 2.5}",True
3,2700,3600,demo_12,east,right,34,34.0,0.0,0.0,0.0,"{'bus': 6.0, 'electric_bicycle': 0.5, 'passenger': 25.0, 'truck': 2.5}",True
3,2700,3600,demo_12,east,through,87,87.0,0.0,0.0,0.0,"{'bus': 14.0, 'electric_bicycle': 1.0, 'passenger': 62.0, 'truck': 10.0}",True
3,2700,3600,demo_12,north,left,48,48.0,0.0,0.0,0.0,"{'bus': 8.0, 'electric_bicycle': 0.5, 'passenger': 32.0, 'truck': 7.5}",True
3,2700,3600,demo_12,north,right,25,25.0,0.0,0.0,0.0,"{'bus': 4.0, 'electric_bicycle': 0.5, 'passenger': 18.0, 'truck': 2.5}",True
3,2700,3600,demo_12,north,through,54,54.0,0.0,0.0,0.0,"{'bus': 8.0, 'electric_bicycle': 0.5, 'passenger': 38.0, 'truck': 7.5}",True
3,2700,3600,demo_12,south,left,39,39.0,0.0,0.0,0.0,"{'bus': 8.0, 'electric_bicycle': 0.5, 'passenger': 28.0, 'truck': 2.5}",True
3,2700,3600,demo_12,south,right,28,28.0,0.0,0.0,0.0,"{'bus': 4.0, 'electric_bicycle': 0.5, 'passenger': 21.0, 'truck': 2.5}",True
3,2700,3600,demo_12,south,through,74,74.0,0.0,0.0,0.0,"{'bus': 12.0, 'electric_bicycle': 0.5, 'passenger': 54.0, 'truck': 7.5}",True
3,2700,3600,demo_12,west,left,43,43.0,0.0,0.0,0.0,"{'bus': 8.0, 'electric_bicycle': 0.5, 'passenger': 32.0, 'truck': 2.5}",True
3,2700,3600,demo_12,west,right,30,30.0,0.0,0.0,0.0,"{'bus': 6.0, 'electric_bicycle': 0.5, 'passenger': 21.0, 'truck': 2.5}",True
3,2700,3600,demo_12,west,through,79,79.0,0.0,0.0,0.0,"{'bus': 14.0, 'electric_bicycle': 0.5, 'passenger': 57.0, 'truck': 7.5}",True
3,2700,3600,demo_13,east,right,48,48.0,0.0,0.0,0.0,"{'bus': 8.0, 'electric_bicycle': 0.5, 'passenger': 32.0, 'truck': 7.5}",True
3,2700,3600,demo_13,east,through,68,68.0,0.0,0.0,0.0,"{'bus': 12.0, 'electric_bicycle': 0.5, 'passenger': 48.0, 'truck': 7.5}",True
3,2700,3600,demo_13,north,right,165,165.0,0.0,0.0,0.0,"{'bus': 28.0, 'electric_bicycle': 1.5, 'passenger': 118.0, 'truck': 17.5}",True
3,2700,3600,demo_14,east,left,86,86.0,0.0,0.0,0.0,"{'bus': 14.0, 'electric_bicycle': 1.0, 'passenger': 61.0, 'truck': 10.0}",True
3,2700,3600,demo_14,east,right,113,113.0,0.0,0.0,0.0,"{'bus': 20.0, 'electric_bicycle': 1.0, 'passenger': 82.0, 'truck': 10.0}",True
3,2700,3600,demo_14,north,left,53,53.0,0.0,0.0,0.0,"{'bus': 8.0, 'electric_bicycle': 0.5, 'passenger': 37.0, 'truck': 7.5}",True
3,2700,3600,demo_14,north,through,103,103.0,0.0,0.0,0.0,"{'bus': 18.0, 'electric_bicycle': 1.0, 'passenger': 74.0, 'truck': 10.0}",True
3,2700,3600,demo_14,south,right,73,73.0,0.0,0.0,0.0,"{'bus': 12.0, 'electric_bicycle': 0.5, 'passenger': 53.0, 'truck': 7.5}",True
3,2700,3600,demo_14,south,through,47,47.0,0.0,0.0,0.0,"{'bus': 8.0, 'electric_bicycle': 0.5, 'passenger': 36.0, 'truck': 2.5}",True
3,2700,3600,demo_15,east,left,32,32.0,0.0,0.0,0.0,"{'bus': 6.0, 'electric_bicycle': 0.5, 'passenger': 23.0, 'truck': 2.5}",True
3,2700,3600,demo_15,east,right,29,29.0,0.0,0.0,0.0,"{'bus': 6.0, 'electric_bicycle': 0.5, 'passenger': 20.0, 'truck': 2.5}",True
3,2700,3600,demo_15,east,through,89,89.0,0.0,0.0,0.0,"{'bus': 16.0, 'electric_bicycle': 1.0, 'passenger': 62.0, 'truck': 10.0}",True
3,2700,3600,demo_15,north,left,81,81.0,0.0,0.0,0.0,"{'bus': 14.0, 'electric_bicycle': 1.0, 'passenger': 56.0, 'truck': 10.0}",True
3,2700,3600,demo_15,north,right,69,69.0,0.0,0.0,0.0,"{'bus': 12.0, 'electric_bicycle': 0.5, 'passenger': 49.0, 'truck': 7.5}",True
3,2700,3600,demo_15,north,through,80,80.0,0.0,0.0,0.0,"{'bus': 14.0, 'electric_bicycle': 1.0, 'passenger': 55.0, 'truck': 10.0}",True
3,2700,3600,demo_15,south,left,26,26.0,0.0,0.0,0.0,"{'bus': 4.0, 'electric_bicycle': 0.5, 'passenger': 19.0, 'truck': 2.5}",True
3,2700,3600,demo_15,south,right,83,83.0,0.0,0.0,0.0,"{'bus': 14.0, 'electric_bicycle': 1.0, 'passenger': 58.0, 'truck': 10.0}",True
3,2700,3600,demo_15,south,through,98,98.0,0.0,0.0,0.0,"{'bus': 16.0, 'electric_bicycle': 1.0, 'passenger': 71.0, 'truck': 10.0}",True
3,2700,3600,demo_15,west,left,66,66.0,0.0,0.0,0.0,"{'bus': 12.0, 'electric_bicycle': 0.5, 'passenger': 46.0, 'truck': 7.5}",True
3,2700,3600,demo_15,west,right,36,36.0,0.0,0.0,0.0,"{'bus': 6.0, 'electric_bicycle': 0.5, 'passenger': 27.0, 'truck': 2.5}",True
3,2700,3600,demo_15,west,through,85,85.0,0.0,0.0,0.0,"{'bus': 14.0, 'electric_bicycle': 1.0, 'passenger': 60.0, 'truck': 10.0}",True
3,2700,3600,demo_16,east,left,38,38.0,0.0,0.0,0.0,"{'bus': 6.0, 'electric_bicycle': 0.5, 'passenger': 29.0, 'truck': 2.5}",True
3,2700,3600,demo_16,east,right,37,37.0,0.0,0.0,0.0,"{'bus': 6.0, 'electric_bicycle': 0.5, 'passenger': 28.0, 'truck': 2.5}",True
3,2700,3600,demo_16,east,through,46,46.0,0.0,0.0,0.0,"{'bus': 8.0, 'electric_bicycle': 0.5, 'passenger': 35.0, 'truck': 2.5}",True
3,2700,3600,demo_16,north,left,47,47.0,0.0,0.0,0.0,"{'bus': 8.0, 'electric_bicycle': 0.5, 'passenger': 36.0, 'truck': 2.5}",True
3,2700,3600,demo_16,north,right,33,33.0,0.0,0.0,0.0,"{'bus': 6.0, 'electric_bicycle': 0.5, 'passenger': 24.0, 'truck': 2.5}",True
3,2700,3600,demo_16,north,through,29,29.0,0.0,0.0,0.0,"{'bus': 6.0, 'electric_bicycle': 0.5, 'passenger': 20.0, 'truck': 2.5}",True
3,2700,3600,demo_16,south,left,41,41.0,0.0,0.0,0.0,"{'bus': 8.0, 'electric_bicycle': 0.5, 'passenger': 30.0, 'truck': 2.5}",True
3,2700,3600,demo_16,south,right,37,37.0,0.0,0.0,0.0,"{'bus': 6.0, 'electric_bicycle': 0.5, 'passenger': 28.0, 'truck': 2.5}",True
3,2700,3600,demo_16,south,through,71,71.0,0.0,0.0,0.0,"{'bus': 12.0, 'electric_bicycle': 0.5, 'passenger': 51.0, 'truck': 7.5}",True
3,2700,3600,demo_16,west,left,41,41.0,0.0,0.0,0.0,"{'bus': 8.0, 'electric_bicycle': 0.5, 'passenger': 30.0, 'truck': 2.5}",True
3,2700,3600,demo_16,west,right,45,45.0,0.0,0.0,0.0,"{'bus': 8.0, 'electric_bicycle': 0.5, 'passenger': 34.0, 'truck': 2.5}",True
3,2700,3600,demo_16,west,through,71,71.0,0.0,0.0,0.0,"{'bus': 12.0, 'electric_bicycle': 0.5, 'passenger': 51.0, 'truck': 7.5}",True
3,2700,3600,demo_17,east,left,108,108.0,0.0,0.0,0.0,"{'bus': 20.0, 'electric_bicycle': 1.0, 'passenger': 77.0, 'truck': 10.0}",True
3,2700,3600,demo_17,east,right,70,70.0,0.0,0.0,0.0,"{'bus': 12.0, 'electric_bicycle': 0.5, 'passenger': 50.0, 'truck': 7.5}",True
3,2700,3600,demo_17,north,left,90,90.0,0.0,0.0,0.0,"{'bus': 16.0, 'electric_bicycle': 1.0, 'passenger': 63.0, 'truck': 10.0}",True
3,2700,3600,demo_17,north,through,59,59.0,0.0,0.0,0.0,"{'bus': 10.0, 'electric_bicycle': 0.5, 'passenger': 41.0, 'truck': 7.5}",True
3,2700,3600,demo_17,south,right,101,101.0,0.0,0.0,0.0,"{'bus': 18.0, 'electric_bicycle': 1.0, 'passenger': 72.0, 'truck': 10.0}",True
3,2700,3600,demo_17,south,through,78,78.0,0.0,0.0,0.0,"{'bus': 14.0, 'electric_bicycle': 0.5, 'passenger': 56.0, 'truck': 7.5}",True
3,2700,3600,demo_18,northeast,left,87,87.0,0.0,0.0,0.0,"{'bus': 14.0, 'electric_bicycle': 1.0, 'passenger': 62.0, 'truck': 10.0}",True
3,2700,3600,demo_18,northeast,right,33,33.0,0.0,0.0,0.0,"{'bus': 6.0, 'electric_bicycle': 0.5, 'passenger': 24.0, 'truck': 2.5}",True
3,2700,3600,demo_18,northeast,through,147,147.0,0.0,0.0,0.0,"{'bus': 24.0, 'electric_bicycle': 1.5, 'passenger': 104.0, 'truck': 17.5}",True
3,2700,3600,demo_18,northwest,left,45,45.0,0.0,0.0,0.0,"{'bus': 8.0, 'electric_bicycle': 0.5, 'passenger': 34.0, 'truck': 2.5}",True
3,2700,3600,demo_18,northwest,right,30,30.0,0.0,0.0,0.0,"{'bus': 6.0, 'electric_bicycle': 0.5, 'passenger': 21.0, 'truck': 2.5}",True
3,2700,3600,demo_18,northwest,through,71,71.0,0.0,0.0,0.0,"{'bus': 12.0, 'electric_bicycle': 0.5, 'passenger': 51.0, 'truck': 7.5}",True
3,2700,3600,demo_18,southeast,left,64,64.0,0.0,0.0,0.0,"{'bus': 10.0, 'electric_bicycle': 0.5, 'passenger': 46.0, 'truck': 7.5}",True
3,2700,3600,demo_18,southeast,right,22,22.0,0.0,0.0,0.0,"{'bus': 4.0, 'electric_bicycle': 0.5, 'passenger': 15.0, 'truck': 2.5}",True
3,2700,3600,demo_18,southeast,through,96,96.0,0.0,0.0,0.0,"{'bus': 16.0, 'electric_bicycle': 1.0, 'passenger': 69.0, 'truck': 10.0}",True
3,2700,3600,demo_18,southwest,left,63,63.0,0.0,0.0,0.0,"{'bus': 10.0, 'electric_bicycle': 0.5, 'passenger': 45.0, 'truck': 7.5}",True
3,2700,3600,demo_18,southwest,right,84,84.0,0.0,0.0,0.0,"{'bus': 16.0, 'electric_bicycle': 1.0, 'passenger': 62.0, 'truck': 5.0}",True
3,2700,3600,demo_18,southwest,through,86,86.0,0.0,0.0,0.0,"{'bus': 14.0, 'electric_bicycle': 1.0, 'passenger': 61.0, 'truck': 10.0}",True
3,2700,3600,demo_19,northeast,left,21,21.0,0.0,0.0,0.0,"{'bus': 4.0, 'electric_bicycle': 0.5, 'passenger': 14.0, 'truck': 2.5}",True
3,2700,3600,demo_19,northeast,right,64,64.0,0.0,0.0,0.0,"{'bus': 10.0, 'electric_bicycle': 0.5, 'passenger': 46.0, 'truck': 7.5}",True
3,2700,3600,demo_19,northeast,through,95,95.0,0.0,0.0,0.0,"{'bus': 16.0, 'electric_bicycle': 1.0, 'passenger': 68.0, 'truck': 10.0}",True
3,2700,3600,demo_19,northwest,left,43,43.0,0.0,0.0,0.0,"{'bus': 8.0, 'electric_bicycle': 0.5, 'passenger': 32.0, 'truck': 2.5}",True
3,2700,3600,demo_19,northwest,right,48,48.0,0.0,0.0,0.0,"{'bus': 8.0, 'electric_bicycle': 0.5, 'passenger': 32.0, 'truck': 7.5}",True
3,2700,3600,demo_19,northwest,through,71,71.0,0.0,0.0,0.0,"{'bus': 12.0, 'electric_bicycle': 0.5, 'passenger': 51.0, 'truck': 7.5}",True
3,2700,3600,demo_19,southeast,left,67,67.0,0.0,0.0,0.0,"{'bus': 12.0, 'electric_bicycle': 0.5, 'passenger': 47.0, 'truck': 7.5}",True
3,2700,3600,demo_19,southeast,right,15,15.0,0.0,0.0,0.0,"{'bus': 2.0, 'electric_bicycle': 0.5, 'passenger': 10.0, 'truck': 2.5}",True
3,2700,3600,demo_19,southeast,through,71,71.0,0.0,0.0,0.0,"{'bus': 12.0, 'electric_bicycle': 0.5, 'passenger': 51.0, 'truck': 7.5}",True
3,2700,3600,demo_19,southwest,left,72,72.0,0.0,0.0,0.0,"{'bus': 12.0, 'electric_bicycle': 0.5, 'passenger': 52.0, 'truck': 7.5}",True
3,2700,3600,demo_19,southwest,right,12,12.0,0.0,0.0,0.0,"{'bus': 2.0, 'electric_bicycle': 0.0, 'passenger': 10.0, 'truck': 0.0}",True
3,2700,3600,demo_19,southwest,through,31,31.0,0.0,0.0,0.0,"{'bus': 6.0, 'electric_bicycle': 0.5, 'passenger': 22.0, 'truck': 2.5}",True
3,2700,3600,demo_2,north,right,35,35.0,0.0,0.0,0.0,"{'bus': 6.0, 'electric_bicycle': 0.5, 'passenger': 26.0, 'truck': 2.5}",True
3,2700,3600,demo_2,north,through,73,73.0,0.0,0.0,0.0,"{'bus': 12.0, 'electric_bicycle': 0.5, 'passenger': 53.0, 'truck': 7.5}",True
3,2700,3600,demo_2,south,left,42,42.0,0.0,0.0,0.0,"{'bus': 8.0, 'electric_bicycle': 0.5, 'passenger': 31.0, 'truck': 2.5}",True
3,2700,3600,demo_2,south,through,48,48.0,0.0,0.0,0.0,"{'bus': 8.0, 'electric_bicycle': 0.5, 'passenger': 32.0, 'truck': 7.5}",True
3,2700,3600,demo_2,west,left,41,41.0,0.0,0.0,0.0,"{'bus': 8.0, 'electric_bicycle': 0.5, 'passenger': 30.0, 'truck': 2.5}",True
3,2700,3600,demo_2,west,right,46,46.0,0.0,0.0,0.0,"{'bus': 8.0, 'electric_bicycle': 0.5, 'passenger': 35.0, 'truck': 2.5}",True
3,2700,3600,demo_20,east,left,15,15.0,0.0,0.0,0.0,"{'bus': 2.0, 'electric_bicycle': 0.5, 'passenger': 10.0, 'truck': 2.5}",True
3,2700,3600,demo_20,east,right,14,14.0,0.0,0.0,0.0,"{'bus': 2.0, 'electric_bicycle': 0.5, 'passenger': 9.0, 'truck': 2.5}",True
3,2700,3600,demo_20,east,through,23,23.0,0.0,0.0,0.0,"{'bus': 4.0, 'electric_bicycle': 0.5, 'passenger': 16.0, 'truck': 2.5}",True
3,2700,3600,demo_20,north,left,24,24.0,0.0,0.0,0.0,"{'bus': 4.0, 'electric_bicycle': 0.5, 'passenger': 17.0, 'truck': 2.5}",True
3,2700,3600,demo_20,north,right,23,23.0,0.0,0.0,0.0,"{'bus': 4.0, 'electric_bicycle': 0.5, 'passenger': 16.0, 'truck': 2.5}",True
3,2700,3600,demo_20,north,through,39,39.0,0.0,0.0,0.0,"{'bus': 8.0, 'electric_bicycle': 0.5, 'passenger': 28.0, 'truck': 2.5}",True
3,2700,3600,demo_20,south,left,38,38.0,0.0,0.0,0.0,"{'bus': 6.0, 'electric_bicycle': 0.5, 'passenger': 29.0, 'truck': 2.5}",True
3,2700,3600,demo_20,south,right,36,36.0,0.0,0.0,0.0,"{'bus': 6.0, 'electric_bicycle': 0.5, 'passenger': 27.0, 'truck': 2.5}",True
3,2700,3600,demo_20,south,through,61,61.0,0.0,0.0,0.0,"{'bus': 10.0, 'electric_bicycle': 0.5, 'passenger': 43.0, 'truck': 7.5}",True
3,2700,3600,demo_20,west,left,13,13.0,0.0,0.0,0.0,"{'bus': 2.0, 'electric_bicycle': 0.0, 'passenger': 11.0, 'truck': 0.0}",True
3,2700,3600,demo_20,west,right,12,12.0,0.0,0.0,0.0,"{'bus': 2.0, 'electric_bicycle': 0.0, 'passenger': 10.0, 'truck': 0.0}",True
3,2700,3600,demo_20,west,through,21,21.0,0.0,0.0,0.0,"{'bus': 4.0, 'electric_bicycle': 0.5, 'passenger': 14.0, 'truck': 2.5}",True
3,2700,3600,demo_3,east,left,9,9.0,0.0,0.0,0.0,"{'bus': 2.0, 'electric_bicycle': 0.0, 'passenger': 7.0, 'truck': 0.0}",True
3,2700,3600,demo_3,east,right,27,27.0,0.0,0.0,0.0,"{'bus': 4.0, 'electric_bicycle': 0.5, 'passenger': 20.0, 'truck': 2.5}",True
3,2700,3600,demo_3,east,through,59,59.0,0.0,0.0,0.0,"{'bus': 10.0, 'electric_bicycle': 0.5, 'passenger': 41.0, 'truck': 7.5}",True
3,2700,3600,demo_3,north,left,40,40.0,0.0,0.0,0.0,"{'bus': 8.0, 'electric_bicycle': 0.5, 'passenger': 29.0, 'truck': 2.5}",True
3,2700,3600,demo_3,north,right,26,26.0,0.0,0.0,0.0,"{'bus': 4.0, 'electric_bicycle': 0.5, 'passenger': 19.0, 'truck': 2.5}",True
3,2700,3600,demo_3,north,through,19,19.0,0.0,0.0,0.0,"{'bus': 4.0, 'electric_bicycle': 0.5, 'passenger': 12.0, 'truck': 2.5}",True
3,2700,3600,demo_3,south,left,24,24.0,0.0,0.0,0.0,"{'bus': 4.0, 'electric_bicycle': 0.5, 'passenger': 17.0, 'truck': 2.5}",True
3,2700,3600,demo_3,south,right,33,33.0,0.0,0.0,0.0,"{'bus': 6.0, 'electric_bicycle': 0.5, 'passenger': 24.0, 'truck': 2.5}",True
3,2700,3600,demo_3,south,through,27,27.0,0.0,0.0,0.0,"{'bus': 4.0, 'electric_bicycle': 0.5, 'passenger': 20.0, 'truck': 2.5}",True
3,2700,3600,demo_3,west,left,20,20.0,0.0,0.0,0.0,"{'bus': 4.0, 'electric_bicycle': 0.5, 'passenger': 13.0, 'truck': 2.5}",True
3,2700,3600,demo_3,west,right,19,19.0,0.0,0.0,0.0,"{'bus': 4.0, 'electric_bicycle': 0.5, 'passenger': 12.0, 'truck': 2.5}",True
3,2700,3600,demo_3,west,through,68,68.0,0.0,0.0,0.0,"{'bus': 12.0, 'electric_bicycle': 0.5, 'passenger': 48.0, 'truck': 7.5}",True
3,2700,3600,demo_4,east,left,53,53.0,0.0,0.0,0.0,"{'bus': 8.0, 'electric_bicycle': 0.5, 'passenger': 37.0, 'truck': 7.5}",True
3,2700,3600,demo_4,east,right,38,38.0,0.0,0.0,0.0,"{'bus': 6.0, 'electric_bicycle': 0.5, 'passenger': 29.0, 'truck': 2.5}",True
3,2700,3600,demo_4,east,through,43,43.0,0.0,0.0,0.0,"{'bus': 8.0, 'electric_bicycle': 0.5, 'passenger': 32.0, 'truck': 2.5}",True
3,2700,3600,demo_4,north,left,35,35.0,0.0,0.0,0.0,"{'bus': 6.0, 'electric_bicycle': 0.5, 'passenger': 26.0, 'truck': 2.5}",True
3,2700,3600,demo_4,north,right,34,34.0,0.0,0.0,0.0,"{'bus': 6.0, 'electric_bicycle': 0.5, 'passenger': 25.0, 'truck': 2.5}",True
3,2700,3600,demo_4,north,through,50,50.0,0.0,0.0,0.0,"{'bus': 8.0, 'electric_bicycle': 0.5, 'passenger': 34.0, 'truck': 7.5}",True
3,2700,3600,demo_4,south,left,37,37.0,0.0,0.0,0.0,"{'bus': 6.0, 'electric_bicycle': 0.5, 'passenger': 28.0, 'truck': 2.5}",True
3,2700,3600,demo_4,south,right,33,33.0,0.0,0.0,0.0,"{'bus': 6.0, 'electric_bicycle': 0.5, 'passenger': 24.0, 'truck': 2.5}",True
3,2700,3600,demo_4,south,through,67,67.0,0.0,0.0,0.0,"{'bus': 12.0, 'electric_bicycle': 0.5, 'passenger': 47.0, 'truck': 7.5}",True
3,2700,3600,demo_4,west,left,20,20.0,0.0,0.0,0.0,"{'bus': 4.0, 'electric_bicycle': 0.5, 'passenger': 13.0, 'truck': 2.5}",True
3,2700,3600,demo_4,west,right,36,36.0,0.0,0.0,0.0,"{'bus': 6.0, 'electric_bicycle': 0.5, 'passenger': 27.0, 'truck': 2.5}",True
3,2700,3600,demo_4,west,through,60,60.0,0.0,0.0,0.0,"{'bus': 10.0, 'electric_bicycle': 0.5, 'passenger': 42.0, 'truck': 7.5}",True
3,2700,3600,demo_5,east,left,69,69.0,0.0,0.0,0.0,"{'bus': 12.0, 'electric_bicycle': 0.5, 'passenger': 49.0, 'truck': 7.5}",True
3,2700,3600,demo_5,east,through,71,71.0,0.0,0.0,0.0,"{'bus': 12.0, 'electric_bicycle': 0.5, 'passenger': 51.0, 'truck': 7.5}",True
3,2700,3600,demo_5,south,left,72,72.0,0.0,0.0,0.0,"{'bus': 12.0, 'electric_bicycle': 0.5, 'passenger': 52.0, 'truck': 7.5}",True
3,2700,3600,demo_5,south,right,107,107.0,0.0,0.0,0.0,"{'bus': 18.0, 'electric_bicycle': 1.0, 'passenger': 78.0, 'truck': 10.0}",True
3,2700,3600,demo_5,west,right,54,54.0,0.0,0.0,0.0,"{'bus': 8.0, 'electric_bicycle': 0.5, 'passenger': 38.0, 'truck': 7.5}",True
3,2700,3600,demo_5,west,through,131,131.0,0.0,0.0,0.0,"{'bus': 22.0, 'electric_bicycle': 1.5, 'passenger': 95.0, 'truck': 12.5}",True
3,2700,3600,demo_6,east,left,49,49.0,0.0,0.0,0.0,"{'bus': 8.0, 'electric_bicycle': 0.5, 'passenger': 33.0, 'truck': 7.5}",True
3,2700,3600,demo_6,east,right,61,61.0,0.0,0.0,0.0,"{'bus': 10.0, 'electric_bicycle': 0.5, 'passenger': 43.0, 'truck': 7.5}",True
3,2700,3600,demo_6,east,through,67,67.0,0.0,0.0,0.0,"{'bus': 12.0, 'electric_bicycle': 0.5, 'passenger': 47.0, 'truck': 7.5}",True
3,2700,3600,demo_6,north,left,28,28.0,0.0,0.0,0.0,"{'bus': 4.0, 'electric_bicycle': 0.5, 'passenger': 21.0, 'truck': 2.5}",True
3,2700,3600,demo_6,north,right,25,25.0,0.0,0.0,0.0,"{'bus': 4.0, 'electric_bicycle': 0.5, 'passenger': 18.0, 'truck': 2.5}",True
3,2700,3600,demo_6,north,through,88,88.0,0.0,0.0,0.0,"{'bus': 14.0, 'electric_bicycle': 1.0, 'passenger': 63.0, 'truck': 10.0}",True
3,2700,3600,demo_6,south,left,55,55.0,0.0,0.0,0.0,"{'bus': 8.0, 'electric_bicycle': 0.5, 'passenger': 39.0, 'truck': 7.5}",True
3,2700,3600,demo_6,south,right,41,41.0,0.0,0.0,0.0,"{'bus': 8.0, 'electric_bicycle': 0.5, 'passenger': 30.0, 'truck': 2.5}",True
3,2700,3600,demo_6,south,through,48,48.0,0.0,0.0,0.0,"{'bus': 8.0, 'electric_bicycle': 0.5, 'passenger': 32.0, 'truck': 7.5}",True
3,2700,3600,demo_6,west,left,39,39.0,0.0,0.0,0.0,"{'bus': 8.0, 'electric_bicycle': 0.5, 'passenger': 28.0, 'truck': 2.5}",True
3,2700,3600,demo_6,west,right,61,61.0,0.0,0.0,0.0,"{'bus': 10.0, 'electric_bicycle': 0.5, 'passenger': 43.0, 'truck': 7.5}",True
3,2700,3600,demo_6,west,through,46,46.0,0.0,0.0,0.0,"{'bus': 8.0, 'electric_bicycle': 0.5, 'passenger': 35.0, 'truck': 2.5}",True
3,2700,3600,demo_7,east,left,31,31.0,0.0,0.0,0.0,"{'bus': 6.0, 'electric_bicycle': 0.5, 'passenger': 22.0, 'truck': 2.5}",True
3,2700,3600,demo_7,east,right,134,134.0,0.0,0.0,0.0,"{'bus': 24.0, 'electric_bicycle': 1.5, 'passenger': 96.0, 'truck': 12.5}",True
3,2700,3600,demo_7,south,right,59,59.0,0.0,0.0,0.0,"{'bus': 10.0, 'electric_bicycle': 0.5, 'passenger': 41.0, 'truck': 7.5}",True
3,2700,3600,demo_7,south,through,132,132.0,0.0,0.0,0.0,"{'bus': 24.0, 'electric_bicycle': 1.5, 'passenger': 94.0, 'truck': 12.5}",True
3,2700,3600,demo_7,west,left,77,77.0,0.0,0.0,0.0,"{'bus': 14.0, 'electric_bicycle': 0.5, 'passenger': 55.0, 'truck': 7.5}",True
3,2700,3600,demo_7,west,through,78,78.0,0.0,0.0,0.0,"{'bus': 14.0, 'electric_bicycle': 0.5, 'passenger': 56.0, 'truck': 7.5}",True
3,2700,3600,demo_8,east,left,45,45.0,0.0,0.0,0.0,"{'bus': 8.0, 'electric_bicycle': 0.5, 'passenger': 34.0, 'truck': 2.5}",True
3,2700,3600,demo_8,east,right,20,20.0,0.0,0.0,0.0,"{'bus': 4.0, 'electric_bicycle': 0.5, 'passenger': 13.0, 'truck': 2.5}",True
3,2700,3600,demo_8,east,through,88,88.0,0.0,0.0,0.0,"{'bus': 14.0, 'electric_bicycle': 1.0, 'passenger': 63.0, 'truck': 10.0}",True
3,2700,3600,demo_8,north,left,30,30.0,0.0,0.0,0.0,"{'bus': 6.0, 'electric_bicycle': 0.5, 'passenger': 21.0, 'truck': 2.5}",True
3,2700,3600,demo_8,north,right,28,28.0,0.0,0.0,0.0,"{'bus': 4.0, 'electric_bicycle': 0.5, 'passenger': 21.0, 'truck': 2.5}",True
3,2700,3600,demo_8,north,through,132,132.0,0.0,0.0,0.0,"{'bus': 24.0, 'electric_bicycle': 1.5, 'passenger': 94.0, 'truck': 12.5}",True
3,2700,3600,demo_8,south,left,27,27.0,0.0,0.0,0.0,"{'bus': 4.0, 'electric_bicycle': 0.5, 'passenger': 20.0, 'truck': 2.5}",True
3,2700,3600,demo_8,south,right,21,21.0,0.0,0.0,0.0,"{'bus': 4.0, 'electric_bicycle': 0.5, 'passenger': 14.0, 'truck': 2.5}",True
3,2700,3600,demo_8,south,through,108,108.0,0.0,0.0,0.0,"{'bus': 20.0, 'electric_bicycle': 1.0, 'passenger': 77.0, 'truck': 10.0}",True
3,2700,3600,demo_8,west,left,38,38.0,0.0,0.0,0.0,"{'bus': 6.0, 'electric_bicycle': 0.5, 'passenger': 29.0, 'truck': 2.5}",True
3,2700,3600,demo_8,west,right,25,25.0,0.0,0.0,0.0,"{'bus': 4.0, 'electric_bicycle': 0.5, 'passenger': 18.0, 'truck': 2.5}",True
3,2700,3600,demo_8,west,through,120,120.0,0.0,0.0,0.0,"{'bus': 20.0, 'electric_bicycle': 1.5, 'passenger': 86.0, 'truck': 12.5}",True
3,2700,3600,demo_9,east,left,22,22.0,0.0,0.0,0.0,"{'bus': 4.0, 'electric_bicycle': 0.5, 'passenger': 15.0, 'truck': 2.5}",True
3,2700,3600,demo_9,east,right,46,46.0,0.0,0.0,0.0,"{'bus': 8.0, 'electric_bicycle': 1.0, 'passenger': 32.0, 'truck': 5.0}",True
3,2700,3600,demo_9,east,through,9,9.0,0.0,0.0,0.0,"{'bus': 2.0, 'electric_bicycle': 0.0, 'passenger': 7.0, 'truck': 0.0}",True
3,2700,3600,demo_9,north,left,40,40.0,0.0,0.0,0.0,"{'bus': 6.0, 'electric_bicycle': 1.0, 'passenger': 28.0, 'truck': 5.0}",True
3,2700,3600,demo_9,north,right,10,10.0,0.0,0.0,0.0,"{'bus': 2.0, 'electric_bicycle': 0.0, 'passenger': 8.0, 'truck': 0.0}",True
3,2700,3600,demo_9,north,through,55,55.0,0.0,0.0,0.0,"{'bus': 8.0, 'electric_bicycle': 0.5, 'passenger': 39.0, 'truck': 7.5}",True
3,2700,3600,demo_9,northeast,left,32,32.0,0.0,0.0,0.0,"{'bus': 6.0, 'electric_bicycle': 0.5, 'passenger': 23.0, 'truck': 2.5}",True
3,2700,3600,demo_9,northeast,right,34,34.0,0.0,0.0,0.0,"{'bus': 6.0, 'electric_bicycle': 0.5, 'passenger': 25.0, 'truck': 2.5}",True
3,2700,3600,demo_9,northeast,through,0,0.0,0.0,,0.0,"{'bus': 0.0, 'electric_bicycle': 0.0, 'passenger': 0.0, 'truck': 0.0}",True
3,2700,3600,demo_9,south,left,32,32.0,0.0,0.0,0.0,"{'bus': 6.0, 'electric_bicycle': 0.5, 'passenger': 23.0, 'truck': 2.5}",True
3,2700,3600,demo_9,south,right,34,34.0,0.0,0.0,0.0,"{'bus': 6.0, 'electric_bicycle': 0.5, 'passenger': 25.0, 'truck': 2.5}",True
3,2700,3600,demo_9,south,through,48,48.0,0.0,0.0,0.0,"{'bus': 8.0, 'electric_bicycle': 0.5, 'passenger': 32.0, 'truck': 7.5}",True
3,2700,3600,demo_9,west,left,28,28.0,0.0,0.0,0.0,"{'bus': 4.0, 'electric_bicycle': 0.5, 'passenger': 21.0, 'truck': 2.5}",True
3,2700,3600,demo_9,west,right,37,37.0,0.0,0.0,0.0,"{'bus': 6.0, 'electric_bicycle': 0.5, 'passenger': 28.0, 'truck': 2.5}",True
3,2700,3600,demo_9,west,through,9,9.0,0.0,0.0,0.0,"{'bus': 2.0, 'electric_bicycle': 0.0, 'passenger': 7.0, 'truck': 0.0}",True
4,3600,4500,demo_1,east,left,34,34.0,0.0,0.0,0.0,"{'bus': 6.0, 'electric_bicycle': 0.5, 'passenger': 25.0, 'truck': 2.5}",True
4,3600,4500,demo_1,east,right,42,42.0,0.0,0.0,0.0,"{'bus': 8.0, 'electric_bicycle': 0.5, 'passenger': 31.0, 'truck': 2.5}",True
4,3600,4500,demo_1,east,through,52,52.0,0.0,0.0,0.0,"{'bus': 8.0, 'electric_bicycle': 0.5, 'passenger': 36.0, 'truck': 7.5}",True
4,3600,4500,demo_1,north,left,43,43.0,0.0,0.0,0.0,"{'bus': 8.0, 'electric_bicycle': 0.5, 'passenger': 32.0, 'truck': 2.5}",True
4,3600,4500,demo_1,north,right,34,34.0,0.0,0.0,0.0,"{'bus': 6.0, 'electric_bicycle': 0.5, 'passenger': 25.0, 'truck': 2.5}",True
4,3600,4500,demo_1,north,through,83,83.0,0.0,0.0,0.0,"{'bus': 14.0, 'electric_bicycle': 1.0, 'passenger': 58.0, 'truck': 10.0}",True
4,3600,4500,demo_1,south,left,43,43.0,0.0,0.0,0.0,"{'bus': 8.0, 'electric_bicycle': 0.5, 'passenger': 32.0, 'truck': 2.5}",True
4,3600,4500,demo_1,south,right,33,33.0,0.0,0.0,0.0,"{'bus': 6.0, 'electric_bicycle': 0.5, 'passenger': 24.0, 'truck': 2.5}",True
4,3600,4500,demo_1,south,through,44,44.0,0.0,0.0,0.0,"{'bus': 8.0, 'electric_bicycle': 0.5, 'passenger': 33.0, 'truck': 2.5}",True
4,3600,4500,demo_1,west,left,64,64.0,0.0,0.0,0.0,"{'bus': 10.0, 'electric_bicycle': 0.5, 'passenger': 46.0, 'truck': 7.5}",True
4,3600,4500,demo_1,west,right,30,30.0,0.0,0.0,0.0,"{'bus': 6.0, 'electric_bicycle': 0.5, 'passenger': 21.0, 'truck': 2.5}",True
4,3600,4500,demo_1,west,through,74,74.0,0.0,0.0,0.0,"{'bus': 12.0, 'electric_bicycle': 0.5, 'passenger': 54.0, 'truck': 7.5}",True
4,3600,4500,demo_10,east,left,45,45.0,0.0,0.0,0.0,"{'bus': 8.0, 'electric_bicycle': 0.5, 'passenger': 34.0, 'truck': 2.5}",True
4,3600,4500,demo_10,east,through,78,78.0,0.0,0.0,0.0,"{'bus': 14.0, 'electric_bicycle': 0.5, 'passenger': 56.0, 'truck': 7.5}",True
4,3600,4500,demo_10,south,left,76,76.0,0.0,0.0,0.0,"{'bus': 14.0, 'electric_bicycle': 0.5, 'passenger': 54.0, 'truck': 7.5}",True
4,3600,4500,demo_10,south,right,87,87.0,0.0,0.0,0.0,"{'bus': 14.0, 'electric_bicycle': 1.0, 'passenger': 62.0, 'truck': 10.0}",True
4,3600,4500,demo_10,west,right,77,77.0,0.0,0.0,0.0,"{'bus': 14.0, 'electric_bicycle': 0.5, 'passenger': 55.0, 'truck': 7.5}",True
4,3600,4500,demo_10,west,through,94,94.0,0.0,0.0,0.0,"{'bus': 16.0, 'electric_bicycle': 1.0, 'passenger': 67.0, 'truck': 10.0}",True
4,3600,4500,demo_11,east,left,75,75.0,0.0,0.0,0.0,"{'bus': 14.0, 'electric_bicycle': 0.5, 'passenger': 53.0, 'truck': 7.5}",True
4,3600,4500,demo_11,east,right,70,70.0,0.0,0.0,0.0,"{'bus': 12.0, 'electric_bicycle': 0.5, 'passenger': 50.0, 'truck': 7.5}",True
4,3600,4500,demo_11,east,through,92,92.0,0.0,0.0,0.0,"{'bus': 16.0, 'electric_bicycle': 1.0, 'passenger': 65.0, 'truck': 10.0}",True
4,3600,4500,demo_11,north,left,60,60.0,0.0,0.0,0.0,"{'bus': 10.0, 'electric_bicycle': 0.5, 'passenger': 42.0, 'truck': 7.5}",True
4,3600,4500,demo_11,north,right,68,68.0,0.0,0.0,0.0,"{'bus': 12.0, 'electric_bicycle': 0.5, 'passenger': 48.0, 'truck': 7.5}",True
4,3600,4500,demo_11,north,through,96,96.0,0.0,0.0,0.0,"{'bus': 16.0, 'electric_bicycle': 1.0, 'passenger': 69.0, 'truck': 10.0}",True
4,3600,4500,demo_11,south,left,45,45.0,0.0,0.0,0.0,"{'bus': 8.0, 'electric_bicycle': 0.5, 'passenger': 34.0, 'truck': 2.5}",True
4,3600,4500,demo_11,south,right,42,42.0,0.0,0.0,0.0,"{'bus': 8.0, 'electric_bicycle': 0.5, 'passenger': 31.0, 'truck': 2.5}",True
4,3600,4500,demo_11,south,through,54,54.0,0.0,0.0,0.0,"{'bus': 8.0, 'electric_bicycle': 0.5, 'passenger': 38.0, 'truck': 7.5}",True
4,3600,4500,demo_11,west,left,68,68.0,0.0,0.0,0.0,"{'bus': 12.0, 'electric_bicycle': 0.5, 'passenger': 48.0, 'truck': 7.5}",True
4,3600,4500,demo_11,west,right,71,71.0,0.0,0.0,0.0,"{'bus': 12.0, 'electric_bicycle': 0.5, 'passenger': 51.0, 'truck': 7.5}",True
4,3600,4500,demo_11,west,through,100,100.0,0.0,0.0,0.0,"{'bus': 18.0, 'electric_bicycle': 1.0, 'passenger': 71.0, 'truck': 10.0}",True
4,3600,4500,demo_12,east,left,44,44.0,0.0,0.0,0.0,"{'bus': 8.0, 'electric_bicycle': 0.5, 'passenger': 33.0, 'truck': 2.5}",True
4,3600,4500,demo_12,east,right,31,31.0,0.0,0.0,0.0,"{'bus': 6.0, 'electric_bicycle': 0.5, 'passenger': 22.0, 'truck': 2.5}",True
4,3600,4500,demo_12,east,through,82,82.0,0.0,0.0,0.0,"{'bus': 14.0, 'electric_bicycle': 1.0, 'passenger': 57.0, 'truck': 10.0}",True
4,3600,4500,demo_12,north,left,44,44.0,0.0,0.0,0.0,"{'bus': 8.0, 'electric_bicycle': 0.5, 'passenger': 33.0, 'truck': 2.5}",True
4,3600,4500,demo_12,north,right,23,23.0,0.0,0.0,0.0,"{'bus': 4.0, 'electric_bicycle': 0.5, 'passenger': 16.0, 'truck': 2.5}",True
4,3600,4500,demo_12,north,through,49,49.0,0.0,0.0,0.0,"{'bus': 8.0, 'electric_bicycle': 0.5, 'passenger': 33.0, 'truck': 7.5}",True
4,3600,4500,demo_12,south,left,36,36.0,0.0,0.0,0.0,"{'bus': 6.0, 'electric_bicycle': 0.5, 'passenger': 27.0, 'truck': 2.5}",True
4,3600,4500,demo_12,south,right,26,26.0,0.0,0.0,0.0,"{'bus': 4.0, 'electric_bicycle': 0.5, 'passenger': 19.0, 'truck': 2.5}",True
4,3600,4500,demo_12,south,through,67,67.0,0.0,0.0,0.0,"{'bus': 12.0, 'electric_bicycle': 0.5, 'passenger': 47.0, 'truck': 7.5}",True
4,3600,4500,demo_12,west,left,40,40.0,0.0,0.0,0.0,"{'bus': 8.0, 'electric_bicycle': 0.5, 'passenger': 29.0, 'truck': 2.5}",True
4,3600,4500,demo_12,west,right,29,29.0,0.0,0.0,0.0,"{'bus': 6.0, 'electric_bicycle': 0.5, 'passenger': 20.0, 'truck': 2.5}",True
4,3600,4500,demo_12,west,through,74,74.0,0.0,0.0,0.0,"{'bus': 12.0, 'electric_bicycle': 0.5, 'passenger': 54.0, 'truck': 7.5}",True
4,3600,4500,demo_13,east,right,71,71.0,0.0,0.0,0.0,"{'bus': 12.0, 'electric_bicycle': 0.5, 'passenger': 51.0, 'truck': 7.5}",True
4,3600,4500,demo_13,east,through,91,91.0,0.0,0.0,0.0,"{'bus': 16.0, 'electric_bicycle': 1.0, 'passenger': 64.0, 'truck': 10.0}",True
4,3600,4500,demo_13,north,right,95,95.0,0.0,0.0,0.0,"{'bus': 16.0, 'electric_bicycle': 1.0, 'passenger': 68.0, 'truck': 10.0}",True
4,3600,4500,demo_14,east,left,90,90.0,0.0,0.0,0.0,"{'bus': 16.0, 'electric_bicycle': 1.0, 'passenger': 63.0, 'truck': 10.0}",True
4,3600,4500,demo_14,east,right,104,104.0,0.0,0.0,0.0,"{'bus': 18.0, 'electric_bicycle': 1.0, 'passenger': 75.0, 'truck': 10.0}",True
4,3600,4500,demo_14,north,left,59,59.0,0.0,0.0,0.0,"{'bus': 10.0, 'electric_bicycle': 0.5, 'passenger': 41.0, 'truck': 7.5}",True
4,3600,4500,demo_14,north,through,79,79.0,0.0,0.0,0.0,"{'bus': 14.0, 'electric_bicycle': 0.5, 'passenger': 57.0, 'truck': 7.5}",True
4,3600,4500,demo_14,south,right,69,69.0,0.0,0.0,0.0,"{'bus': 12.0, 'electric_bicycle': 0.5, 'passenger': 49.0, 'truck': 7.5}",True
4,3600,4500,demo_14,south,through,40,40.0,0.0,0.0,0.0,"{'bus': 8.0, 'electric_bicycle': 0.5, 'passenger': 29.0, 'truck': 2.5}",True
4,3600,4500,demo_15,east,left,37,37.0,0.0,0.0,0.0,"{'bus': 6.0, 'electric_bicycle': 0.5, 'passenger': 28.0, 'truck': 2.5}",True
4,3600,4500,demo_15,east,right,36,36.0,0.0,0.0,0.0,"{'bus': 6.0, 'electric_bicycle': 0.5, 'passenger': 27.0, 'truck': 2.5}",True
4,3600,4500,demo_15,east,through,96,96.0,0.0,0.0,0.0,"{'bus': 16.0, 'electric_bicycle': 1.0, 'passenger': 69.0, 'truck': 10.0}",True
4,3600,4500,demo_15,north,left,69,69.0,0.0,0.0,0.0,"{'bus': 12.0, 'electric_bicycle': 0.5, 'passenger': 49.0, 'truck': 7.5}",True
4,3600,4500,demo_15,north,right,71,71.0,0.0,0.0,0.0,"{'bus': 12.0, 'electric_bicycle': 0.5, 'passenger': 51.0, 'truck': 7.5}",True
4,3600,4500,demo_15,north,through,83,83.0,0.0,0.0,0.0,"{'bus': 14.0, 'electric_bicycle': 1.0, 'passenger': 58.0, 'truck': 10.0}",True
4,3600,4500,demo_15,south,left,29,29.0,0.0,0.0,0.0,"{'bus': 6.0, 'electric_bicycle': 0.5, 'passenger': 20.0, 'truck': 2.5}",True
4,3600,4500,demo_15,south,right,88,88.0,0.0,0.0,0.0,"{'bus': 14.0, 'electric_bicycle': 1.0, 'passenger': 63.0, 'truck': 10.0}",True
4,3600,4500,demo_15,south,through,105,105.0,0.0,0.0,0.0,"{'bus': 18.0, 'electric_bicycle': 1.0, 'passenger': 76.0, 'truck': 10.0}",True
4,3600,4500,demo_15,west,left,71,71.0,0.0,0.0,0.0,"{'bus': 12.0, 'electric_bicycle': 0.5, 'passenger': 51.0, 'truck': 7.5}",True
4,3600,4500,demo_15,west,right,45,45.0,0.0,0.0,0.0,"{'bus': 8.0, 'electric_bicycle': 0.5, 'passenger': 34.0, 'truck': 2.5}",True
4,3600,4500,demo_15,west,through,78,78.0,0.0,0.0,0.0,"{'bus': 14.0, 'electric_bicycle': 0.5, 'passenger': 56.0, 'truck': 7.5}",True
4,3600,4500,demo_16,east,left,52,52.0,0.0,0.0,0.0,"{'bus': 8.0, 'electric_bicycle': 0.5, 'passenger': 36.0, 'truck': 7.5}",True
4,3600,4500,demo_16,east,right,53,53.0,0.0,0.0,0.0,"{'bus': 8.0, 'electric_bicycle': 0.5, 'passenger': 37.0, 'truck': 7.5}",True
4,3600,4500,demo_16,east,through,110,110.0,0.0,0.0,0.0,"{'bus': 20.0, 'electric_bicycle': 1.0, 'passenger': 79.0, 'truck': 10.0}",True
4,3600,4500,demo_16,north,left,31,31.0,0.0,0.0,0.0,"{'bus': 6.0, 'electric_bicycle': 0.5, 'passenger': 22.0, 'truck': 2.5}",True
4,3600,4500,demo_16,north,right,38,38.0,0.0,0.0,0.0,"{'bus': 6.0, 'electric_bicycle': 0.5, 'passenger': 29.0, 'truck': 2.5}",True
4,3600,4500,demo_16,north,through,33,33.0,0.0,0.0,0.0,"{'bus': 6.0, 'electric_bicycle': 0.5, 'passenger': 24.0, 'truck': 2.5}",True
4,3600,4500,demo_16,south,left,35,35.0,0.0,0.0,0.0,"{'bus': 6.0, 'electric_bicycle': 0.5, 'passenger': 26.0, 'truck': 2.5}",True
4,3600,4500,demo_16,south,right,53,53.0,0.0,0.0,0.0,"{'bus': 8.0, 'electric_bicycle': 0.5, 'passenger': 37.0, 'truck': 7.5}",True
4,3600,4500,demo_16,south,through,52,52.0,0.0,0.0,0.0,"{'bus': 8.0, 'electric_bicycle': 0.5, 'passenger': 36.0, 'truck': 7.5}",True
4,3600,4500,demo_16,west,left,48,48.0,0.0,0.0,0.0,"{'bus': 8.0, 'electric_bicycle': 0.5, 'passenger': 32.0, 'truck': 7.5}",True
4,3600,4500,demo_16,west,right,33,33.0,0.0,0.0,0.0,"{'bus': 6.0, 'electric_bicycle': 0.5, 'passenger': 24.0, 'truck': 2.5}",True
4,3600,4500,demo_16,west,through,52,52.0,0.0,0.0,0.0,"{'bus': 8.0, 'electric_bicycle': 0.5, 'passenger': 36.0, 'truck': 7.5}",True
4,3600,4500,demo_17,east,left,95,95.0,0.0,0.0,0.0,"{'bus': 16.0, 'electric_bicycle': 1.0, 'passenger': 68.0, 'truck': 10.0}",True
4,3600,4500,demo_17,east,right,69,69.0,0.0,0.0,0.0,"{'bus': 12.0, 'electric_bicycle': 0.5, 'passenger': 49.0, 'truck': 7.5}",True
4,3600,4500,demo_17,north,left,86,86.0,0.0,0.0,0.0,"{'bus': 14.0, 'electric_bicycle': 1.0, 'passenger': 61.0, 'truck': 10.0}",True
4,3600,4500,demo_17,north,through,60,60.0,0.0,0.0,0.0,"{'bus': 10.0, 'electric_bicycle': 0.5, 'passenger': 42.0, 'truck': 7.5}",True
4,3600,4500,demo_17,south,right,95,95.0,0.0,0.0,0.0,"{'bus': 16.0, 'electric_bicycle': 1.0, 'passenger': 68.0, 'truck': 10.0}",True
4,3600,4500,demo_17,south,through,62,62.0,0.0,0.0,0.0,"{'bus': 10.0, 'electric_bicycle': 0.5, 'passenger': 44.0, 'truck': 7.5}",True
4,3600,4500,demo_18,northeast,left,91,91.0,0.0,0.0,0.0,"{'bus': 16.0, 'electric_bicycle': 1.0, 'passenger': 64.0, 'truck': 10.0}",True
4,3600,4500,demo_18,northeast,right,49,49.0,0.0,0.0,0.0,"{'bus': 8.0, 'electric_bicycle': 0.5, 'passenger': 33.0, 'truck': 7.5}",True
4,3600,4500,demo_18,northeast,through,112,112.0,0.0,0.0,0.0,"{'bus': 20.0, 'electric_bicycle': 1.0, 'passenger': 81.0, 'truck': 10.0}",True
4,3600,4500,demo_18,northwest,left,49,49.0,0.0,0.0,0.0,"{'bus': 8.0, 'electric_bicycle': 0.5, 'passenger': 33.0, 'truck': 7.5}",True
4,3600,4500,demo_18,northwest,right,27,27.0,0.0,0.0,0.0,"{'bus': 4.0, 'electric_bicycle': 0.5, 'passenger': 20.0, 'truck': 2.5}",True
4,3600,4500,demo_18,northwest,through,56,56.0,0.0,0.0,0.0,"{'bus': 10.0, 'electric_bicycle': 0.5, 'passenger': 38.0, 'truck': 7.5}",True
4,3600,4500,demo_18,southeast,left,51,51.0,0.0,0.0,0.0,"{'bus': 8.0, 'electric_bicycle': 0.5, 'passenger': 35.0, 'truck': 7.5}",True
4,3600,4500,demo_18,southeast,right,25,25.0,0.0,0.0,0.0,"{'bus': 4.0, 'electric_bicycle': 0.5, 'passenger': 18.0, 'truck': 2.5}",True
4,3600,4500,demo_18,southeast,through,120,120.0,0.0,0.0,0.0,"{'bus': 20.0, 'electric_bicycle': 1.5, 'passenger': 86.0, 'truck': 12.5}",True
4,3600,4500,demo_18,southwest,left,67,67.0,0.0,0.0,0.0,"{'bus': 12.0, 'electric_bicycle': 0.5, 'passenger': 47.0, 'truck': 7.5}",True
4,3600,4500,demo_18,southwest,right,60,60.0,0.0,0.0,0.0,"{'bus': 12.0, 'electric_bicycle': 1.0, 'passenger': 42.0, 'truck': 5.0}",True
4,3600,4500,demo_18,southwest,through,90,90.0,0.0,0.0,0.0,"{'bus': 16.0, 'electric_bicycle': 1.0, 'passenger': 63.0, 'truck': 10.0}",True
4,3600,4500,demo_19,northeast,left,14,14.0,0.0,0.0,0.0,"{'bus': 2.0, 'electric_bicycle': 0.5, 'passenger': 9.0, 'truck': 2.5}",True
4,3600,4500,demo_19,northeast,right,52,52.0,0.0,0.0,0.0,"{'bus': 8.0, 'electric_bicycle': 0.5, 'passenger': 36.0, 'truck': 7.5}",True
4,3600,4500,demo_19,northeast,through,108,108.0,0.0,0.0,0.0,"{'bus': 20.0, 'electric_bicycle': 1.0, 'passenger': 77.0, 'truck': 10.0}",True
4,3600,4500,demo_19,northwest,left,59,59.0,0.0,0.0,0.0,"{'bus': 10.0, 'electric_bicycle': 0.5, 'passenger': 41.0, 'truck': 7.5}",True
4,3600,4500,demo_19,northwest,right,23,23.0,0.0,0.0,0.0,"{'bus': 4.0, 'electric_bicycle': 0.5, 'passenger': 16.0, 'truck': 2.5}",True
4,3600,4500,demo_19,northwest,through,59,59.0,0.0,0.0,0.0,"{'bus': 10.0, 'electric_bicycle': 0.5, 'passenger': 41.0, 'truck': 7.5}",True
4,3600,4500,demo_19,southeast,left,29,29.0,0.0,0.0,0.0,"{'bus': 6.0, 'electric_bicycle': 0.5, 'passenger': 20.0, 'truck': 2.5}",True
4,3600,4500,demo_19,southeast,right,13,13.0,0.0,0.0,0.0,"{'bus': 2.0, 'electric_bicycle': 0.0, 'passenger': 11.0, 'truck': 0.0}",True
4,3600,4500,demo_19,southeast,through,93,93.0,0.0,0.0,0.0,"{'bus': 16.0, 'electric_bicycle': 1.0, 'passenger': 66.0, 'truck': 10.0}",True
4,3600,4500,demo_19,southwest,left,115,115.0,0.0,0.0,0.0,"{'bus': 20.0, 'electric_bicycle': 1.5, 'passenger': 81.0, 'truck': 12.5}",True
4,3600,4500,demo_19,southwest,right,11,11.0,0.0,0.0,0.0,"{'bus': 2.0, 'electric_bicycle': 0.0, 'passenger': 9.0, 'truck': 0.0}",True
4,3600,4500,demo_19,southwest,through,25,25.0,0.0,0.0,0.0,"{'bus': 4.0, 'electric_bicycle': 0.5, 'passenger': 18.0, 'truck': 2.5}",True
4,3600,4500,demo_2,north,right,33,33.0,0.0,0.0,0.0,"{'bus': 6.0, 'electric_bicycle': 0.5, 'passenger': 24.0, 'truck': 2.5}",True
4,3600,4500,demo_2,north,through,75,75.0,0.0,0.0,0.0,"{'bus': 14.0, 'electric_bicycle': 0.5, 'passenger': 53.0, 'truck': 7.5}",True
4,3600,4500,demo_2,south,left,46,46.0,0.0,0.0,0.0,"{'bus': 8.0, 'electric_bicycle': 0.5, 'passenger': 35.0, 'truck': 2.5}",True
4,3600,4500,demo_2,south,through,53,53.0,0.0,0.0,0.0,"{'bus': 8.0, 'electric_bicycle': 0.5, 'passenger': 37.0, 'truck': 7.5}",True
4,3600,4500,demo_2,west,left,36,36.0,0.0,0.0,0.0,"{'bus': 6.0, 'electric_bicycle': 0.5, 'passenger': 27.0, 'truck': 2.5}",True
4,3600,4500,demo_2,west,right,49,49.0,0.0,0.0,0.0,"{'bus': 8.0, 'electric_bicycle': 0.5, 'passenger': 33.0, 'truck': 7.5}",True
4,3600,4500,demo_20,east,left,16,16.0,0.0,0.0,0.0,"{'bus': 2.0, 'electric_bicycle': 0.5, 'passenger': 11.0, 'truck': 2.5}",True
4,3600,4500,demo_20,east,right,16,16.0,0.0,0.0,0.0,"{'bus': 2.0, 'electric_bicycle': 0.5, 'passenger': 11.0, 'truck': 2.5}",True
4,3600,4500,demo_20,east,through,26,26.0,0.0,0.0,0.0,"{'bus': 4.0, 'electric_bicycle': 0.5, 'passenger': 19.0, 'truck': 2.5}",True
4,3600,4500,demo_20,north,left,24,24.0,0.0,0.0,0.0,"{'bus': 4.0, 'electric_bicycle': 0.5, 'passenger': 17.0, 'truck': 2.5}",True
4,3600,4500,demo_20,north,right,23,23.0,0.0,0.0,0.0,"{'bus': 4.0, 'electric_bicycle': 0.5, 'passenger': 16.0, 'truck': 2.5}",True
4,3600,4500,demo_20,north,through,37,37.0,0.0,0.0,0.0,"{'bus': 6.0, 'electric_bicycle': 0.5, 'passenger': 28.0, 'truck': 2.5}",True
4,3600,4500,demo_20,south,left,35,35.0,0.0,0.0,0.0,"{'bus': 6.0, 'electric_bicycle': 0.5, 'passenger': 26.0, 'truck': 2.5}",True
4,3600,4500,demo_20,south,right,34,34.0,0.0,0.0,0.0,"{'bus': 6.0, 'electric_bicycle': 0.5, 'passenger': 25.0, 'truck': 2.5}",True
4,3600,4500,demo_20,south,through,56,56.0,0.0,0.0,0.0,"{'bus': 10.0, 'electric_bicycle': 0.5, 'passenger': 38.0, 'truck': 7.5}",True
4,3600,4500,demo_20,west,left,11,11.0,0.0,0.0,0.0,"{'bus': 2.0, 'electric_bicycle': 0.0, 'passenger': 9.0, 'truck': 0.0}",True
4,3600,4500,demo_20,west,right,11,11.0,0.0,0.0,0.0,"{'bus': 2.0, 'electric_bicycle': 0.0, 'passenger': 9.0, 'truck': 0.0}",True
4,3600,4500,demo_20,west,through,18,18.0,0.0,0.0,0.0,"{'bus': 2.0, 'electric_bicycle': 0.5, 'passenger': 13.0, 'truck': 2.5}",True
4,3600,4500,demo_3,east,left,8,8.0,0.0,0.0,0.0,"{'bus': 2.0, 'electric_bicycle': 0.0, 'passenger': 6.0, 'truck': 0.0}",True
4,3600,4500,demo_3,east,right,26,26.0,0.0,0.0,0.0,"{'bus': 4.0, 'electric_bicycle': 0.5, 'passenger': 19.0, 'truck': 2.5}",True
4,3600,4500,demo_3,east,through,60,60.0,0.0,0.0,0.0,"{'bus': 10.0, 'electric_bicycle': 0.5, 'passenger': 42.0, 'truck': 7.5}",True
4,3600,4500,demo_3,north,left,39,39.0,0.0,0.0,0.0,"{'bus': 8.0, 'electric_bicycle': 0.5, 'passenger': 28.0, 'truck': 2.5}",True
4,3600,4500,demo_3,north,right,24,24.0,0.0,0.0,0.0,"{'bus': 4.0, 'electric_bicycle': 0.5, 'passenger': 17.0, 'truck': 2.5}",True
4,3600,4500,demo_3,north,through,18,18.0,0.0,0.0,0.0,"{'bus': 2.0, 'electric_bicycle': 0.5, 'passenger': 13.0, 'truck': 2.5}",True
4,3600,4500,demo_3,south,left,22,22.0,0.0,0.0,0.0,"{'bus': 4.0, 'electric_bicycle': 0.5, 'passenger': 15.0, 'truck': 2.5}",True
4,3600,4500,demo_3,south,right,30,30.0,0.0,0.0,0.0,"{'bus': 6.0, 'electric_bicycle': 0.5, 'passenger': 21.0, 'truck': 2.5}",True
4,3600,4500,demo_3,south,through,25,25.0,0.0,0.0,0.0,"{'bus': 4.0, 'electric_bicycle': 0.5, 'passenger': 18.0, 'truck': 2.5}",True
4,3600,4500,demo_3,west,left,19,19.0,0.0,0.0,0.0,"{'bus': 4.0, 'electric_bicycle': 0.5, 'passenger': 12.0, 'truck': 2.5}",True
4,3600,4500,demo_3,west,right,18,18.0,0.0,0.0,0.0,"{'bus': 2.0, 'electric_bicycle': 0.5, 'passenger': 13.0, 'truck': 2.5}",True
4,3600,4500,demo_3,west,through,63,63.0,0.0,0.0,0.0,"{'bus': 10.0, 'electric_bicycle': 0.5, 'passenger': 45.0, 'truck': 7.5}",True
4,3600,4500,demo_4,east,left,53,53.0,0.0,0.0,0.0,"{'bus': 8.0, 'electric_bicycle': 0.5, 'passenger': 37.0, 'truck': 7.5}",True
4,3600,4500,demo_4,east,right,42,42.0,0.0,0.0,0.0,"{'bus': 8.0, 'electric_bicycle': 0.5, 'passenger': 31.0, 'truck': 2.5}",True
4,3600,4500,demo_4,east,through,39,39.0,0.0,0.0,0.0,"{'bus': 8.0, 'electric_bicycle': 0.5, 'passenger': 28.0, 'truck': 2.5}",True
4,3600,4500,demo_4,north,left,36,36.0,0.0,0.0,0.0,"{'bus': 6.0, 'electric_bicycle': 0.5, 'passenger': 27.0, 'truck': 2.5}",True
4,3600,4500,demo_4,north,right,32,32.0,0.0,0.0,0.0,"{'bus': 6.0, 'electric_bicycle': 0.5, 'passenger': 23.0, 'truck': 2.5}",True
4,3600,4500,demo_4,north,through,53,53.0,0.0,0.0,0.0,"{'bus': 8.0, 'electric_bicycle': 0.5, 'passenger': 37.0, 'truck': 7.5}",True
4,3600,4500,demo_4,south,left,35,35.0,0.0,0.0,0.0,"{'bus': 6.0, 'electric_bicycle': 0.5, 'passenger': 26.0, 'truck': 2.5}",True
4,3600,4500,demo_4,south,right,31,31.0,0.0,0.0,0.0,"{'bus': 6.0, 'electric_bicycle': 0.5, 'passenger': 22.0, 'truck': 2.5}",True
4,3600,4500,demo_4,south,through,69,69.0,0.0,0.0,0.0,"{'bus': 12.0, 'electric_bicycle': 0.5, 'passenger': 49.0, 'truck': 7.5}",True
4,3600,4500,demo_4,west,left,22,22.0,0.0,0.0,0.0,"{'bus': 4.0, 'electric_bicycle': 0.5, 'passenger': 15.0, 'truck': 2.5}",True
4,3600,4500,demo_4,west,right,35,35.0,0.0,0.0,0.0,"{'bus': 6.0, 'electric_bicycle': 0.5, 'passenger': 26.0, 'truck': 2.5}",True
4,3600,4500,demo_4,west,through,61,61.0,0.0,0.0,0.0,"{'bus': 10.0, 'electric_bicycle': 0.5, 'passenger': 43.0, 'truck': 7.5}",True
4,3600,4500,demo_5,east,left,71,71.0,0.0,0.0,0.0,"{'bus': 12.0, 'electric_bicycle': 0.5, 'passenger': 51.0, 'truck': 7.5}",True
4,3600,4500,demo_5,east,through,73,73.0,0.0,0.0,0.0,"{'bus': 12.0, 'electric_bicycle': 0.5, 'passenger': 53.0, 'truck': 7.5}",True
4,3600,4500,demo_5,south,left,70,70.0,0.0,0.0,0.0,"{'bus': 12.0, 'electric_bicycle': 0.5, 'passenger': 50.0, 'truck': 7.5}",True
4,3600,4500,demo_5,south,right,106,106.0,0.0,0.0,0.0,"{'bus': 18.0, 'electric_bicycle': 1.0, 'passenger': 77.0, 'truck': 10.0}",True
4,3600,4500,demo_5,west,right,56,56.0,0.0,0.0,0.0,"{'bus': 10.0, 'electric_bicycle': 0.5, 'passenger': 38.0, 'truck': 7.5}",True
4,3600,4500,demo_5,west,through,133,133.0,0.0,0.0,0.0,"{'bus': 24.0, 'electric_bicycle': 1.5, 'passenger': 95.0, 'truck': 12.5}",True
4,3600,4500,demo_6,east,left,78,78.0,0.0,0.0,0.0,"{'bus': 14.0, 'electric_bicycle': 0.5, 'passenger': 56.0, 'truck': 7.5}",True
4,3600,4500,demo_6,east,right,54,54.0,0.0,0.0,0.0,"{'bus': 8.0, 'electric_bicycle': 0.5, 'passenger': 38.0, 'truck': 7.5}",True
4,3600,4500,demo_6,east,through,76,76.0,0.0,0.0,0.0,"{'bus': 14.0, 'electric_bicycle': 0.5, 'passenger': 54.0, 'truck': 7.5}",True
4,3600,4500,demo_6,north,left,28,28.0,0.0,0.0,0.0,"{'bus': 4.0, 'electric_bicycle': 0.5, 'passenger': 21.0, 'truck': 2.5}",True
4,3600,4500,demo_6,north,right,31,31.0,0.0,0.0,0.0,"{'bus': 6.0, 'electric_bicycle': 0.5, 'passenger': 22.0, 'truck': 2.5}",True
4,3600,4500,demo_6,north,through,65,65.0,0.0,0.0,0.0,"{'bus': 12.0, 'electric_bicycle': 0.5, 'passenger': 45.0, 'truck': 7.5}",True
4,3600,4500,demo_6,south,left,43,43.0,0.0,0.0,0.0,"{'bus': 8.0, 'electric_bicycle': 0.5, 'passenger': 32.0, 'truck': 2.5}",True
4,3600,4500,demo_6,south,right,35,35.0,0.0,0.0,0.0,"{'bus': 6.0, 'electric_bicycle': 0.5, 'passenger': 26.0, 'truck': 2.5}",True
4,3600,4500,demo_6,south,through,53,53.0,0.0,0.0,0.0,"{'bus': 8.0, 'electric_bicycle': 0.5, 'passenger': 37.0, 'truck': 7.5}",True
4,3600,4500,demo_6,west,left,45,45.0,0.0,0.0,0.0,"{'bus': 8.0, 'electric_bicycle': 0.5, 'passenger': 34.0, 'truck': 2.5}",True
4,3600,4500,demo_6,west,right,50,50.0,0.0,0.0,0.0,"{'bus': 8.0, 'electric_bicycle': 0.5, 'passenger': 34.0, 'truck': 7.5}",True
4,3600,4500,demo_6,west,through,51,51.0,0.0,0.0,0.0,"{'bus': 8.0, 'electric_bicycle': 0.5, 'passenger': 35.0, 'truck': 7.5}",True
4,3600,4500,demo_7,east,left,36,36.0,0.0,0.0,0.0,"{'bus': 6.0, 'electric_bicycle': 0.5, 'passenger': 27.0, 'truck': 2.5}",True
4,3600,4500,demo_7,east,right,138,138.0,0.0,0.0,0.0,"{'bus': 24.0, 'electric_bicycle': 1.5, 'passenger': 100.0, 'truck': 12.5}",True
4,3600,4500,demo_7,south,right,57,57.0,0.0,0.0,0.0,"{'bus': 10.0, 'electric_bicycle': 0.5, 'passenger': 39.0, 'truck': 7.5}",True
4,3600,4500,demo_7,south,through,136,136.0,0.0,0.0,0.0,"{'bus': 24.0, 'electric_bicycle': 1.5, 'passenger': 98.0, 'truck': 12.5}",True
4,3600,4500,demo_7,west,left,81,81.0,0.0,0.0,0.0,"{'bus': 14.0, 'electric_bicycle': 1.0, 'passenger': 56.0, 'truck': 10.0}",True
4,3600,4500,demo_7,west,through,81,81.0,0.0,0.0,0.0,"{'bus': 14.0, 'electric_bicycle': 1.0, 'passenger': 56.0, 'truck': 10.0}",True
4,3600,4500,demo_8,east,left,31,31.0,0.0,0.0,0.0,"{'bus': 6.0, 'electric_bicycle': 0.5, 'passenger': 22.0, 'truck': 2.5}",True
4,3600,4500,demo_8,east,right,26,26.0,0.0,0.0,0.0,"{'bus': 4.0, 'electric_bicycle': 0.5, 'passenger': 19.0, 'truck': 2.5}",True
4,3600,4500,demo_8,east,through,107,107.0,0.0,0.0,0.0,"{'bus': 18.0, 'electric_bicycle': 1.0, 'passenger': 78.0, 'truck': 10.0}",True
4,3600,4500,demo_8,north,left,26,26.0,0.0,0.0,0.0,"{'bus': 4.0, 'electric_bicycle': 0.5, 'passenger': 19.0, 'truck': 2.5}",True
4,3600,4500,demo_8,north,right,21,21.0,0.0,0.0,0.0,"{'bus': 4.0, 'electric_bicycle': 0.5, 'passenger': 14.0, 'truck': 2.5}",True
4,3600,4500,demo_8,north,through,103,103.0,0.0,0.0,0.0,"{'bus': 18.0, 'electric_bicycle': 1.0, 'passenger': 74.0, 'truck': 10.0}",True
4,3600,4500,demo_8,south,left,31,31.0,0.0,0.0,0.0,"{'bus': 6.0, 'electric_bicycle': 0.5, 'passenger': 22.0, 'truck': 2.5}",True
4,3600,4500,demo_8,south,right,27,27.0,0.0,0.0,0.0,"{'bus': 4.0, 'electric_bicycle': 0.5, 'passenger': 20.0, 'truck': 2.5}",True
4,3600,4500,demo_8,south,through,95,95.0,0.0,0.0,0.0,"{'bus': 16.0, 'electric_bicycle': 1.0, 'passenger': 68.0, 'truck': 10.0}",True
4,3600,4500,demo_8,west,left,35,35.0,0.0,0.0,0.0,"{'bus': 6.0, 'electric_bicycle': 0.5, 'passenger': 26.0, 'truck': 2.5}",True
4,3600,4500,demo_8,west,right,27,27.0,0.0,0.0,0.0,"{'bus': 4.0, 'electric_bicycle': 0.5, 'passenger': 20.0, 'truck': 2.5}",True
4,3600,4500,demo_8,west,through,96,96.0,0.0,0.0,0.0,"{'bus': 16.0, 'electric_bicycle': 1.0, 'passenger': 69.0, 'truck': 10.0}",True
4,3600,4500,demo_9,east,left,22,22.0,0.0,0.0,0.0,"{'bus': 4.0, 'electric_bicycle': 0.5, 'passenger': 15.0, 'truck': 2.5}",True
4,3600,4500,demo_9,east,right,48,48.0,0.0,0.0,0.0,"{'bus': 8.0, 'electric_bicycle': 1.0, 'passenger': 34.0, 'truck': 5.0}",True
4,3600,4500,demo_9,east,through,9,9.0,0.0,0.0,0.0,"{'bus': 2.0, 'electric_bicycle': 0.0, 'passenger': 7.0, 'truck': 0.0}",True
4,3600,4500,demo_9,north,left,39,39.0,0.0,0.0,0.0,"{'bus': 6.0, 'electric_bicycle': 0.5, 'passenger': 30.0, 'truck': 2.5}",True
4,3600,4500,demo_9,north,right,10,10.0,0.0,0.0,0.0,"{'bus': 2.0, 'electric_bicycle': 0.0, 'passenger': 8.0, 'truck': 0.0}",True
4,3600,4500,demo_9,north,through,54,54.0,0.0,0.0,0.0,"{'bus': 8.0, 'electric_bicycle': 0.5, 'passenger': 38.0, 'truck': 7.5}",True
4,3600,4500,demo_9,northeast,left,31,31.0,0.0,0.0,0.0,"{'bus': 6.0, 'electric_bicycle': 0.5, 'passenger': 22.0, 'truck': 2.5}",True
4,3600,4500,demo_9,northeast,right,33,33.0,0.0,0.0,0.0,"{'bus': 6.0, 'electric_bicycle': 0.5, 'passenger': 24.0, 'truck': 2.5}",True
4,3600,4500,demo_9,northeast,through,0,0.0,0.0,,0.0,"{'bus': 0.0, 'electric_bicycle': 0.0, 'passenger': 0.0, 'truck': 0.0}",True
4,3600,4500,demo_9,south,left,28,28.0,0.0,0.0,0.0,"{'bus': 4.0, 'electric_bicycle': 0.5, 'passenger': 21.0, 'truck': 2.5}",True
4,3600,4500,demo_9,south,right,30,30.0,0.0,0.0,0.0,"{'bus': 6.0, 'electric_bicycle': 0.5, 'passenger': 21.0, 'truck': 2.5}",True
4,3600,4500,demo_9,south,through,43,43.0,0.0,0.0,0.0,"{'bus': 8.0, 'electric_bicycle': 0.5, 'passenger': 32.0, 'truck': 2.5}",True
4,3600,4500,demo_9,west,left,26,26.0,0.0,0.0,0.0,"{'bus': 4.0, 'electric_bicycle': 0.5, 'passenger': 19.0, 'truck': 2.5}",True
4,3600,4500,demo_9,west,right,35,35.0,0.0,0.0,0.0,"{'bus': 6.0, 'electric_bicycle': 0.5, 'passenger': 26.0, 'truck': 2.5}",True
4,3600,4500,demo_9,west,through,8,8.0,0.0,0.0,0.0,"{'bus': 2.0, 'electric_bicycle': 0.0, 'passenger': 6.0, 'truck': 0.0}",True
5,4500,5400,demo_1,east,left,32,32.0,0.0,0.0,0.0,"{'bus': 6.0, 'electric_bicycle': 0.5, 'passenger': 23.0, 'truck': 2.5}",True
5,4500,5400,demo_1,east,right,46,46.0,0.0,0.0,0.0,"{'bus': 8.0, 'electric_bicycle': 0.5, 'passenger': 35.0, 'truck': 2.5}",True
5,4500,5400,demo_1,east,through,52,52.0,0.0,0.0,0.0,"{'bus': 8.0, 'electric_bicycle': 0.5, 'passenger': 36.0, 'truck': 7.5}",True
5,4500,5400,demo_1,north,left,41,41.0,0.0,0.0,0.0,"{'bus': 8.0, 'electric_bicycle': 0.5, 'passenger': 30.0, 'truck': 2.5}",True
5,4500,5400,demo_1,north,right,33,33.0,0.0,0.0,0.0,"{'bus': 6.0, 'electric_bicycle': 0.5, 'passenger': 24.0, 'truck': 2.5}",True
5,4500,5400,demo_1,north,through,80,80.0,0.0,0.0,0.0,"{'bus': 14.0, 'electric_bicycle': 1.0, 'passenger': 55.0, 'truck': 10.0}",True
5,4500,5400,demo_1,south,left,45,45.0,0.0,0.0,0.0,"{'bus': 8.0, 'electric_bicycle': 0.5, 'passenger': 34.0, 'truck': 2.5}",True
5,4500,5400,demo_1,south,right,35,35.0,0.0,0.0,0.0,"{'bus': 6.0, 'electric_bicycle': 0.5, 'passenger': 26.0, 'truck': 2.5}",True
5,4500,5400,demo_1,south,through,40,40.0,0.0,0.0,0.0,"{'bus': 8.0, 'electric_bicycle': 0.5, 'passenger': 29.0, 'truck': 2.5}",True
5,4500,5400,demo_1,west,left,66,66.0,0.0,0.0,0.0,"{'bus': 12.0, 'electric_bicycle': 0.5, 'passenger': 46.0, 'truck': 7.5}",True
5,4500,5400,demo_1,west,right,29,29.0,0.0,0.0,0.0,"{'bus': 6.0, 'electric_bicycle': 0.5, 'passenger': 20.0, 'truck': 2.5}",True
5,4500,5400,demo_1,west,through,74,74.0,0.0,0.0,0.0,"{'bus': 12.0, 'electric_bicycle': 0.5, 'passenger': 54.0, 'truck': 7.5}",True
5,4500,5400,demo_10,east,left,46,46.0,0.0,0.0,0.0,"{'bus': 8.0, 'electric_bicycle': 0.5, 'passenger': 35.0, 'truck': 2.5}",True
5,4500,5400,demo_10,east,through,82,82.0,0.0,0.0,0.0,"{'bus': 14.0, 'electric_bicycle': 1.0, 'passenger': 57.0, 'truck': 10.0}",True
5,4500,5400,demo_10,south,left,76,76.0,0.0,0.0,0.0,"{'bus': 14.0, 'electric_bicycle': 0.5, 'passenger': 54.0, 'truck': 7.5}",True
5,4500,5400,demo_10,south,right,86,86.0,0.0,0.0,0.0,"{'bus': 14.0, 'electric_bicycle': 1.0, 'passenger': 61.0, 'truck': 10.0}",True
5,4500,5400,demo_10,west,right,82,82.0,0.0,0.0,0.0,"{'bus': 14.0, 'electric_bicycle': 1.0, 'passenger': 57.0, 'truck': 10.0}",True
5,4500,5400,demo_10,west,through,99,99.0,0.0,0.0,0.0,"{'bus': 18.0, 'electric_bicycle': 1.0, 'passenger': 70.0, 'truck': 10.0}",True
5,4500,5400,demo_11,east,left,60,60.0,0.0,0.0,0.0,"{'bus': 10.0, 'electric_bicycle': 0.5, 'passenger': 42.0, 'truck': 7.5}",True
5,4500,5400,demo_11,east,right,74,74.0,0.0,0.0,0.0,"{'bus': 12.0, 'electric_bicycle': 0.5, 'passenger': 54.0, 'truck': 7.5}",True
5,4500,5400,demo_11,east,through,100,100.0,0.0,0.0,0.0,"{'bus': 18.0, 'electric_bicycle': 1.0, 'passenger': 71.0, 'truck': 10.0}",True
5,4500,5400,demo_11,north,left,67,67.0,0.0,0.0,0.0,"{'bus': 12.0, 'electric_bicycle': 0.5, 'passenger': 47.0, 'truck': 7.5}",True
5,4500,5400,demo_11,north,right,65,65.0,0.0,0.0,0.0,"{'bus': 12.0, 'electric_bicycle': 0.5, 'passenger': 45.0, 'truck': 7.5}",True
5,4500,5400,demo_11,north,through,94,94.0,0.0,0.0,0.0,"{'bus': 16.0, 'electric_bicycle': 1.0, 'passenger': 67.0, 'truck': 10.0}",True
5,4500,5400,demo_11,south,left,39,39.0,0.0,0.0,0.0,"{'bus': 8.0, 'electric_bicycle': 0.5, 'passenger': 28.0, 'truck': 2.5}",True
5,4500,5400,demo_11,south,right,44,44.0,0.0,0.0,0.0,"{'bus': 8.0, 'electric_bicycle': 0.5, 'passenger': 33.0, 'truck': 2.5}",True
5,4500,5400,demo_11,south,through,59,59.0,0.0,0.0,0.0,"{'bus': 10.0, 'electric_bicycle': 0.5, 'passenger': 41.0, 'truck': 7.5}",True
5,4500,5400,demo_11,west,left,64,64.0,0.0,0.0,0.0,"{'bus': 10.0, 'electric_bicycle': 0.5, 'passenger': 46.0, 'truck': 7.5}",True
5,4500,5400,demo_11,west,right,74,74.0,0.0,0.0,0.0,"{'bus': 12.0, 'electric_bicycle': 0.5, 'passenger': 54.0, 'truck': 7.5}",True
5,4500,5400,demo_11,west,through,107,107.0,0.0,0.0,0.0,"{'bus': 18.0, 'electric_bicycle': 1.0, 'passenger': 78.0, 'truck': 10.0}",True
5,4500,5400,demo_12,east,left,43,43.0,0.0,0.0,0.0,"{'bus': 8.0, 'electric_bicycle': 0.5, 'passenger': 32.0, 'truck': 2.5}",True
5,4500,5400,demo_12,east,right,31,31.0,0.0,0.0,0.0,"{'bus': 6.0, 'electric_bicycle': 0.5, 'passenger': 22.0, 'truck': 2.5}",True
5,4500,5400,demo_12,east,through,79,79.0,0.0,0.0,0.0,"{'bus': 14.0, 'electric_bicycle': 0.5, 'passenger': 57.0, 'truck': 7.5}",True
5,4500,5400,demo_12,north,left,43,43.0,0.0,0.0,0.0,"{'bus': 8.0, 'electric_bicycle': 0.5, 'passenger': 32.0, 'truck': 2.5}",True
5,4500,5400,demo_12,north,right,22,22.0,0.0,0.0,0.0,"{'bus': 4.0, 'electric_bicycle': 0.5, 'passenger': 15.0, 'truck': 2.5}",True
5,4500,5400,demo_12,north,through,47,47.0,0.0,0.0,0.0,"{'bus': 8.0, 'electric_bicycle': 0.5, 'passenger': 36.0, 'truck': 2.5}",True
5,4500,5400,demo_12,south,left,36,36.0,0.0,0.0,0.0,"{'bus': 6.0, 'electric_bicycle': 0.5, 'passenger': 27.0, 'truck': 2.5}",True
5,4500,5400,demo_12,south,right,25,25.0,0.0,0.0,0.0,"{'bus': 4.0, 'electric_bicycle': 0.5, 'passenger': 18.0, 'truck': 2.5}",True
5,4500,5400,demo_12,south,through,66,66.0,0.0,0.0,0.0,"{'bus': 12.0, 'electric_bicycle': 0.5, 'passenger': 46.0, 'truck': 7.5}",True
5,4500,5400,demo_12,west,left,40,40.0,0.0,0.0,0.0,"{'bus': 8.0, 'electric_bicycle': 0.5, 'passenger': 29.0, 'truck': 2.5}",True
5,4500,5400,demo_12,west,right,28,28.0,0.0,0.0,0.0,"{'bus': 4.0, 'electric_bicycle': 0.5, 'passenger': 21.0, 'truck': 2.5}",True
5,4500,5400,demo_12,west,through,74,74.0,0.0,0.0,0.0,"{'bus': 12.0, 'electric_bicycle': 0.5, 'passenger': 54.0, 'truck': 7.5}",True
5,4500,5400,demo_13,east,right,52,52.0,0.0,0.0,0.0,"{'bus': 8.0, 'electric_bicycle': 0.5, 'passenger': 36.0, 'truck': 7.5}",True
5,4500,5400,demo_13,east,through,74,74.0,0.0,0.0,0.0,"{'bus': 12.0, 'electric_bicycle': 0.5, 'passenger': 54.0, 'truck': 7.5}",True
5,4500,5400,demo_13,north,right,73,73.0,0.0,0.0,0.0,"{'bus': 12.0, 'electric_bicycle': 0.5, 'passenger': 53.0, 'truck': 7.5}",True
5,4500,5400,demo_14,east,left,87,87.0,0.0,0.0,0.0,"{'bus': 14.0, 'electric_bicycle': 1.0, 'passenger': 62.0, 'truck': 10.0}",True
5,4500,5400,demo_14,east,right,108,108.0,0.0,0.0,0.0,"{'bus': 20.0, 'electric_bicycle': 1.0, 'passenger': 77.0, 'truck': 10.0}",True
5,4500,5400,demo_14,north,left,58,58.0,0.0,0.0,0.0,"{'bus': 10.0, 'electric_bicycle': 0.5, 'passenger': 40.0, 'truck': 7.5}",True
5,4500,5400,demo_14,north,through,83,83.0,0.0,0.0,0.0,"{'bus': 14.0, 'electric_bicycle': 1.0, 'passenger': 58.0, 'truck': 10.0}",True
5,4500,5400,demo_14,south,right,74,74.0,0.0,0.0,0.0,"{'bus': 12.0, 'electric_bicycle': 0.5, 'passenger': 54.0, 'truck': 7.5}",True
5,4500,5400,demo_14,south,through,43,43.0,0.0,0.0,0.0,"{'bus': 8.0, 'electric_bicycle': 0.5, 'passenger': 32.0, 'truck': 2.5}",True
5,4500,5400,demo_15,east,left,40,40.0,0.0,0.0,0.0,"{'bus': 8.0, 'electric_bicycle': 0.5, 'passenger': 29.0, 'truck': 2.5}",True
5,4500,5400,demo_15,east,right,41,41.0,0.0,0.0,0.0,"{'bus': 8.0, 'electric_bicycle': 0.5, 'passenger': 30.0, 'truck': 2.5}",True
5,4500,5400,demo_15,east,through,82,82.0,0.0,0.0,0.0,"{'bus': 14.0, 'electric_bicycle': 1.0, 'passenger': 57.0, 'truck': 10.0}",True
5,4500,5400,demo_15,north,left,76,76.0,0.0,0.0,0.0,"{'bus': 14.0, 'electric_bicycle': 0.5, 'passenger': 54.0, 'truck': 7.5}",True
5,4500,5400,demo_15,north,right,75,75.0,0.0,0.0,0.0,"{'bus': 14.0, 'electric_bicycle': 0.5, 'passenger': 53.0, 'truck': 7.5}",True
5,4500,5400,demo_15,north,through,76,76.0,0.0,0.0,0.0,"{'bus': 14.0, 'electric_bicycle': 0.5, 'passenger': 54.0, 'truck': 7.5}",True
5,4500,5400,demo_15,south,left,27,27.0,0.0,0.0,0.0,"{'bus': 4.0, 'electric_bicycle': 0.5, 'passenger': 20.0, 'truck': 2.5}",True
5,4500,5400,demo_15,south,right,79,79.0,0.0,0.0,0.0,"{'bus': 14.0, 'electric_bicycle': 0.5, 'passenger': 57.0, 'truck': 7.5}",True
5,4500,5400,demo_15,south,through,92,92.0,0.0,0.0,0.0,"{'bus': 16.0, 'electric_bicycle': 1.0, 'passenger': 65.0, 'truck': 10.0}",True
5,4500,5400,demo_15,west,left,69,69.0,0.0,0.0,0.0,"{'bus': 12.0, 'electric_bicycle': 0.5, 'passenger': 49.0, 'truck': 7.5}",True
5,4500,5400,demo_15,west,right,39,39.0,0.0,0.0,0.0,"{'bus': 8.0, 'electric_bicycle': 0.5, 'passenger': 28.0, 'truck': 2.5}",True
5,4500,5400,demo_15,west,through,79,79.0,0.0,0.0,0.0,"{'bus': 14.0, 'electric_bicycle': 0.5, 'passenger': 57.0, 'truck': 7.5}",True
5,4500,5400,demo_16,east,left,49,49.0,0.0,0.0,0.0,"{'bus': 8.0, 'electric_bicycle': 0.5, 'passenger': 33.0, 'truck': 7.5}",True
5,4500,5400,demo_16,east,right,48,48.0,0.0,0.0,0.0,"{'bus': 8.0, 'electric_bicycle': 0.5, 'passenger': 32.0, 'truck': 7.5}",True
5,4500,5400,demo_16,east,through,63,63.0,0.0,0.0,0.0,"{'bus': 10.0, 'electric_bicycle': 0.5, 'passenger': 45.0, 'truck': 7.5}",True
5,4500,5400,demo_16,north,left,40,40.0,0.0,0.0,0.0,"{'bus': 8.0, 'electric_bicycle': 0.5, 'passenger': 29.0, 'truck': 2.5}",True
5,4500,5400,demo_16,north,right,29,29.0,0.0,0.0,0.0,"{'bus': 6.0, 'electric_bicycle': 0.5, 'passenger': 20.0, 'truck': 2.5}",True
5,4500,5400,demo_16,north,through,46,46.0,0.0,0.0,0.0,"{'bus': 8.0, 'electric_bicycle': 0.5, 'passenger': 35.0, 'truck': 2.5}",True
5,4500,5400,demo_16,south,left,32,32.0,0.0,0.0,0.0,"{'bus': 6.0, 'electric_bicycle': 0.5, 'passenger': 23.0, 'truck': 2.5}",True
5,4500,5400,demo_16,south,right,42,42.0,0.0,0.0,0.0,"{'bus': 8.0, 'electric_bicycle': 0.5, 'passenger': 31.0, 'truck': 2.5}",True
5,4500,5400,demo_16,south,through,60,60.0,0.0,0.0,0.0,"{'bus': 10.0, 'electric_bicycle': 0.5, 'passenger': 42.0, 'truck': 7.5}",True
5,4500,5400,demo_16,west,left,55,55.0,0.0,0.0,0.0,"{'bus': 8.0, 'electric_bicycle': 0.5, 'passenger': 39.0, 'truck': 7.5}",True
5,4500,5400,demo_16,west,right,39,39.0,0.0,0.0,0.0,"{'bus': 8.0, 'electric_bicycle': 0.5, 'passenger': 28.0, 'truck': 2.5}",True
5,4500,5400,demo_16,west,through,60,60.0,0.0,0.0,0.0,"{'bus': 10.0, 'electric_bicycle': 0.5, 'passenger': 42.0, 'truck': 7.5}",True
5,4500,5400,demo_17,east,left,101,101.0,0.0,0.0,0.0,"{'bus': 18.0, 'electric_bicycle': 1.0, 'passenger': 72.0, 'truck': 10.0}",True
5,4500,5400,demo_17,east,right,73,73.0,0.0,0.0,0.0,"{'bus': 12.0, 'electric_bicycle': 0.5, 'passenger': 53.0, 'truck': 7.5}",True
5,4500,5400,demo_17,north,left,89,89.0,0.0,0.0,0.0,"{'bus': 16.0, 'electric_bicycle': 1.0, 'passenger': 62.0, 'truck': 10.0}",True
5,4500,5400,demo_17,north,through,63,63.0,0.0,0.0,0.0,"{'bus': 10.0, 'electric_bicycle': 0.5, 'passenger': 45.0, 'truck': 7.5}",True
5,4500,5400,demo_17,south,right,104,104.0,0.0,0.0,0.0,"{'bus': 18.0, 'electric_bicycle': 1.0, 'passenger': 75.0, 'truck': 10.0}",True
5,4500,5400,demo_17,south,through,73,73.0,0.0,0.0,0.0,"{'bus': 12.0, 'electric_bicycle': 0.5, 'passenger': 53.0, 'truck': 7.5}",True
5,4500,5400,demo_18,northeast,left,107,107.0,0.0,0.0,0.0,"{'bus': 18.0, 'electric_bicycle': 1.0, 'passenger': 78.0, 'truck': 10.0}",True
5,4500,5400,demo_18,northeast,right,34,34.0,0.0,0.0,0.0,"{'bus': 6.0, 'electric_bicycle': 0.5, 'passenger': 25.0, 'truck': 2.5}",True
5,4500,5400,demo_18,northeast,through,110,110.0,0.0,0.0,0.0,"{'bus': 20.0, 'electric_bicycle': 1.0, 'passenger': 79.0, 'truck': 10.0}",True
5,4500,5400,demo_18,northwest,left,48,48.0,0.0,0.0,0.0,"{'bus': 8.0, 'electric_bicycle': 0.5, 'passenger': 32.0, 'truck': 7.5}",True
5,4500,5400,demo_18,northwest,right,44,44.0,0.0,0.0,0.0,"{'bus': 8.0, 'electric_bicycle': 0.5, 'passenger': 33.0, 'truck': 2.5}",True
5,4500,5400,demo_18,northwest,through,64,64.0,0.0,0.0,0.0,"{'bus': 10.0, 'electric_bicycle': 0.5, 'passenger': 46.0, 'truck': 7.5}",True
5,4500,5400,demo_18,southeast,left,59,59.0,0.0,0.0,0.0,"{'bus': 10.0, 'electric_bicycle': 0.5, 'passenger': 41.0, 'truck': 7.5}",True
5,4500,5400,demo_18,southeast,right,23,23.0,0.0,0.0,0.0,"{'bus': 4.0, 'electric_bicycle': 0.5, 'passenger': 16.0, 'truck': 2.5}",True
5,4500,5400,demo_18,southeast,through,97,97.0,0.0,0.0,0.0,"{'bus': 16.0, 'electric_bicycle': 1.0, 'passenger': 70.0, 'truck': 10.0}",True
5,4500,5400,demo_18,southwest,left,64,64.0,0.0,0.0,0.0,"{'bus': 10.0, 'electric_bicycle': 0.5, 'passenger': 46.0, 'truck': 7.5}",True
5,4500,5400,demo_18,southwest,right,65,65.0,0.0,0.0,0.0,"{'bus': 12.0, 'electric_bicycle': 1.0, 'passenger': 47.0, 'truck': 5.0}",True
5,4500,5400,demo_18,southwest,through,87,87.0,0.0,0.0,0.0,"{'bus': 14.0, 'electric_bicycle': 1.0, 'passenger': 62.0, 'truck': 10.0}",True
5,4500,5400,demo_19,northeast,left,22,22.0,0.0,0.0,0.0,"{'bus': 4.0, 'electric_bicycle': 0.5, 'passenger': 15.0, 'truck': 2.5}",True
5,4500,5400,demo_19,northeast,right,80,80.0,0.0,0.0,0.0,"{'bus': 14.0, 'electric_bicycle': 1.0, 'passenger': 55.0, 'truck': 10.0}",True
5,4500,5400,demo_19,northeast,through,98,98.0,0.0,0.0,0.0,"{'bus': 16.0, 'electric_bicycle': 1.0, 'passenger': 71.0, 'truck': 10.0}",True
5,4500,5400,demo_19,northwest,left,58,58.0,0.0,0.0,0.0,"{'bus': 10.0, 'electric_bicycle': 0.5, 'passenger': 40.0, 'truck': 7.5}",True
5,4500,5400,demo_19,northwest,right,28,28.0,0.0,0.0,0.0,"{'bus': 4.0, 'electric_bicycle': 0.5, 'passenger': 21.0, 'truck': 2.5}",True
5,4500,5400,demo_19,northwest,through,80,80.0,0.0,0.0,0.0,"{'bus': 14.0, 'electric_bicycle': 1.0, 'passenger': 55.0, 'truck': 10.0}",True
5,4500,5400,demo_19,southeast,left,35,35.0,0.0,0.0,0.0,"{'bus': 6.0, 'electric_bicycle': 0.5, 'passenger': 26.0, 'truck': 2.5}",True
5,4500,5400,demo_19,southeast,right,12,12.0,0.0,0.0,0.0,"{'bus': 2.0, 'electric_bicycle': 0.0, 'passenger': 10.0, 'truck': 0.0}",True
5,4500,5400,demo_19,southeast,through,109,109.0,0.0,0.0,0.0,"{'bus': 20.0, 'electric_bicycle': 1.0, 'passenger': 78.0, 'truck': 10.0}",True
5,4500,5400,demo_19,southwest,left,122,122.0,0.0,0.0,0.0,"{'bus': 22.0, 'electric_bicycle': 1.5, 'passenger': 86.0, 'truck': 12.5}",True
5,4500,5400,demo_19,southwest,right,10,10.0,0.0,0.0,0.0,"{'bus': 2.0, 'electric_bicycle': 0.0, 'passenger': 8.0, 'truck': 0.0}",True
5,4500,5400,demo_19,southwest,through,27,27.0,0.0,0.0,0.0,"{'bus': 4.0, 'electric_bicycle': 0.5, 'passenger': 20.0, 'truck': 2.5}",True
5,4500,5400,demo_2,north,right,32,32.0,0.0,0.0,0.0,"{'bus': 6.0, 'electric_bicycle': 0.5, 'passenger': 23.0, 'truck': 2.5}",True
5,4500,5400,demo_2,north,through,69,69.0,0.0,0.0,0.0,"{'bus': 12.0, 'electric_bicycle': 0.5, 'passenger': 49.0, 'truck': 7.5}",True
5,4500,5400,demo_2,south,left,47,47.0,0.0,0.0,0.0,"{'bus': 8.0, 'electric_bicycle': 0.5, 'passenger': 36.0, 'truck': 2.5}",True
5,4500,5400,demo_2,south,through,53,53.0,0.0,0.0,0.0,"{'bus': 8.0, 'electric_bicycle': 0.5, 'passenger': 37.0, 'truck': 7.5}",True
5,4500,5400,demo_2,west,left,38,38.0,0.0,0.0,0.0,"{'bus': 6.0, 'electric_bicycle': 0.5, 'passenger': 29.0, 'truck': 2.5}",True
5,4500,5400,demo_2,west,right,51,51.0,0.0,0.0,0.0,"{'bus': 8.0, 'electric_bicycle': 0.5, 'passenger': 35.0, 'truck': 7.5}",True
5,4500,5400,demo_20,east,left,13,13.0,0.0,0.0,0.0,"{'bus': 2.0, 'electric_bicycle': 0.0, 'passenger': 11.0, 'truck': 0.0}",True
5,4500,5400,demo_20,east,right,13,13.0,0.0,0.0,0.0,"{'bus': 2.0, 'electric_bicycle': 0.0, 'passenger': 11.0, 'truck': 0.0}",True
5,4500,5400,demo_20,east,through,21,21.0,0.0,0.0,0.0,"{'bus': 4.0, 'electric_bicycle': 0.5, 'passenger': 14.0, 'truck': 2.5}",True
5,4500,5400,demo_20,north,left,20,20.0,0.0,0.0,0.0,"{'bus': 4.0, 'electric_bicycle': 0.5, 'passenger': 13.0, 'truck': 2.5}",True
5,4500,5400,demo_20,north,right,19,19.0,0.0,0.0,0.0,"{'bus': 4.0, 'electric_bicycle': 0.5, 'passenger': 12.0, 'truck': 2.5}",True
5,4500,5400,demo_20,north,through,33,33.0,0.0,0.0,0.0,"{'bus': 6.0, 'electric_bicycle': 0.5, 'passenger': 24.0, 'truck': 2.5}",True
5,4500,5400,demo_20,south,left,33,33.0,0.0,0.0,0.0,"{'bus': 6.0, 'electric_bicycle': 0.5, 'passenger': 24.0, 'truck': 2.5}",True
5,4500,5400,demo_20,south,right,32,32.0,0.0,0.0,0.0,"{'bus': 6.0, 'electric_bicycle': 0.5, 'passenger': 23.0, 'truck': 2.5}",True
5,4500,5400,demo_20,south,through,53,53.0,0.0,0.0,0.0,"{'bus': 8.0, 'electric_bicycle': 0.5, 'passenger': 37.0, 'truck': 7.5}",True
5,4500,5400,demo_20,west,left,10,10.0,0.0,0.0,0.0,"{'bus': 2.0, 'electric_bicycle': 0.0, 'passenger': 8.0, 'truck': 0.0}",True
5,4500,5400,demo_20,west,right,9,9.0,0.0,0.0,0.0,"{'bus': 2.0, 'electric_bicycle': 0.0, 'passenger': 7.0, 'truck': 0.0}",True
5,4500,5400,demo_20,west,through,15,15.0,0.0,0.0,0.0,"{'bus': 2.0, 'electric_bicycle': 0.5, 'passenger': 10.0, 'truck': 2.5}",True
5,4500,5400,demo_3,east,left,8,8.0,0.0,0.0,0.0,"{'bus': 2.0, 'electric_bicycle': 0.0, 'passenger': 6.0, 'truck': 0.0}",True
5,4500,5400,demo_3,east,right,24,24.0,0.0,0.0,0.0,"{'bus': 4.0, 'electric_bicycle': 0.5, 'passenger': 17.0, 'truck': 2.5}",True
5,4500,5400,demo_3,east,through,55,55.0,0.0,0.0,0.0,"{'bus': 8.0, 'electric_bicycle': 0.5, 'passenger': 39.0, 'truck': 7.5}",True
5,4500,5400,demo_3,north,left,39,39.0,0.0,0.0,0.0,"{'bus': 8.0, 'electric_bicycle': 0.5, 'passenger': 28.0, 'truck': 2.5}",True
5,4500,5400,demo_3,north,right,24,24.0,0.0,0.0,0.0,"{'bus': 4.0, 'electric_bicycle': 0.5, 'passenger': 17.0, 'truck': 2.5}",True
5,4500,5400,demo_3,north,through,18,18.0,0.0,0.0,0.0,"{'bus': 2.0, 'electric_bicycle': 0.5, 'passenger': 13.0, 'truck': 2.5}",True
5,4500,5400,demo_3,south,left,22,22.0,0.0,0.0,0.0,"{'bus': 4.0, 'electric_bicycle': 0.5, 'passenger': 15.0, 'truck': 2.5}",True
5,4500,5400,demo_3,south,right,30,30.0,0.0,0.0,0.0,"{'bus': 6.0, 'electric_bicycle': 0.5, 'passenger': 21.0, 'truck': 2.5}",True
5,4500,5400,demo_3,south,through,25,25.0,0.0,0.0,0.0,"{'bus': 4.0, 'electric_bicycle': 0.5, 'passenger': 18.0, 'truck': 2.5}",True
5,4500,5400,demo_3,west,left,18,18.0,0.0,0.0,0.0,"{'bus': 2.0, 'electric_bicycle': 0.5, 'passenger': 13.0, 'truck': 2.5}",True
5,4500,5400,demo_3,west,right,17,17.0,0.0,0.0,0.0,"{'bus': 2.0, 'electric_bicycle': 0.5, 'passenger': 12.0, 'truck': 2.5}",True
5,4500,5400,demo_3,west,through,62,62.0,0.0,0.0,0.0,"{'bus': 10.0, 'electric_bicycle': 0.5, 'passenger': 44.0, 'truck': 7.5}",True
5,4500,5400,demo_4,east,left,49,49.0,0.0,0.0,0.0,"{'bus': 8.0, 'electric_bicycle': 0.5, 'passenger': 33.0, 'truck': 7.5}",True
5,4500,5400,demo_4,east,right,38,38.0,0.0,0.0,0.0,"{'bus': 6.0, 'electric_bicycle': 0.5, 'passenger': 29.0, 'truck': 2.5}",True
5,4500,5400,demo_4,east,through,39,39.0,0.0,0.0,0.0,"{'bus': 8.0, 'electric_bicycle': 0.5, 'passenger': 28.0, 'truck': 2.5}",True
5,4500,5400,demo_4,north,left,38,38.0,0.0,0.0,0.0,"{'bus': 6.0, 'electric_bicycle': 0.5, 'passenger': 29.0, 'truck': 2.5}",True
5,4500,5400,demo_4,north,right,37,37.0,0.0,0.0,0.0,"{'bus': 6.0, 'electric_bicycle': 0.5, 'passenger': 28.0, 'truck': 2.5}",True
5,4500,5400,demo_4,north,through,52,52.0,0.0,0.0,0.0,"{'bus': 8.0, 'electric_bicycle': 0.5, 'passenger': 36.0, 'truck': 7.5}",True
5,4500,5400,demo_4,south,left,40,40.0,0.0,0.0,0.0,"{'bus': 8.0, 'electric_bicycle': 0.5, 'passenger': 29.0, 'truck': 2.5}",True
5,4500,5400,demo_4,south,right,33,33.0,0.0,0.0,0.0,"{'bus': 6.0, 'electric_bicycle': 0.5, 'passenger': 24.0, 'truck': 2.5}",True
5,4500,5400,demo_4,south,through,67,67.0,0.0,0.0,0.0,"{'bus': 12.0, 'electric_bicycle': 0.5, 'passenger': 47.0, 'truck': 7.5}",True
5,4500,5400,demo_4,west,left,18,18.0,0.0,0.0,0.0,"{'bus': 2.0, 'electric_bicycle': 0.5, 'passenger': 13.0, 'truck': 2.5}",True
5,4500,5400,demo_4,west,right,38,38.0,0.0,0.0,0.0,"{'bus': 6.0, 'electric_bicycle': 0.5, 'passenger': 29.0, 'truck': 2.5}",True
5,4500,5400,demo_4,west,through,57,57.0,0.0,0.0,0.0,"{'bus': 10.0, 'electric_bicycle': 0.5, 'passenger': 39.0, 'truck': 7.5}",True
5,4500,5400,demo_5,east,left,73,73.0,0.0,0.0,0.0,"{'bus': 12.0, 'electric_bicycle': 0.5, 'passenger': 53.0, 'truck': 7.5}",True
5,4500,5400,demo_5,east,through,70,70.0,0.0,0.0,0.0,"{'bus': 12.0, 'electric_bicycle': 0.5, 'passenger': 50.0, 'truck': 7.5}",True
5,4500,5400,demo_5,south,left,71,71.0,0.0,0.0,0.0,"{'bus': 12.0, 'electric_bicycle': 0.5, 'passenger': 51.0, 'truck': 7.5}",True
5,4500,5400,demo_5,south,right,103,103.0,0.0,0.0,0.0,"{'bus': 18.0, 'electric_bicycle': 1.0, 'passenger': 74.0, 'truck': 10.0}",True
5,4500,5400,demo_5,west,right,55,55.0,0.0,0.0,0.0,"{'bus': 8.0, 'electric_bicycle': 0.5, 'passenger': 39.0, 'truck': 7.5}",True
5,4500,5400,demo_5,west,through,128,128.0,0.0,0.0,0.0,"{'bus': 22.0, 'electric_bicycle': 1.5, 'passenger': 92.0, 'truck': 12.5}",True
5,4500,5400,demo_6,east,left,52,52.0,0.0,0.0,0.0,"{'bus': 8.0, 'electric_bicycle': 0.5, 'passenger': 36.0, 'truck': 7.5}",True
5,4500,5400,demo_6,east,right,57,57.0,0.0,0.0,0.0,"{'bus': 10.0, 'electric_bicycle': 0.5, 'passenger': 39.0, 'truck': 7.5}",True
5,4500,5400,demo_6,east,through,94,94.0,0.0,0.0,0.0,"{'bus': 16.0, 'electric_bicycle': 1.0, 'passenger': 67.0, 'truck': 10.0}",True
5,4500,5400,demo_6,north,left,21,21.0,0.0,0.0,0.0,"{'bus': 4.0, 'electric_bicycle': 0.5, 'passenger': 14.0, 'truck': 2.5}",True
5,4500,5400,demo_6,north,right,24,24.0,0.0,0.0,0.0,"{'bus': 4.0, 'electric_bicycle': 0.5, 'passenger': 17.0, 'truck': 2.5}",True
5,4500,5400,demo_6,north,through,69,69.0,0.0,0.0,0.0,"{'bus': 12.0, 'electric_bicycle': 0.5, 'passenger': 49.0, 'truck': 7.5}",True
5,4500,5400,demo_6,south,left,58,58.0,0.0,0.0,0.0,"{'bus': 10.0, 'electric_bicycle': 0.5, 'passenger': 40.0, 'truck': 7.5}",True
5,4500,5400,demo_6,south,right,43,43.0,0.0,0.0,0.0,"{'bus': 8.0, 'electric_bicycle': 0.5, 'passenger': 32.0, 'truck': 2.5}",True
5,4500,5400,demo_6,south,through,49,49.0,0.0,0.0,0.0,"{'bus': 8.0, 'electric_bicycle': 0.5, 'passenger': 33.0, 'truck': 7.5}",True
5,4500,5400,demo_6,west,left,41,41.0,0.0,0.0,0.0,"{'bus': 8.0, 'electric_bicycle': 0.5, 'passenger': 30.0, 'truck': 2.5}",True
5,4500,5400,demo_6,west,right,67,67.0,0.0,0.0,0.0,"{'bus': 12.0, 'electric_bicycle': 0.5, 'passenger': 47.0, 'truck': 7.5}",True
5,4500,5400,demo_6,west,through,49,49.0,0.0,0.0,0.0,"{'bus': 8.0, 'electric_bicycle': 0.5, 'passenger': 33.0, 'truck': 7.5}",True
5,4500,5400,demo_7,east,left,33,33.0,0.0,0.0,0.0,"{'bus': 6.0, 'electric_bicycle': 0.5, 'passenger': 24.0, 'truck': 2.5}",True
5,4500,5400,demo_7,east,right,133,133.0,0.0,0.0,0.0,"{'bus': 24.0, 'electric_bicycle': 1.5, 'passenger': 95.0, 'truck': 12.5}",True
5,4500,5400,demo_7,south,right,58,58.0,0.0,0.0,0.0,"{'bus': 10.0, 'electric_bicycle': 0.5, 'passenger': 40.0, 'truck': 7.5}",True
5,4500,5400,demo_7,south,through,134,134.0,0.0,0.0,0.0,"{'bus': 24.0, 'electric_bicycle': 1.5, 'passenger': 96.0, 'truck': 12.5}",True
5,4500,5400,demo_7,west,left,78,78.0,0.0,0.0,0.0,"{'bus': 14.0, 'electric_bicycle': 0.5, 'passenger': 56.0, 'truck': 7.5}",True
5,4500,5400,demo_7,west,through,76,76.0,0.0,0.0,0.0,"{'bus': 14.0, 'electric_bicycle': 0.5, 'passenger': 54.0, 'truck': 7.5}",True
5,4500,5400,demo_8,east,left,36,36.0,0.0,0.0,0.0,"{'bus': 6.0, 'electric_bicycle': 0.5, 'passenger': 27.0, 'truck': 2.5}",True
5,4500,5400,demo_8,east,right,24,24.0,0.0,0.0,0.0,"{'bus': 4.0, 'electric_bicycle': 0.5, 'passenger': 17.0, 'truck': 2.5}",True
5,4500,5400,demo_8,east,through,92,92.0,0.0,0.0,0.0,"{'bus': 16.0, 'electric_bicycle': 1.0, 'passenger': 65.0, 'truck': 10.0}",True
5,4500,5400,demo_8,north,left,33,33.0,0.0,0.0,0.0,"{'bus': 6.0, 'electric_bicycle': 0.5, 'passenger': 24.0, 'truck': 2.5}",True
5,4500,5400,demo_8,north,right,27,27.0,0.0,0.0,0.0,"{'bus': 4.0, 'electric_bicycle': 0.5, 'passenger': 20.0, 'truck': 2.5}",True
5,4500,5400,demo_8,north,through,118,118.0,0.0,0.0,0.0,"{'bus': 20.0, 'electric_bicycle': 1.5, 'passenger': 84.0, 'truck': 12.5}",True
5,4500,5400,demo_8,south,left,28,28.0,0.0,0.0,0.0,"{'bus': 4.0, 'electric_bicycle': 0.5, 'passenger': 21.0, 'truck': 2.5}",True
5,4500,5400,demo_8,south,right,20,20.0,0.0,0.0,0.0,"{'bus': 4.0, 'electric_bicycle': 0.5, 'passenger': 13.0, 'truck': 2.5}",True
5,4500,5400,demo_8,south,through,110,110.0,0.0,0.0,0.0,"{'bus': 20.0, 'electric_bicycle': 1.0, 'passenger': 79.0, 'truck': 10.0}",True
5,4500,5400,demo_8,west,left,40,40.0,0.0,0.0,0.0,"{'bus': 8.0, 'electric_bicycle': 0.5, 'passenger': 29.0, 'truck': 2.5}",True
5,4500,5400,demo_8,west,right,24,24.0,0.0,0.0,0.0,"{'bus': 4.0, 'electric_bicycle': 0.5, 'passenger': 17.0, 'truck': 2.5}",True
5,4500,5400,demo_8,west,through,118,118.0,0.0,0.0,0.0,"{'bus': 20.0, 'electric_bicycle': 1.5, 'passenger': 84.0, 'truck': 12.5}",True
5,4500,5400,demo_9,east,left,20,20.0,0.0,0.0,0.0,"{'bus': 4.0, 'electric_bicycle': 0.5, 'passenger': 13.0, 'truck': 2.5}",True
5,4500,5400,demo_9,east,right,43,43.0,0.0,0.0,0.0,"{'bus': 8.0, 'electric_bicycle': 1.0, 'passenger': 29.0, 'truck': 5.0}",True
5,4500,5400,demo_9,east,through,9,9.0,0.0,0.0,0.0,"{'bus': 2.0, 'electric_bicycle': 0.0, 'passenger': 7.0, 'truck': 0.0}",True
5,4500,5400,demo_9,north,left,36,36.0,0.0,0.0,0.0,"{'bus': 6.0, 'electric_bicycle': 0.5, 'passenger': 27.0, 'truck': 2.5}",True
5,4500,5400,demo_9,north,right,10,10.0,0.0,0.0,0.0,"{'bus': 2.0, 'electric_bicycle': 0.0, 'passenger': 8.0, 'truck': 0.0}",True
5,4500,5400,demo_9,north,through,49,49.0,0.0,0.0,0.0,"{'bus': 8.0, 'electric_bicycle': 0.5, 'passenger': 33.0, 'truck': 7.5}",True
5,4500,5400,demo_9,northeast,left,31,31.0,0.0,0.0,0.0,"{'bus': 6.0, 'electric_bicycle': 0.5, 'passenger': 22.0, 'truck': 2.5}",True
5,4500,5400,demo_9,northeast,right,34,34.0,0.0,0.0,0.0,"{'bus': 6.0, 'electric_bicycle': 0.5, 'passenger': 25.0, 'truck': 2.5}",True
5,4500,5400,demo_9,northeast,through,0,0.0,0.0,,0.0,"{'bus': 0.0, 'electric_bicycle': 0.0, 'passenger': 0.0, 'truck': 0.0}",True
5,4500,5400,demo_9,south,left,29,29.0,0.0,0.0,0.0,"{'bus': 6.0, 'electric_bicycle': 0.5, 'passenger': 20.0, 'truck': 2.5}",True
5,4500,5400,demo_9,south,right,31,31.0,0.0,0.0,0.0,"{'bus': 6.0, 'electric_bicycle': 0.5, 'passenger': 22.0, 'truck': 2.5}",True
5,4500,5400,demo_9,south,through,43,43.0,0.0,0.0,0.0,"{'bus': 8.0, 'electric_bicycle': 0.5, 'passenger': 32.0, 'truck': 2.5}",True
5,4500,5400,demo_9,west,left,27,27.0,0.0,0.0,0.0,"{'bus': 4.0, 'electric_bicycle': 0.5, 'passenger': 20.0, 'truck': 2.5}",True
5,4500,5400,demo_9,west,right,36,36.0,0.0,0.0,0.0,"{'bus': 6.0, 'electric_bicycle': 0.5, 'passenger': 27.0, 'truck': 2.5}",True
5,4500,5400,demo_9,west,through,9,9.0,0.0,0.0,0.0,"{'bus': 2.0, 'electric_bicycle': 0.0, 'passenger': 7.0, 'truck': 0.0}",True
6,5400,6300,demo_1,east,left,37,37.0,0.0,0.0,0.0,"{'bus': 6.0, 'electric_bicycle': 0.5, 'passenger': 28.0, 'truck': 2.5}",True
6,5400,6300,demo_1,east,right,42,42.0,0.0,0.0,0.0,"{'bus': 8.0, 'electric_bicycle': 0.5, 'passenger': 31.0, 'truck': 2.5}",True
6,5400,6300,demo_1,east,through,49,49.0,0.0,0.0,0.0,"{'bus': 8.0, 'electric_bicycle': 0.5, 'passenger': 33.0, 'truck': 7.5}",True
6,5400,6300,demo_1,north,left,43,43.0,0.0,0.0,0.0,"{'bus': 8.0, 'electric_bicycle': 0.5, 'passenger': 32.0, 'truck': 2.5}",True
6,5400,6300,demo_1,north,right,35,35.0,0.0,0.0,0.0,"{'bus': 6.0, 'electric_bicycle': 0.5, 'passenger': 26.0, 'truck': 2.5}",True
6,5400,6300,demo_1,north,through,84,84.0,0.0,0.0,0.0,"{'bus': 14.0, 'electric_bicycle': 1.0, 'passenger': 59.0, 'truck': 10.0}",True
6,5400,6300,demo_1,south,left,41,41.0,0.0,0.0,0.0,"{'bus': 8.0, 'electric_bicycle': 0.5, 'passenger': 30.0, 'truck': 2.5}",True
6,5400,6300,demo_1,south,right,31,31.0,0.0,0.0,0.0,"{'bus': 6.0, 'electric_bicycle': 0.5, 'passenger': 22.0, 'truck': 2.5}",True
6,5400,6300,demo_1,south,through,43,43.0,0.0,0.0,0.0,"{'bus': 8.0, 'electric_bicycle': 0.5, 'passenger': 32.0, 'truck': 2.5}",True
6,5400,6300,demo_1,west,left,60,60.0,0.0,0.0,0.0,"{'bus': 10.0, 'electric_bicycle': 0.5, 'passenger': 42.0, 'truck': 7.5}",True
6,5400,6300,demo_1,west,right,31,31.0,0.0,0.0,0.0,"{'bus': 6.0, 'electric_bicycle': 0.5, 'passenger': 22.0, 'truck': 2.5}",True
6,5400,6300,demo_1,west,through,71,71.0,0.0,0.0,0.0,"{'bus': 12.0, 'electric_bicycle': 0.5, 'passenger': 51.0, 'truck': 7.5}",True
6,5400,6300,demo_10,east,left,44,44.0,0.0,0.0,0.0,"{'bus': 8.0, 'electric_bicycle': 0.5, 'passenger': 33.0, 'truck': 2.5}",True
6,5400,6300,demo_10,east,through,83,83.0,0.0,0.0,0.0,"{'bus': 14.0, 'electric_bicycle': 1.0, 'passenger': 58.0, 'truck': 10.0}",True
6,5400,6300,demo_10,south,left,74,74.0,0.0,0.0,0.0,"{'bus': 12.0, 'electric_bicycle': 0.5, 'passenger': 54.0, 'truck': 7.5}",True
6,5400,6300,demo_10,south,right,84,84.0,0.0,0.0,0.0,"{'bus': 14.0, 'electric_bicycle': 1.0, 'passenger': 59.0, 'truck': 10.0}",True
6,5400,6300,demo_10,west,right,79,79.0,0.0,0.0,0.0,"{'bus': 14.0, 'electric_bicycle': 0.5, 'passenger': 57.0, 'truck': 7.5}",True
6,5400,6300,demo_10,west,through,100,100.0,0.0,0.0,0.0,"{'bus': 18.0, 'electric_bicycle': 1.0, 'passenger': 71.0, 'truck': 10.0}",True
6,5400,6300,demo_11,east,left,74,74.0,0.0,0.0,0.0,"{'bus': 12.0, 'electric_bicycle': 0.5, 'passenger': 54.0, 'truck': 7.5}",True
6,5400,6300,demo_11,east,right,60,60.0,0.0,0.0,0.0,"{'bus': 10.0, 'electric_bicycle': 0.5, 'passenger': 42.0, 'truck': 7.5}",True
6,5400,6300,demo_11,east,through,108,108.0,0.0,0.0,0.0,"{'bus': 20.0, 'electric_bicycle': 1.0, 'passenger': 77.0, 'truck': 10.0}",True
6,5400,6300,demo_11,north,left,69,69.0,0.0,0.0,0.0,"{'bus': 12.0, 'electric_bicycle': 0.5, 'passenger': 49.0, 'truck': 7.5}",True
6,5400,6300,demo_11,north,right,67,67.0,0.0,0.0,0.0,"{'bus': 12.0, 'electric_bicycle': 0.5, 'passenger': 47.0, 'truck': 7.5}",True
6,5400,6300,demo_11,north,through,89,89.0,0.0,0.0,0.0,"{'bus': 16.0, 'electric_bicycle': 1.0, 'passenger': 62.0, 'truck': 10.0}",True
6,5400,6300,demo_11,south,left,44,44.0,0.0,0.0,0.0,"{'bus': 8.0, 'electric_bicycle': 0.5, 'passenger': 33.0, 'truck': 2.5}",True
6,5400,6300,demo_11,south,right,39,39.0,0.0,0.0,0.0,"{'bus': 8.0, 'electric_bicycle': 0.5, 'passenger': 28.0, 'truck': 2.5}",True
6,5400,6300,demo_11,south,through,57,57.0,0.0,0.0,0.0,"{'bus': 10.0, 'electric_bicycle': 0.5, 'passenger': 39.0, 'truck': 7.5}",True
6,5400,6300,demo_11,west,left,78,78.0,0.0,0.0,0.0,"{'bus': 14.0, 'electric_bicycle': 0.5, 'passenger': 56.0, 'truck': 7.5}",True
6,5400,6300,demo_11,west,right,70,70.0,0.0,0.0,0.0,"{'bus': 12.0, 'electric_bicycle': 0.5, 'passenger': 50.0, 'truck': 7.5}",True
6,5400,6300,demo_11,west,through,109,109.0,0.0,0.0,0.0,"{'bus': 20.0, 'electric_bicycle': 1.0, 'passenger': 78.0, 'truck': 10.0}",True
6,5400,6300,demo_12,east,left,41,41.0,0.0,0.0,0.0,"{'bus': 8.0, 'electric_bicycle': 0.5, 'passenger': 30.0, 'truck': 2.5}",True
6,5400,6300,demo_12,east,right,30,30.0,0.0,0.0,0.0,"{'bus': 6.0, 'electric_bicycle': 0.5, 'passenger': 21.0, 'truck': 2.5}",True
6,5400,6300,demo_12,east,through,77,77.0,0.0,0.0,0.0,"{'bus': 14.0, 'electric_bicycle': 0.5, 'passenger': 55.0, 'truck': 7.5}",True
6,5400,6300,demo_12,north,left,41,41.0,0.0,0.0,0.0,"{'bus': 8.0, 'electric_bicycle': 0.5, 'passenger': 30.0, 'truck': 2.5}",True
6,5400,6300,demo_12,north,right,22,22.0,0.0,0.0,0.0,"{'bus': 4.0, 'electric_bicycle': 0.5, 'passenger': 15.0, 'truck': 2.5}",True
6,5400,6300,demo_12,north,through,46,46.0,0.0,0.0,0.0,"{'bus': 8.0, 'electric_bicycle': 0.5, 'passenger': 35.0, 'truck': 2.5}",True
6,5400,6300,demo_12,south,left,35,35.0,0.0,0.0,0.0,"{'bus': 6.0, 'electric_bicycle': 0.5, 'passenger': 26.0, 'truck': 2.5}",True
6,5400,6300,demo_12,south,right,25,25.0,0.0,0.0,0.0,"{'bus': 4.0, 'electric_bicycle': 0.5, 'passenger': 18.0, 'truck': 2.5}",True
6,5400,6300,demo_12,south,through,64,64.0,0.0,0.0,0.0,"{'bus': 10.0, 'electric_bicycle': 0.5, 'passenger': 46.0, 'truck': 7.5}",True
6,5400,6300,demo_12,west,left,39,39.0,0.0,0.0,0.0,"{'bus': 8.0, 'electric_bicycle': 0.5, 'passenger': 28.0, 'truck': 2.5}",True
6,5400,6300,demo_12,west,right,28,28.0,0.0,0.0,0.0,"{'bus': 4.0, 'electric_bicycle': 0.5, 'passenger': 21.0, 'truck': 2.5}",True
6,5400,6300,demo_12,west,through,71,71.0,0.0,0.0,0.0,"{'bus': 12.0, 'electric_bicycle': 0.5, 'passenger': 51.0, 'truck': 7.5}",True
6,5400,6300,demo_13,east,right,67,67.0,0.0,0.0,0.0,"{'bus': 12.0, 'electric_bicycle': 0.5, 'passenger': 47.0, 'truck': 7.5}",True
6,5400,6300,demo_13,east,through,83,83.0,0.0,0.0,0.0,"{'bus': 14.0, 'electric_bicycle': 1.0, 'passenger': 58.0, 'truck': 10.0}",True
6,5400,6300,demo_13,north,right,69,69.0,0.0,0.0,0.0,"{'bus': 12.0, 'electric_bicycle': 0.5, 'passenger': 49.0, 'truck': 7.5}",True
6,5400,6300,demo_14,east,left,93,93.0,0.0,0.0,0.0,"{'bus': 16.0, 'electric_bicycle': 1.0, 'passenger': 66.0, 'truck': 10.0}",True
6,5400,6300,demo_14,east,right,101,101.0,0.0,0.0,0.0,"{'bus': 18.0, 'electric_bicycle': 1.0, 'passenger': 72.0, 'truck': 10.0}",True
6,5400,6300,demo_14,north,left,52,52.0,0.0,0.0,0.0,"{'bus': 8.0, 'electric_bicycle': 0.5, 'passenger': 36.0, 'truck': 7.5}",True
6,5400,6300,demo_14,north,through,76,76.0,0.0,0.0,0.0,"{'bus': 14.0, 'electric_bicycle': 0.5, 'passenger': 54.0, 'truck': 7.5}",True
6,5400,6300,demo_14,south,right,67,67.0,0.0,0.0,0.0,"{'bus': 12.0, 'electric_bicycle': 0.5, 'passenger': 47.0, 'truck': 7.5}",True
6,5400,6300,demo_14,south,through,39,39.0,0.0,0.0,0.0,"{'bus': 8.0, 'electric_bicycle': 0.5, 'passenger': 28.0, 'truck': 2.5}",True
6,5400,6300,demo_15,east,left,33,33.0,0.0,0.0,0.0,"{'bus': 6.0, 'electric_bicycle': 0.5, 'passenger': 24.0, 'truck': 2.5}",True
6,5400,6300,demo_15,east,right,30,30.0,0.0,0.0,0.0,"{'bus': 6.0, 'electric_bicycle': 0.5, 'passenger': 21.0, 'truck': 2.5}",True
6,5400,6300,demo_15,east,through,90,90.0,0.0,0.0,0.0,"{'bus': 16.0, 'electric_bicycle': 1.0, 'passenger': 63.0, 'truck': 10.0}",True
6,5400,6300,demo_15,north,left,83,83.0,0.0,0.0,0.0,"{'bus': 14.0, 'electric_bicycle': 1.0, 'passenger': 58.0, 'truck': 10.0}",True
6,5400,6300,demo_15,north,right,67,67.0,0.0,0.0,0.0,"{'bus': 12.0, 'electric_bicycle': 0.5, 'passenger': 47.0, 'truck': 7.5}",True
6,5400,6300,demo_15,north,through,88,88.0,0.0,0.0,0.0,"{'bus': 14.0, 'electric_bicycle': 1.0, 'passenger': 63.0, 'truck': 10.0}",True
6,5400,6300,demo_15,south,left,32,32.0,0.0,0.0,0.0,"{'bus': 6.0, 'electric_bicycle': 0.5, 'passenger': 23.0, 'truck': 2.5}",True
6,5400,6300,demo_15,south,right,92,92.0,0.0,0.0,0.0,"{'bus': 16.0, 'electric_bicycle': 1.0, 'passenger': 65.0, 'truck': 10.0}",True
6,5400,6300,demo_15,south,through,101,101.0,0.0,0.0,0.0,"{'bus': 18.0, 'electric_bicycle': 1.0, 'passenger': 72.0, 'truck': 10.0}",True
6,5400,6300,demo_15,west,left,73,73.0,0.0,0.0,0.0,"{'bus': 12.0, 'electric_bicycle': 0.5, 'passenger': 53.0, 'truck': 7.5}",True
6,5400,6300,demo_15,west,right,42,42.0,0.0,0.0,0.0,"{'bus': 8.0, 'electric_bicycle': 0.5, 'passenger': 31.0, 'truck': 2.5}",True
6,5400,6300,demo_15,west,through,93,93.0,0.0,0.0,0.0,"{'bus': 16.0, 'electric_bicycle': 1.0, 'passenger': 66.0, 'truck': 10.0}",True
6,5400,6300,demo_16,east,left,65,65.0,0.0,0.0,0.0,"{'bus': 12.0, 'electric_bicycle': 0.5, 'passenger': 45.0, 'truck': 7.5}",True
6,5400,6300,demo_16,east,right,56,56.0,0.0,0.0,0.0,"{'bus': 10.0, 'electric_bicycle': 0.5, 'passenger': 38.0, 'truck': 7.5}",True
6,5400,6300,demo_16,east,through,75,75.0,0.0,0.0,0.0,"{'bus': 14.0, 'electric_bicycle': 0.5, 'passenger': 53.0, 'truck': 7.5}",True
6,5400,6300,demo_16,north,left,53,53.0,0.0,0.0,0.0,"{'bus': 8.0, 'electric_bicycle': 0.5, 'passenger': 37.0, 'truck': 7.5}",True
6,5400,6300,demo_16,north,right,41,41.0,0.0,0.0,0.0,"{'bus': 8.0, 'electric_bicycle': 0.5, 'passenger': 30.0, 'truck': 2.5}",True
6,5400,6300,demo_16,north,through,31,31.0,0.0,0.0,0.0,"{'bus': 6.0, 'electric_bicycle': 0.5, 'passenger': 22.0, 'truck': 2.5}",True
6,5400,6300,demo_16,south,left,46,46.0,0.0,0.0,0.0,"{'bus': 8.0, 'electric_bicycle': 0.5, 'passenger': 35.0, 'truck': 2.5}",True
6,5400,6300,demo_16,south,right,55,55.0,0.0,0.0,0.0,"{'bus': 8.0, 'electric_bicycle': 0.5, 'passenger': 39.0, 'truck': 7.5}",True
6,5400,6300,demo_16,south,through,68,68.0,0.0,0.0,0.0,"{'bus': 12.0, 'electric_bicycle': 0.5, 'passenger': 48.0, 'truck': 7.5}",True
6,5400,6300,demo_16,west,left,61,61.0,0.0,0.0,0.0,"{'bus': 10.0, 'electric_bicycle': 0.5, 'passenger': 43.0, 'truck': 7.5}",True
6,5400,6300,demo_16,west,right,27,27.0,0.0,0.0,0.0,"{'bus': 4.0, 'electric_bicycle': 0.5, 'passenger': 20.0, 'truck': 2.5}",True
6,5400,6300,demo_16,west,through,45,45.0,0.0,0.0,0.0,"{'bus': 8.0, 'electric_bicycle': 0.5, 'passenger': 34.0, 'truck': 2.5}",True
6,5400,6300,demo_17,east,left,94,94.0,0.0,0.0,0.0,"{'bus': 16.0, 'electric_bicycle': 1.0, 'passenger': 67.0, 'truck': 10.0}",True
6,5400,6300,demo_17,east,right,66,66.0,0.0,0.0,0.0,"{'bus': 12.0, 'electric_bicycle': 0.5, 'passenger': 46.0, 'truck': 7.5}",True
6,5400,6300,demo_17,north,left,87,87.0,0.0,0.0,0.0,"{'bus': 14.0, 'electric_bicycle': 1.0, 'passenger': 62.0, 'truck': 10.0}",True
6,5400,6300,demo_17,north,through,57,57.0,0.0,0.0,0.0,"{'bus': 10.0, 'electric_bicycle': 0.5, 'passenger': 39.0, 'truck': 7.5}",True
6,5400,6300,demo_17,south,right,110,110.0,0.0,0.0,0.0,"{'bus': 20.0, 'electric_bicycle': 1.0, 'passenger': 79.0, 'truck': 10.0}",True
6,5400,6300,demo_17,south,through,48,48.0,0.0,0.0,0.0,"{'bus': 8.0, 'electric_bicycle': 0.5, 'passenger': 32.0, 'truck': 7.5}",True
6,5400,6300,demo_18,northeast,left,88,88.0,0.0,0.0,0.0,"{'bus': 14.0, 'electric_bicycle': 1.0, 'passenger': 63.0, 'truck': 10.0}",True
6,5400,6300,demo_18,northeast,right,37,37.0,0.0,0.0,0.0,"{'bus': 6.0, 'electric_bicycle': 0.5, 'passenger': 28.0, 'truck': 2.5}",True
6,5400,6300,demo_18,northeast,through,119,119.0,0.0,0.0,0.0,"{'bus': 20.0, 'electric_bicycle': 1.5, 'passenger': 85.0, 'truck': 12.5}",True
6,5400,6300,demo_18,northwest,left,61,61.0,0.0,0.0,0.0,"{'bus': 10.0, 'electric_bicycle': 0.5, 'passenger': 43.0, 'truck': 7.5}",True
6,5400,6300,demo_18,northwest,right,28,28.0,0.0,0.0,0.0,"{'bus': 4.0, 'electric_bicycle': 0.5, 'passenger': 21.0, 'truck': 2.5}",True
6,5400,6300,demo_18,northwest,through,55,55.0,0.0,0.0,0.0,"{'bus': 8.0, 'electric_bicycle': 0.5, 'passenger': 39.0, 'truck': 7.5}",True
6,5400,6300,demo_18,southeast,left,55,55.0,0.0,0.0,0.0,"{'bus': 8.0, 'electric_bicycle': 0.5, 'passenger': 39.0, 'truck': 7.5}",True
6,5400,6300,demo_18,southeast,right,35,35.0,0.0,0.0,0.0,"{'bus': 6.0, 'electric_bicycle': 0.5, 'passenger': 26.0, 'truck': 2.5}",True
6,5400,6300,demo_18,southeast,through,113,113.0,0.0,0.0,0.0,"{'bus': 20.0, 'electric_bicycle': 1.0, 'passenger': 82.0, 'truck': 10.0}",True
6,5400,6300,demo_18,southwest,left,70,70.0,0.0,0.0,0.0,"{'bus': 12.0, 'electric_bicycle': 0.5, 'passenger': 50.0, 'truck': 7.5}",True
6,5400,6300,demo_18,southwest,right,63,63.0,0.0,0.0,0.0,"{'bus': 12.0, 'electric_bicycle': 1.0, 'passenger': 45.0, 'truck': 5.0}",True
6,5400,6300,demo_18,southwest,through,116,116.0,0.0,0.0,0.0,"{'bus': 20.0, 'electric_bicycle': 1.5, 'passenger': 82.0, 'truck': 12.5}",True
6,5400,6300,demo_19,northeast,left,6,6.0,0.0,0.0,0.0,"{'bus': 2.0, 'electric_bicycle': 0.0, 'passenger': 4.0, 'truck': 0.0}",True
6,5400,6300,demo_19,northeast,right,76,76.0,0.0,0.0,0.0,"{'bus': 14.0, 'electric_bicycle': 0.5, 'passenger': 54.0, 'truck': 7.5}",True
6,5400,6300,demo_19,northeast,through,73,73.0,0.0,0.0,0.0,"{'bus': 12.0, 'electric_bicycle': 0.5, 'passenger': 53.0, 'truck': 7.5}",True
6,5400,6300,demo_19,northwest,left,66,66.0,0.0,0.0,0.0,"{'bus': 12.0, 'electric_bicycle': 0.5, 'passenger': 46.0, 'truck': 7.5}",True
6,5400,6300,demo_19,northwest,right,21,21.0,0.0,0.0,0.0,"{'bus': 4.0, 'electric_bicycle': 0.5, 'passenger': 14.0, 'truck': 2.5}",True
6,5400,6300,demo_19,northwest,through,75,75.0,0.0,0.0,0.0,"{'bus': 14.0, 'electric_bicycle': 0.5, 'passenger': 53.0, 'truck': 7.5}",True
6,5400,6300,demo_19,southeast,left,30,30.0,0.0,0.0,0.0,"{'bus': 6.0, 'electric_bicycle': 0.5, 'passenger': 21.0, 'truck': 2.5}",True
6,5400,6300,demo_19,southeast,right,11,11.0,0.0,0.0,0.0,"{'bus': 2.0, 'electric_bicycle': 0.0, 'passenger': 9.0, 'truck': 0.0}",True
6,5400,6300,demo_19,southeast,through,89,89.0,0.0,0.0,0.0,"{'bus': 16.0, 'electric_bicycle': 1.0, 'passenger': 62.0, 'truck': 10.0}",True
6,5400,6300,demo_19,southwest,left,88,88.0,0.0,0.0,0.0,"{'bus': 14.0, 'electric_bicycle': 1.0, 'passenger': 63.0, 'truck': 10.0}",True
6,5400,6300,demo_19,southwest,right,17,17.0,0.0,0.0,0.0,"{'bus': 2.0, 'electric_bicycle': 0.5, 'passenger': 12.0, 'truck': 2.5}",True
6,5400,6300,demo_19,southwest,through,23,23.0,0.0,0.0,0.0,"{'bus': 4.0, 'electric_bicycle': 0.5, 'passenger': 16.0, 'truck': 2.5}",True
6,5400,6300,demo_2,north,right,34,34.0,0.0,0.0,0.0,"{'bus': 6.0, 'electric_bicycle': 0.5, 'passenger': 25.0, 'truck': 2.5}",True
6,5400,6300,demo_2,north,through,74,74.0,0.0,0.0,0.0,"{'bus': 12.0, 'electric_bicycle': 0.5, 'passenger': 54.0, 'truck': 7.5}",True
6,5400,6300,demo_2,south,left,43,43.0,0.0,0.0,0.0,"{'bus': 8.0, 'electric_bicycle': 0.5, 'passenger': 32.0, 'truck': 2.5}",True
6,5400,6300,demo_2,south,through,51,51.0,0.0,0.0,0.0,"{'bus': 8.0, 'electric_bicycle': 0.5, 'passenger': 35.0, 'truck': 7.5}",True
6,5400,6300,demo_2,west,left,36,36.0,0.0,0.0,0.0,"{'bus': 6.0, 'electric_bicycle': 0.5, 'passenger': 27.0, 'truck': 2.5}",True
6,5400,6300,demo_2,west,right,47,47.0,0.0,0.0,0.0,"{'bus': 8.0, 'electric_bicycle': 0.5, 'passenger': 36.0, 'truck': 2.5}",True
6,5400,6300,demo_20,east,left,15,15.0,0.0,0.0,0.0,"{'bus': 2.0, 'electric_bicycle': 0.5, 'passenger': 10.0, 'truck': 2.5}",True
6,5400,6300,demo_20,east,right,15,15.0,0.0,0.0,0.0,"{'bus': 2.0, 'electric_bicycle': 0.5, 'passenger': 10.0, 'truck': 2.5}",True
6,5400,6300,demo_20,east,through,25,25.0,0.0,0.0,0.0,"{'bus': 4.0, 'electric_bicycle': 0.5, 'passenger': 18.0, 'truck': 2.5}",True
6,5400,6300,demo_20,north,left,20,20.0,0.0,0.0,0.0,"{'bus': 4.0, 'electric_bicycle': 0.5, 'passenger': 13.0, 'truck': 2.5}",True
6,5400,6300,demo_20,north,right,19,19.0,0.0,0.0,0.0,"{'bus': 4.0, 'electric_bicycle': 0.5, 'passenger': 12.0, 'truck': 2.5}",True
6,5400,6300,demo_20,north,through,33,33.0,0.0,0.0,0.0,"{'bus': 6.0, 'electric_bicycle': 0.5, 'passenger': 24.0, 'truck': 2.5}",True
6,5400,6300,demo_20,south,left,32,32.0,0.0,0.0,0.0,"{'bus': 6.0, 'electric_bicycle': 0.5, 'passenger': 23.0, 'truck': 2.5}",True
6,5400,6300,demo_20,south,right,31,31.0,0.0,0.0,0.0,"{'bus': 6.0, 'electric_bicycle': 0.5, 'passenger': 22.0, 'truck': 2.5}",True
6,5400,6300,demo_20,south,through,51,51.0,0.0,0.0,0.0,"{'bus': 8.0, 'electric_bicycle': 0.5, 'passenger': 35.0, 'truck': 7.5}",True
6,5400,6300,demo_20,west,left,10,10.0,0.0,0.0,0.0,"{'bus': 2.0, 'electric_bicycle': 0.0, 'passenger': 8.0, 'truck': 0.0}",True
6,5400,6300,demo_20,west,right,9,9.0,0.0,0.0,0.0,"{'bus': 2.0, 'electric_bicycle': 0.0, 'passenger': 7.0, 'truck': 0.0}",True
6,5400,6300,demo_20,west,through,16,16.0,0.0,0.0,0.0,"{'bus': 2.0, 'electric_bicycle': 0.5, 'passenger': 11.0, 'truck': 2.5}",True
6,5400,6300,demo_3,east,left,8,8.0,0.0,0.0,0.0,"{'bus': 2.0, 'electric_bicycle': 0.0, 'passenger': 6.0, 'truck': 0.0}",True
6,5400,6300,demo_3,east,right,24,24.0,0.0,0.0,0.0,"{'bus': 4.0, 'electric_bicycle': 0.5, 'passenger': 17.0, 'truck': 2.5}",True
6,5400,6300,demo_3,east,through,54,54.0,0.0,0.0,0.0,"{'bus': 8.0, 'electric_bicycle': 0.5, 'passenger': 38.0, 'truck': 7.5}",True
6,5400,6300,demo_3,north,left,36,36.0,0.0,0.0,0.0,"{'bus': 6.0, 'electric_bicycle': 0.5, 'passenger': 27.0, 'truck': 2.5}",True
6,5400,6300,demo_3,north,right,23,23.0,0.0,0.0,0.0,"{'bus': 4.0, 'electric_bicycle': 0.5, 'passenger': 16.0, 'truck': 2.5}",True
6,5400,6300,demo_3,north,through,17,17.0,0.0,0.0,0.0,"{'bus': 2.0, 'electric_bicycle': 0.5, 'passenger': 12.0, 'truck': 2.5}",True
6,5400,6300,demo_3,south,left,22,22.0,0.0,0.0,0.0,"{'bus': 4.0, 'electric_bicycle': 0.5, 'passenger': 15.0, 'truck': 2.5}",True
6,5400,6300,demo_3,south,right,29,29.0,0.0,0.0,0.0,"{'bus': 6.0, 'electric_bicycle': 0.5, 'passenger': 20.0, 'truck': 2.5}",True
6,5400,6300,demo_3,south,through,24,24.0,0.0,0.0,0.0,"{'bus': 4.0, 'electric_bicycle': 0.5, 'passenger': 17.0, 'truck': 2.5}",True
6,5400,6300,demo_3,west,left,19,19.0,0.0,0.0,0.0,"{'bus': 4.0, 'electric_bicycle': 0.5, 'passenger': 12.0, 'truck': 2.5}",True
6,5400,6300,demo_3,west,right,18,18.0,0.0,0.0,0.0,"{'bus': 2.0, 'electric_bicycle': 0.5, 'passenger': 13.0, 'truck': 2.5}",True
6,5400,6300,demo_3,west,through,61,61.0,0.0,0.0,0.0,"{'bus': 10.0, 'electric_bicycle': 0.5, 'passenger': 43.0, 'truck': 7.5}",True
6,5400,6300,demo_4,east,left,50,50.0,0.0,0.0,0.0,"{'bus': 8.0, 'electric_bicycle': 0.5, 'passenger': 34.0, 'truck': 7.5}",True
6,5400,6300,demo_4,east,right,42,42.0,0.0,0.0,0.0,"{'bus': 8.0, 'electric_bicycle': 0.5, 'passenger': 31.0, 'truck': 2.5}",True
6,5400,6300,demo_4,east,through,40,40.0,0.0,0.0,0.0,"{'bus': 8.0, 'electric_bicycle': 0.5, 'passenger': 29.0, 'truck': 2.5}",True
6,5400,6300,demo_4,north,left,38,38.0,0.0,0.0,0.0,"{'bus': 6.0, 'electric_bicycle': 0.5, 'passenger': 29.0, 'truck': 2.5}",True
6,5400,6300,demo_4,north,right,32,32.0,0.0,0.0,0.0,"{'bus': 6.0, 'electric_bicycle': 0.5, 'passenger': 23.0, 'truck': 2.5}",True
6,5400,6300,demo_4,north,through,53,53.0,0.0,0.0,0.0,"{'bus': 8.0, 'electric_bicycle': 0.5, 'passenger': 37.0, 'truck': 7.5}",True
6,5400,6300,demo_4,south,left,38,38.0,0.0,0.0,0.0,"{'bus': 6.0, 'electric_bicycle': 0.5, 'passenger': 29.0, 'truck': 2.5}",True
6,5400,6300,demo_4,south,right,35,35.0,0.0,0.0,0.0,"{'bus': 6.0, 'electric_bicycle': 0.5, 'passenger': 26.0, 'truck': 2.5}",True
6,5400,6300,demo_4,south,through,71,71.0,0.0,0.0,0.0,"{'bus': 12.0, 'electric_bicycle': 0.5, 'passenger': 51.0, 'truck': 7.5}",True
6,5400,6300,demo_4,west,left,21,21.0,0.0,0.0,0.0,"{'bus': 4.0, 'electric_bicycle': 0.5, 'passenger': 14.0, 'truck': 2.5}",True
6,5400,6300,demo_4,west,right,37,37.0,0.0,0.0,0.0,"{'bus': 6.0, 'electric_bicycle': 0.5, 'passenger': 28.0, 'truck': 2.5}",True
6,5400,6300,demo_4,west,through,60,60.0,0.0,0.0,0.0,"{'bus': 10.0, 'electric_bicycle': 0.5, 'passenger': 42.0, 'truck': 7.5}",True
6,5400,6300,demo_5,east,left,70,70.0,0.0,0.0,0.0,"{'bus': 12.0, 'electric_bicycle': 0.5, 'passenger': 50.0, 'truck': 7.5}",True
6,5400,6300,demo_5,east,through,71,71.0,0.0,0.0,0.0,"{'bus': 12.0, 'electric_bicycle': 0.5, 'passenger': 51.0, 'truck': 7.5}",True
6,5400,6300,demo_5,south,left,68,68.0,0.0,0.0,0.0,"{'bus': 12.0, 'electric_bicycle': 0.5, 'passenger': 48.0, 'truck': 7.5}",True
6,5400,6300,demo_5,south,right,105,105.0,0.0,0.0,0.0,"{'bus': 18.0, 'electric_bicycle': 1.0, 'passenger': 76.0, 'truck': 10.0}",True
6,5400,6300,demo_5,west,right,58,58.0,0.0,0.0,0.0,"{'bus': 10.0, 'electric_bicycle': 0.5, 'passenger': 40.0, 'truck': 7.5}",True
6,5400,6300,demo_5,west,through,130,130.0,0.0,0.0,0.0,"{'bus': 22.0, 'electric_bicycle': 1.5, 'passenger': 94.0, 'truck': 12.5}",True
6,5400,6300,demo_6,east,left,64,64.0,0.0,0.0,0.0,"{'bus': 10.0, 'electric_bicycle': 0.5, 'passenger': 46.0, 'truck': 7.5}",True
6,5400,6300,demo_6,east,right,63,63.0,0.0,0.0,0.0,"{'bus': 10.0, 'electric_bicycle': 0.5, 'passenger': 45.0, 'truck': 7.5}",True
6,5400,6300,demo_6,east,through,70,70.0,0.0,0.0,0.0,"{'bus': 12.0, 'electric_bicycle': 0.5, 'passenger': 50.0, 'truck': 7.5}",True
6,5400,6300,demo_6,north,left,25,25.0,0.0,0.0,0.0,"{'bus': 4.0, 'electric_bicycle': 0.5, 'passenger': 18.0, 'truck': 2.5}",True
6,5400,6300,demo_6,north,right,17,17.0,0.0,0.0,0.0,"{'bus': 2.0, 'electric_bicycle': 0.5, 'passenger': 12.0, 'truck': 2.5}",True
6,5400,6300,demo_6,north,through,63,63.0,0.0,0.0,0.0,"{'bus': 10.0, 'electric_bicycle': 0.5, 'passenger': 45.0, 'truck': 7.5}",True
6,5400,6300,demo_6,south,left,41,41.0,0.0,0.0,0.0,"{'bus': 8.0, 'electric_bicycle': 0.5, 'passenger': 30.0, 'truck': 2.5}",True
6,5400,6300,demo_6,south,right,40,40.0,0.0,0.0,0.0,"{'bus': 8.0, 'electric_bicycle': 0.5, 'passenger': 29.0, 'truck': 2.5}",True
6,5400,6300,demo_6,south,through,62,62.0,0.0,0.0,0.0,"{'bus': 10.0, 'electric_bicycle': 0.5, 'passenger': 44.0, 'truck': 7.5}",True
6,5400,6300,demo_6,west,left,50,50.0,0.0,0.0,0.0,"{'bus': 8.0, 'electric_bicycle': 0.5, 'passenger': 34.0, 'truck': 7.5}",True
6,5400,6300,demo_6,west,right,55,55.0,0.0,0.0,0.0,"{'bus': 8.0, 'electric_bicycle': 0.5, 'passenger': 39.0, 'truck': 7.5}",True
6,5400,6300,demo_6,west,through,58,58.0,0.0,0.0,0.0,"{'bus': 10.0, 'electric_bicycle': 0.5, 'passenger': 40.0, 'truck': 7.5}",True
6,5400,6300,demo_7,east,left,36,36.0,0.0,0.0,0.0,"{'bus': 6.0, 'electric_bicycle': 0.5, 'passenger': 27.0, 'truck': 2.5}",True
6,5400,6300,demo_7,east,right,139,139.0,0.0,0.0,0.0,"{'bus': 24.0, 'electric_bicycle': 1.5, 'passenger': 101.0, 'truck': 12.5}",True
6,5400,6300,demo_7,south,right,56,56.0,0.0,0.0,0.0,"{'bus': 10.0, 'electric_bicycle': 0.5, 'passenger': 38.0, 'truck': 7.5}",True
6,5400,6300,demo_7,south,through,133,133.0,0.0,0.0,0.0,"{'bus': 24.0, 'electric_bicycle': 1.5, 'passenger': 95.0, 'truck': 12.5}",True
6,5400,6300,demo_7,west,left,80,80.0,0.0,0.0,0.0,"{'bus': 14.0, 'electric_bicycle': 1.0, 'passenger': 55.0, 'truck': 10.0}",True
6,5400,6300,demo_7,west,through,79,79.0,0.0,0.0,0.0,"{'bus': 14.0, 'electric_bicycle': 0.5, 'passenger': 57.0, 'truck': 7.5}",True
6,5400,6300,demo_8,east,left,27,27.0,0.0,0.0,0.0,"{'bus': 4.0, 'electric_bicycle': 0.5, 'passenger': 20.0, 'truck': 2.5}",True
6,5400,6300,demo_8,east,right,21,21.0,0.0,0.0,0.0,"{'bus': 4.0, 'electric_bicycle': 0.5, 'passenger': 14.0, 'truck': 2.5}",True
6,5400,6300,demo_8,east,through,110,110.0,0.0,0.0,0.0,"{'bus': 20.0, 'electric_bicycle': 1.0, 'passenger': 79.0, 'truck': 10.0}",True
6,5400,6300,demo_8,north,left,29,29.0,0.0,0.0,0.0,"{'bus': 6.0, 'electric_bicycle': 0.5, 'passenger': 20.0, 'truck': 2.5}",True
6,5400,6300,demo_8,north,right,24,24.0,0.0,0.0,0.0,"{'bus': 4.0, 'electric_bicycle': 0.5, 'passenger': 17.0, 'truck': 2.5}",True
6,5400,6300,demo_8,north,through,126,126.0,0.0,0.0,0.0,"{'bus': 22.0, 'electric_bicycle': 1.5, 'passenger': 90.0, 'truck': 12.5}",True
6,5400,6300,demo_8,south,left,35,35.0,0.0,0.0,0.0,"{'bus': 6.0, 'electric_bicycle': 0.5, 'passenger': 26.0, 'truck': 2.5}",True
6,5400,6300,demo_8,south,right,29,29.0,0.0,0.0,0.0,"{'bus': 6.0, 'electric_bicycle': 0.5, 'passenger': 20.0, 'truck': 2.5}",True
6,5400,6300,demo_8,south,through,121,121.0,0.0,0.0,0.0,"{'bus': 20.0, 'electric_bicycle': 1.5, 'passenger': 87.0, 'truck': 12.5}",True
6,5400,6300,demo_8,west,left,31,31.0,0.0,0.0,0.0,"{'bus': 6.0, 'electric_bicycle': 0.5, 'passenger': 22.0, 'truck': 2.5}",True
6,5400,6300,demo_8,west,right,30,30.0,0.0,0.0,0.0,"{'bus': 6.0, 'electric_bicycle': 0.5, 'passenger': 21.0, 'truck': 2.5}",True
6,5400,6300,demo_8,west,through,101,101.0,0.0,0.0,0.0,"{'bus': 18.0, 'electric_bicycle': 1.0, 'passenger': 72.0, 'truck': 10.0}",True
6,5400,6300,demo_9,east,left,21,21.0,0.0,0.0,0.0,"{'bus': 4.0, 'electric_bicycle': 0.5, 'passenger': 14.0, 'truck': 2.5}",True
6,5400,6300,demo_9,east,right,46,46.0,0.0,0.0,0.0,"{'bus': 8.0, 'electric_bicycle': 1.0, 'passenger': 32.0, 'truck': 5.0}",True
6,5400,6300,demo_9,east,through,9,9.0,0.0,0.0,0.0,"{'bus': 2.0, 'electric_bicycle': 0.0, 'passenger': 7.0, 'truck': 0.0}",True
6,5400,6300,demo_9,north,left,36,36.0,0.0,0.0,0.0,"{'bus': 6.0, 'electric_bicycle': 0.5, 'passenger': 27.0, 'truck': 2.5}",True
6,5400,6300,demo_9,north,right,10,10.0,0.0,0.0,0.0,"{'bus': 2.0, 'electric_bicycle': 0.0, 'passenger': 8.0, 'truck': 0.0}",True
6,5400,6300,demo_9,north,through,50,50.0,0.0,0.0,0.0,"{'bus': 8.0, 'electric_bicycle': 0.5, 'passenger': 34.0, 'truck': 7.5}",True
6,5400,6300,demo_9,northeast,left,30,30.0,0.0,0.0,0.0,"{'bus': 6.0, 'electric_bicycle': 0.5, 'passenger': 21.0, 'truck': 2.5}",True
6,5400,6300,demo_9,northeast,right,33,33.0,0.0,0.0,0.0,"{'bus': 6.0, 'electric_bicycle': 0.5, 'passenger': 24.0, 'truck': 2.5}",True
6,5400,6300,demo_9,northeast,through,0,0.0,0.0,,0.0,"{'bus': 0.0, 'electric_bicycle': 0.0, 'passenger': 0.0, 'truck': 0.0}",True
6,5400,6300,demo_9,south,left,27,27.0,0.0,0.0,0.0,"{'bus': 4.0, 'electric_bicycle': 0.5, 'passenger': 20.0, 'truck': 2.5}",True
6,5400,6300,demo_9,south,right,29,29.0,0.0,0.0,0.0,"{'bus': 6.0, 'electric_bicycle': 0.5, 'passenger': 20.0, 'truck': 2.5}",True
6,5400,6300,demo_9,south,through,40,40.0,0.0,0.0,0.0,"{'bus': 8.0, 'electric_bicycle': 0.5, 'passenger': 29.0, 'truck': 2.5}",True
6,5400,6300,demo_9,west,left,25,25.0,0.0,0.0,0.0,"{'bus': 4.0, 'electric_bicycle': 0.5, 'passenger': 18.0, 'truck': 2.5}",True
6,5400,6300,demo_9,west,right,32,32.0,0.0,0.0,0.0,"{'bus': 6.0, 'electric_bicycle': 0.5, 'passenger': 23.0, 'truck': 2.5}",True
6,5400,6300,demo_9,west,through,8,8.0,0.0,0.0,0.0,"{'bus': 2.0, 'electric_bicycle': 0.0, 'passenger': 6.0, 'truck': 0.0}",True
7,6300,7200,demo_1,east,left,35,35.0,0.0,0.0,0.0,"{'bus': 6.0, 'electric_bicycle': 0.5, 'passenger': 26.0, 'truck': 2.5}",True
7,6300,7200,demo_1,east,right,45,45.0,0.0,0.0,0.0,"{'bus': 8.0, 'electric_bicycle': 0.5, 'passenger': 34.0, 'truck': 2.5}",True
7,6300,7200,demo_1,east,through,48,48.0,0.0,0.0,0.0,"{'bus': 8.0, 'electric_bicycle': 0.5, 'passenger': 32.0, 'truck': 7.5}",True
7,6300,7200,demo_1,north,left,42,42.0,0.0,0.0,0.0,"{'bus': 8.0, 'electric_bicycle': 0.5, 'passenger': 31.0, 'truck': 2.5}",True
7,6300,7200,demo_1,north,right,33,33.0,0.0,0.0,0.0,"{'bus': 6.0, 'electric_bicycle': 0.5, 'passenger': 24.0, 'truck': 2.5}",True
7,6300,7200,demo_1,north,through,88,88.0,0.0,0.0,0.0,"{'bus': 14.0, 'electric_bicycle': 1.0, 'passenger': 63.0, 'truck': 10.0}",True
7,6300,7200,demo_1,south,left,44,44.0,0.0,0.0,0.0,"{'bus': 8.0, 'electric_bicycle': 0.5, 'passenger': 33.0, 'truck': 2.5}",True
7,6300,7200,demo_1,south,right,34,34.0,0.0,0.0,0.0,"{'bus': 6.0, 'electric_bicycle': 0.5, 'passenger': 25.0, 'truck': 2.5}",True
7,6300,7200,demo_1,south,through,40,40.0,0.0,0.0,0.0,"{'bus': 8.0, 'electric_bicycle': 0.5, 'passenger': 29.0, 'truck': 2.5}",True
7,6300,7200,demo_1,west,left,61,61.0,0.0,0.0,0.0,"{'bus': 10.0, 'electric_bicycle': 0.5, 'passenger': 43.0, 'truck': 7.5}",True
7,6300,7200,demo_1,west,right,30,30.0,0.0,0.0,0.0,"{'bus': 6.0, 'electric_bicycle': 0.5, 'passenger': 21.0, 'truck': 2.5}",True
7,6300,7200,demo_1,west,through,66,66.0,0.0,0.0,0.0,"{'bus': 12.0, 'electric_bicycle': 0.5, 'passenger': 46.0, 'truck': 7.5}",True
7,6300,7200,demo_10,east,left,46,46.0,0.0,0.0,0.0,"{'bus': 8.0, 'electric_bicycle': 0.5, 'passenger': 35.0, 'truck': 2.5}",True
7,6300,7200,demo_10,east,through,80,80.0,0.0,0.0,0.0,"{'bus': 14.0, 'electric_bicycle': 1.0, 'passenger': 55.0, 'truck': 10.0}",True
7,6300,7200,demo_10,south,left,74,74.0,0.0,0.0,0.0,"{'bus': 12.0, 'electric_bicycle': 0.5, 'passenger': 54.0, 'truck': 7.5}",True
7,6300,7200,demo_10,south,right,86,86.0,0.0,0.0,0.0,"{'bus': 14.0, 'electric_bicycle': 1.0, 'passenger': 61.0, 'truck': 10.0}",True
7,6300,7200,demo_10,west,right,82,82.0,0.0,0.0,0.0,"{'bus': 14.0, 'electric_bicycle': 1.0, 'passenger': 57.0, 'truck': 10.0}",True
7,6300,7200,demo_10,west,through,95,95.0,0.0,0.0,0.0,"{'bus': 16.0, 'electric_bicycle': 1.0, 'passenger': 68.0, 'truck': 10.0}",True
7,6300,7200,demo_11,east,left,76,76.0,0.0,0.0,0.0,"{'bus': 14.0, 'electric_bicycle': 0.5, 'passenger': 54.0, 'truck': 7.5}",True
7,6300,7200,demo_11,east,right,76,76.0,0.0,0.0,0.0,"{'bus': 14.0, 'electric_bicycle': 0.5, 'passenger': 54.0, 'truck': 7.5}",True
7,6300,7200,demo_11,east,through,100,100.0,0.0,0.0,0.0,"{'bus': 18.0, 'electric_bicycle': 1.0, 'passenger': 71.0, 'truck': 10.0}",True
7,6300,7200,demo_11,north,left,69,69.0,0.0,0.0,0.0,"{'bus': 12.0, 'electric_bicycle': 0.5, 'passenger': 49.0, 'truck': 7.5}",True
7,6300,7200,demo_11,north,right,68,68.0,0.0,0.0,0.0,"{'bus': 12.0, 'electric_bicycle': 0.5, 'passenger': 48.0, 'truck': 7.5}",True
7,6300,7200,demo_11,north,through,100,100.0,0.0,0.0,0.0,"{'bus': 18.0, 'electric_bicycle': 1.0, 'passenger': 71.0, 'truck': 10.0}",True
7,6300,7200,demo_11,south,left,44,44.0,0.0,0.0,0.0,"{'bus': 8.0, 'electric_bicycle': 0.5, 'passenger': 33.0, 'truck': 2.5}",True
7,6300,7200,demo_11,south,right,46,46.0,0.0,0.0,0.0,"{'bus': 8.0, 'electric_bicycle': 0.5, 'passenger': 35.0, 'truck': 2.5}",True
7,6300,7200,demo_11,south,through,57,57.0,0.0,0.0,0.0,"{'bus': 10.0, 'electric_bicycle': 0.5, 'passenger': 39.0, 'truck': 7.5}",True
7,6300,7200,demo_11,west,left,77,77.0,0.0,0.0,0.0,"{'bus': 14.0, 'electric_bicycle': 0.5, 'passenger': 55.0, 'truck': 7.5}",True
7,6300,7200,demo_11,west,right,81,81.0,0.0,0.0,0.0,"{'bus': 14.0, 'electric_bicycle': 1.0, 'passenger': 56.0, 'truck': 10.0}",True
7,6300,7200,demo_11,west,through,110,110.0,0.0,0.0,0.0,"{'bus': 20.0, 'electric_bicycle': 1.0, 'passenger': 79.0, 'truck': 10.0}",True
7,6300,7200,demo_12,east,left,40,40.0,0.0,0.0,0.0,"{'bus': 8.0, 'electric_bicycle': 0.5, 'passenger': 29.0, 'truck': 2.5}",True
7,6300,7200,demo_12,east,right,29,29.0,0.0,0.0,0.0,"{'bus': 6.0, 'electric_bicycle': 0.5, 'passenger': 20.0, 'truck': 2.5}",True
7,6300,7200,demo_12,east,through,74,74.0,0.0,0.0,0.0,"{'bus': 12.0, 'electric_bicycle': 0.5, 'passenger': 54.0, 'truck': 7.5}",True
7,6300,7200,demo_12,north,left,41,41.0,0.0,0.0,0.0,"{'bus': 8.0, 'electric_bicycle': 0.5, 'passenger': 30.0, 'truck': 2.5}",True
7,6300,7200,demo_12,north,right,22,22.0,0.0,0.0,0.0,"{'bus': 4.0, 'electric_bicycle': 0.5, 'passenger': 15.0, 'truck': 2.5}",True
7,6300,7200,demo_12,north,through,46,46.0,0.0,0.0,0.0,"{'bus': 8.0, 'electric_bicycle': 0.5, 'passenger': 35.0, 'truck': 2.5}",True
7,6300,7200,demo_12,south,left,33,33.0,0.0,0.0,0.0,"{'bus': 6.0, 'electric_bicycle': 0.5, 'passenger': 24.0, 'truck': 2.5}",True
7,6300,7200,demo_12,south,right,24,24.0,0.0,0.0,0.0,"{'bus': 4.0, 'electric_bicycle': 0.5, 'passenger': 17.0, 'truck': 2.5}",True
7,6300,7200,demo_12,south,through,62,62.0,0.0,0.0,0.0,"{'bus': 10.0, 'electric_bicycle': 0.5, 'passenger': 44.0, 'truck': 7.5}",True
7,6300,7200,demo_12,west,left,36,36.0,0.0,0.0,0.0,"{'bus': 6.0, 'electric_bicycle': 0.5, 'passenger': 27.0, 'truck': 2.5}",True
7,6300,7200,demo_12,west,right,26,26.0,0.0,0.0,0.0,"{'bus': 4.0, 'electric_bicycle': 0.5, 'passenger': 19.0, 'truck': 2.5}",True
7,6300,7200,demo_12,west,through,66,66.0,0.0,0.0,0.0,"{'bus': 12.0, 'electric_bicycle': 0.5, 'passenger': 46.0, 'truck': 7.5}",True
7,6300,7200,demo_13,east,right,45,45.0,0.0,0.0,0.0,"{'bus': 8.0, 'electric_bicycle': 0.5, 'passenger': 34.0, 'truck': 2.5}",True
7,6300,7200,demo_13,east,through,103,103.0,0.0,0.0,0.0,"{'bus': 18.0, 'electric_bicycle': 1.0, 'passenger': 74.0, 'truck': 10.0}",True
7,6300,7200,demo_13,north,right,82,82.0,0.0,0.0,0.0,"{'bus': 14.0, 'electric_bicycle': 1.0, 'passenger': 57.0, 'truck': 10.0}",True
7,6300,7200,demo_14,east,left,100,100.0,0.0,0.0,0.0,"{'bus': 18.0, 'electric_bicycle': 1.0, 'passenger': 71.0, 'truck': 10.0}",True
7,6300,7200,demo_14,east,right,113,113.0,0.0,0.0,0.0,"{'bus': 20.0, 'electric_bicycle': 1.0, 'passenger': 82.0, 'truck': 10.0}",True
7,6300,7200,demo_14,north,left,62,62.0,0.0,0.0,0.0,"{'bus': 10.0, 'electric_bicycle': 0.5, 'passenger': 44.0, 'truck': 7.5}",True
7,6300,7200,demo_14,north,through,86,86.0,0.0,0.0,0.0,"{'bus': 14.0, 'electric_bicycle': 1.0, 'passenger': 61.0, 'truck': 10.0}",True
7,6300,7200,demo_14,south,right,81,81.0,0.0,0.0,0.0,"{'bus': 14.0, 'electric_bicycle': 1.0, 'passenger': 56.0, 'truck': 10.0}",True
7,6300,7200,demo_14,south,through,50,50.0,0.0,0.0,0.0,"{'bus': 8.0, 'electric_bicycle': 0.5, 'passenger': 34.0, 'truck': 7.5}",True
7,6300,7200,demo_15,east,left,28,28.0,0.0,0.0,0.0,"{'bus': 4.0, 'electric_bicycle': 0.5, 'passenger': 21.0, 'truck': 2.5}",True
7,6300,7200,demo_15,east,right,32,32.0,0.0,0.0,0.0,"{'bus': 6.0, 'electric_bicycle': 0.5, 'passenger': 23.0, 'truck': 2.5}",True
7,6300,7200,demo_15,east,through,97,97.0,0.0,0.0,0.0,"{'bus': 16.0, 'electric_bicycle': 1.0, 'passenger': 70.0, 'truck': 10.0}",True
7,6300,7200,demo_15,north,left,60,60.0,0.0,0.0,0.0,"{'bus': 10.0, 'electric_bicycle': 0.5, 'passenger': 42.0, 'truck': 7.5}",True
7,6300,7200,demo_15,north,right,82,82.0,0.0,0.0,0.0,"{'bus': 14.0, 'electric_bicycle': 1.0, 'passenger': 57.0, 'truck': 10.0}",True
7,6300,7200,demo_15,north,through,80,80.0,0.0,0.0,0.0,"{'bus': 14.0, 'electric_bicycle': 1.0, 'passenger': 55.0, 'truck': 10.0}",True
7,6300,7200,demo_15,south,left,22,22.0,0.0,0.0,0.0,"{'bus': 4.0, 'electric_bicycle': 0.5, 'passenger': 15.0, 'truck': 2.5}",True
7,6300,7200,demo_15,south,right,85,85.0,0.0,0.0,0.0,"{'bus': 14.0, 'electric_bicycle': 1.0, 'passenger': 60.0, 'truck': 10.0}",True
7,6300,7200,demo_15,south,through,101,101.0,0.0,0.0,0.0,"{'bus': 18.0, 'electric_bicycle': 1.0, 'passenger': 72.0, 'truck': 10.0}",True
7,6300,7200,demo_15,west,left,66,66.0,0.0,0.0,0.0,"{'bus': 12.0, 'electric_bicycle': 0.5, 'passenger': 46.0, 'truck': 7.5}",True
7,6300,7200,demo_15,west,right,37,37.0,0.0,0.0,0.0,"{'bus': 6.0, 'electric_bicycle': 0.5, 'passenger': 28.0, 'truck': 2.5}",True
7,6300,7200,demo_15,west,through,91,91.0,0.0,0.0,0.0,"{'bus': 16.0, 'electric_bicycle': 1.0, 'passenger': 64.0, 'truck': 10.0}",True
7,6300,7200,demo_16,east,left,64,64.0,0.0,0.0,0.0,"{'bus': 10.0, 'electric_bicycle': 0.5, 'passenger': 46.0, 'truck': 7.5}",True
7,6300,7200,demo_16,east,right,46,46.0,0.0,0.0,0.0,"{'bus': 8.0, 'electric_bicycle': 0.5, 'passenger': 35.0, 'truck': 2.5}",True
7,6300,7200,demo_16,east,through,81,81.0,0.0,0.0,0.0,"{'bus': 14.0, 'electric_bicycle': 1.0, 'passenger': 56.0, 'truck': 10.0}",True
7,6300,7200,demo_16,north,left,60,60.0,0.0,0.0,0.0,"{'bus': 10.0, 'electric_bicycle': 0.5, 'passenger': 42.0, 'truck': 7.5}",True
7,6300,7200,demo_16,north,right,45,45.0,0.0,0.0,0.0,"{'bus': 8.0, 'electric_bicycle': 0.5, 'passenger': 34.0, 'truck': 2.5}",True
7,6300,7200,demo_16,north,through,34,34.0,0.0,0.0,0.0,"{'bus': 6.0, 'electric_bicycle': 0.5, 'passenger': 25.0, 'truck': 2.5}",True
7,6300,7200,demo_16,south,left,52,52.0,0.0,0.0,0.0,"{'bus': 8.0, 'electric_bicycle': 0.5, 'passenger': 36.0, 'truck': 7.5}",True
7,6300,7200,demo_16,south,right,55,55.0,0.0,0.0,0.0,"{'bus': 8.0, 'electric_bicycle': 0.5, 'passenger': 39.0, 'truck': 7.5}",True
7,6300,7200,demo_16,south,through,72,72.0,0.0,0.0,0.0,"{'bus': 12.0, 'electric_bicycle': 0.5, 'passenger': 52.0, 'truck': 7.5}",True
7,6300,7200,demo_16,west,left,56,56.0,0.0,0.0,0.0,"{'bus': 10.0, 'electric_bicycle': 0.5, 'passenger': 38.0, 'truck': 7.5}",True
7,6300,7200,demo_16,west,right,60,60.0,0.0,0.0,0.0,"{'bus': 10.0, 'electric_bicycle': 0.5, 'passenger': 42.0, 'truck': 7.5}",True
7,6300,7200,demo_16,west,through,99,99.0,0.0,0.0,0.0,"{'bus': 18.0, 'electric_bicycle': 1.0, 'passenger': 70.0, 'truck': 10.0}",True
7,6300,7200,demo_17,east,left,112,112.0,0.0,0.0,0.0,"{'bus': 20.0, 'electric_bicycle': 1.0, 'passenger': 81.0, 'truck': 10.0}",True
7,6300,7200,demo_17,east,right,73,73.0,0.0,0.0,0.0,"{'bus': 12.0, 'electric_bicycle': 0.5, 'passenger': 53.0, 'truck': 7.5}",True
7,6300,7200,demo_17,north,left,83,83.0,0.0,0.0,0.0,"{'bus': 14.0, 'electric_bicycle': 1.0, 'passenger': 58.0, 'truck': 10.0}",True
7,6300,7200,demo_17,north,through,70,70.0,0.0,0.0,0.0,"{'bus': 12.0, 'electric_bicycle': 0.5, 'passenger': 50.0, 'truck': 7.5}",True
7,6300,7200,demo_17,south,right,118,118.0,0.0,0.0,0.0,"{'bus': 20.0, 'electric_bicycle': 1.5, 'passenger': 84.0, 'truck': 12.5}",True
7,6300,7200,demo_17,south,through,51,51.0,0.0,0.0,0.0,"{'bus': 8.0, 'electric_bicycle': 0.5, 'passenger': 35.0, 'truck': 7.5}",True
7,6300,7200,demo_18,northeast,left,94,94.0,0.0,0.0,0.0,"{'bus': 16.0, 'electric_bicycle': 1.0, 'passenger': 67.0, 'truck': 10.0}",True
7,6300,7200,demo_18,northeast,right,32,32.0,0.0,0.0,0.0,"{'bus': 6.0, 'electric_bicycle': 0.5, 'passenger': 23.0, 'truck': 2.5}",True
7,6300,7200,demo_18,northeast,through,109,109.0,0.0,0.0,0.0,"{'bus': 20.0, 'electric_bicycle': 1.0, 'passenger': 78.0, 'truck': 10.0}",True
7,6300,7200,demo_18,northwest,left,47,47.0,0.0,0.0,0.0,"{'bus': 8.0, 'electric_bicycle': 0.5, 'passenger': 36.0, 'truck': 2.5}",True
7,6300,7200,demo_18,northwest,right,35,35.0,0.0,0.0,0.0,"{'bus': 6.0, 'electric_bicycle': 0.5, 'passenger': 26.0, 'truck': 2.5}",True
7,6300,7200,demo_18,northwest,through,65,65.0,0.0,0.0,0.0,"{'bus': 12.0, 'electric_bicycle': 0.5, 'passenger': 45.0, 'truck': 7.5}",True
7,6300,7200,demo_18,southeast,left,79,79.0,0.0,0.0,0.0,"{'bus': 14.0, 'electric_bicycle': 0.5, 'passenger': 57.0, 'truck': 7.5}",True
7,6300,7200,demo_18,southeast,right,27,27.0,0.0,0.0,0.0,"{'bus': 4.0, 'electric_bicycle': 0.5, 'passenger': 20.0, 'truck': 2.5}",True
7,6300,7200,demo_18,southeast,through,133,133.0,0.0,0.0,0.0,"{'bus': 24.0, 'electric_bicycle': 1.5, 'passenger': 95.0, 'truck': 12.5}",True
7,6300,7200,demo_18,southwest,left,66,66.0,0.0,0.0,0.0,"{'bus': 12.0, 'electric_bicycle': 0.5, 'passenger': 46.0, 'truck': 7.5}",True
7,6300,7200,demo_18,southwest,right,69,69.0,0.0,0.0,0.0,"{'bus': 12.0, 'electric_bicycle': 1.0, 'passenger': 51.0, 'truck': 5.0}",True
7,6300,7200,demo_18,southwest,through,93,93.0,0.0,0.0,0.0,"{'bus': 16.0, 'electric_bicycle': 1.0, 'passenger': 66.0, 'truck': 10.0}",True
7,6300,7200,demo_19,northeast,left,12,12.0,0.0,0.0,0.0,"{'bus': 2.0, 'electric_bicycle': 0.0, 'passenger': 10.0, 'truck': 0.0}",True
7,6300,7200,demo_19,northeast,right,96,96.0,0.0,0.0,0.0,"{'bus': 16.0, 'electric_bicycle': 1.0, 'passenger': 69.0, 'truck': 10.0}",True
7,6300,7200,demo_19,northeast,through,70,70.0,0.0,0.0,0.0,"{'bus': 12.0, 'electric_bicycle': 0.5, 'passenger': 50.0, 'truck': 7.5}",True
7,6300,7200,demo_19,northwest,left,41,41.0,0.0,0.0,0.0,"{'bus': 8.0, 'electric_bicycle': 0.5, 'passenger': 30.0, 'truck': 2.5}",True
7,6300,7200,demo_19,northwest,right,30,30.0,0.0,0.0,0.0,"{'bus': 6.0, 'electric_bicycle': 0.5, 'passenger': 21.0, 'truck': 2.5}",True
7,6300,7200,demo_19,northwest,through,98,98.0,0.0,0.0,0.0,"{'bus': 16.0, 'electric_bicycle': 1.0, 'passenger': 71.0, 'truck': 10.0}",True
7,6300,7200,demo_19,southeast,left,43,43.0,0.0,0.0,0.0,"{'bus': 8.0, 'electric_bicycle': 0.5, 'passenger': 32.0, 'truck': 2.5}",True
7,6300,7200,demo_19,southeast,right,18,18.0,0.0,0.0,0.0,"{'bus': 2.0, 'electric_bicycle': 0.5, 'passenger': 13.0, 'truck': 2.5}",True
7,6300,7200,demo_19,southeast,through,75,75.0,0.0,0.0,0.0,"{'bus': 14.0, 'electric_bicycle': 0.5, 'passenger': 53.0, 'truck': 7.5}",True
7,6300,7200,demo_19,southwest,left,91,91.0,0.0,0.0,0.0,"{'bus': 16.0, 'electric_bicycle': 1.0, 'passenger': 64.0, 'truck': 10.0}",True
7,6300,7200,demo_19,southwest,right,9,9.0,0.0,0.0,0.0,"{'bus': 2.0, 'electric_bicycle': 0.0, 'passenger': 7.0, 'truck': 0.0}",True
7,6300,7200,demo_19,southwest,through,37,37.0,0.0,0.0,0.0,"{'bus': 6.0, 'electric_bicycle': 0.5, 'passenger': 28.0, 'truck': 2.5}",True
7,6300,7200,demo_2,north,right,35,35.0,0.0,0.0,0.0,"{'bus': 6.0, 'electric_bicycle': 0.5, 'passenger': 26.0, 'truck': 2.5}",True
7,6300,7200,demo_2,north,through,73,73.0,0.0,0.0,0.0,"{'bus': 12.0, 'electric_bicycle': 0.5, 'passenger': 53.0, 'truck': 7.5}",True
7,6300,7200,demo_2,south,left,44,44.0,0.0,0.0,0.0,"{'bus': 8.0, 'electric_bicycle': 0.5, 'passenger': 33.0, 'truck': 2.5}",True
7,6300,7200,demo_2,south,through,54,54.0,0.0,0.0,0.0,"{'bus': 8.0, 'electric_bicycle': 0.5, 'passenger': 38.0, 'truck': 7.5}",True
7,6300,7200,demo_2,west,left,38,38.0,0.0,0.0,0.0,"{'bus': 6.0, 'electric_bicycle': 0.5, 'passenger': 29.0, 'truck': 2.5}",True
7,6300,7200,demo_2,west,right,46,46.0,0.0,0.0,0.0,"{'bus': 8.0, 'electric_bicycle': 0.5, 'passenger': 35.0, 'truck': 2.5}",True
7,6300,7200,demo_20,east,left,13,13.0,0.0,0.0,0.0,"{'bus': 2.0, 'electric_bicycle': 0.0, 'passenger': 11.0, 'truck': 0.0}",True
7,6300,7200,demo_20,east,right,12,12.0,0.0,0.0,0.0,"{'bus': 2.0, 'electric_bicycle': 0.0, 'passenger': 10.0, 'truck': 0.0}",True
7,6300,7200,demo_20,east,through,21,21.0,0.0,0.0,0.0,"{'bus': 4.0, 'electric_bicycle': 0.5, 'passenger': 14.0, 'truck': 2.5}",True
7,6300,7200,demo_20,north,left,20,20.0,0.0,0.0,0.0,"{'bus': 4.0, 'electric_bicycle': 0.5, 'passenger': 13.0, 'truck': 2.5}",True
7,6300,7200,demo_20,north,right,19,19.0,0.0,0.0,0.0,"{'bus': 4.0, 'electric_bicycle': 0.5, 'passenger': 12.0, 'truck': 2.5}",True
7,6300,7200,demo_20,north,through,33,33.0,0.0,0.0,0.0,"{'bus': 6.0, 'electric_bicycle': 0.5, 'passenger': 24.0, 'truck': 2.5}",True
7,6300,7200,demo_20,south,left,32,32.0,0.0,0.0,0.0,"{'bus': 6.0, 'electric_bicycle': 0.5, 'passenger': 23.0, 'truck': 2.5}",True
7,6300,7200,demo_20,south,right,31,31.0,0.0,0.0,0.0,"{'bus': 6.0, 'electric_bicycle': 0.5, 'passenger': 22.0, 'truck': 2.5}",True
7,6300,7200,demo_20,south,through,53,53.0,0.0,0.0,0.0,"{'bus': 8.0, 'electric_bicycle': 0.5, 'passenger': 37.0, 'truck': 7.5}",True
7,6300,7200,demo_20,west,left,10,10.0,0.0,0.0,0.0,"{'bus': 2.0, 'electric_bicycle': 0.0, 'passenger': 8.0, 'truck': 0.0}",True
7,6300,7200,demo_20,west,right,10,10.0,0.0,0.0,0.0,"{'bus': 2.0, 'electric_bicycle': 0.0, 'passenger': 8.0, 'truck': 0.0}",True
7,6300,7200,demo_20,west,through,17,17.0,0.0,0.0,0.0,"{'bus': 2.0, 'electric_bicycle': 0.5, 'passenger': 12.0, 'truck': 2.5}",True
7,6300,7200,demo_3,east,left,7,7.0,0.0,0.0,0.0,"{'bus': 2.0, 'electric_bicycle': 0.0, 'passenger': 5.0, 'truck': 0.0}",True
7,6300,7200,demo_3,east,right,23,23.0,0.0,0.0,0.0,"{'bus': 4.0, 'electric_bicycle': 0.5, 'passenger': 16.0, 'truck': 2.5}",True
7,6300,7200,demo_3,east,through,52,52.0,0.0,0.0,0.0,"{'bus': 8.0, 'electric_bicycle': 0.5, 'passenger': 36.0, 'truck': 7.5}",True
7,6300,7200,demo_3,north,left,36,36.0,0.0,0.0,0.0,"{'bus': 6.0, 'electric_bicycle': 0.5, 'passenger': 27.0, 'truck': 2.5}",True
7,6300,7200,demo_3,north,right,22,22.0,0.0,0.0,0.0,"{'bus': 4.0, 'electric_bicycle': 0.5, 'passenger': 15.0, 'truck': 2.5}",True
7,6300,7200,demo_3,north,through,16,16.0,0.0,0.0,0.0,"{'bus': 2.0, 'electric_bicycle': 0.5, 'passenger': 11.0, 'truck': 2.5}",True
7,6300,7200,demo_3,south,left,20,20.0,0.0,0.0,0.0,"{'bus': 4.0, 'electric_bicycle': 0.5, 'passenger': 13.0, 'truck': 2.5}",True
7,6300,7200,demo_3,south,right,28,28.0,0.0,0.0,0.0,"{'bus': 4.0, 'electric_bicycle': 0.5, 'passenger': 21.0, 'truck': 2.5}",True
7,6300,7200,demo_3,south,through,22,22.0,0.0,0.0,0.0,"{'bus': 4.0, 'electric_bicycle': 0.5, 'passenger': 15.0, 'truck': 2.5}",True
7,6300,7200,demo_3,west,left,17,17.0,0.0,0.0,0.0,"{'bus': 2.0, 'electric_bicycle': 0.5, 'passenger': 12.0, 'truck': 2.5}",True
7,6300,7200,demo_3,west,right,17,17.0,0.0,0.0,0.0,"{'bus': 2.0, 'electric_bicycle': 0.5, 'passenger': 12.0, 'truck': 2.5}",True
7,6300,7200,demo_3,west,through,58,58.0,0.0,0.0,0.0,"{'bus': 10.0, 'electric_bicycle': 0.5, 'passenger': 40.0, 'truck': 7.5}",True
7,6300,7200,demo_4,east,left,48,48.0,0.0,0.0,0.0,"{'bus': 8.0, 'electric_bicycle': 0.5, 'passenger': 32.0, 'truck': 7.5}",True
7,6300,7200,demo_4,east,right,41,41.0,0.0,0.0,0.0,"{'bus': 8.0, 'electric_bicycle': 0.5, 'passenger': 30.0, 'truck': 2.5}",True
7,6300,7200,demo_4,east,through,41,41.0,0.0,0.0,0.0,"{'bus': 8.0, 'electric_bicycle': 0.5, 'passenger': 30.0, 'truck': 2.5}",True
7,6300,7200,demo_4,north,left,37,37.0,0.0,0.0,0.0,"{'bus': 6.0, 'electric_bicycle': 0.5, 'passenger': 28.0, 'truck': 2.5}",True
7,6300,7200,demo_4,north,right,34,34.0,0.0,0.0,0.0,"{'bus': 6.0, 'electric_bicycle': 0.5, 'passenger': 25.0, 'truck': 2.5}",True
7,6300,7200,demo_4,north,through,49,49.0,0.0,0.0,0.0,"{'bus': 8.0, 'electric_bicycle': 0.5, 'passenger': 33.0, 'truck': 7.5}",True
7,6300,7200,demo_4,south,left,39,39.0,0.0,0.0,0.0,"{'bus': 8.0, 'electric_bicycle': 0.5, 'passenger': 28.0, 'truck': 2.5}",True
7,6300,7200,demo_4,south,right,32,32.0,0.0,0.0,0.0,"{'bus': 6.0, 'electric_bicycle': 0.5, 'passenger': 23.0, 'truck': 2.5}",True
7,6300,7200,demo_4,south,through,66,66.0,0.0,0.0,0.0,"{'bus': 12.0, 'electric_bicycle': 0.5, 'passenger': 46.0, 'truck': 7.5}",True
7,6300,7200,demo_4,west,left,18,18.0,0.0,0.0,0.0,"{'bus': 2.0, 'electric_bicycle': 0.5, 'passenger': 13.0, 'truck': 2.5}",True
7,6300,7200,demo_4,west,right,35,35.0,0.0,0.0,0.0,"{'bus': 6.0, 'electric_bicycle': 0.5, 'passenger': 26.0, 'truck': 2.5}",True
7,6300,7200,demo_4,west,through,59,59.0,0.0,0.0,0.0,"{'bus': 10.0, 'electric_bicycle': 0.5, 'passenger': 41.0, 'truck': 7.5}",True
7,6300,7200,demo_5,east,left,72,72.0,0.0,0.0,0.0,"{'bus': 12.0, 'electric_bicycle': 0.5, 'passenger': 52.0, 'truck': 7.5}",True
7,6300,7200,demo_5,east,through,72,72.0,0.0,0.0,0.0,"{'bus': 12.0, 'electric_bicycle': 0.5, 'passenger': 52.0, 'truck': 7.5}",True
7,6300,7200,demo_5,south,left,74,74.0,0.0,0.0,0.0,"{'bus': 12.0, 'electric_bicycle': 0.5, 'passenger': 54.0, 'truck': 7.5}",True
7,6300,7200,demo_5,south,right,111,111.0,0.0,0.0,0.0,"{'bus': 20.0, 'electric_bicycle': 1.0, 'passenger': 80.0, 'truck': 10.0}",True
7,6300,7200,demo_5,west,right,56,56.0,0.0,0.0,0.0,"{'bus': 10.0, 'electric_bicycle': 0.5, 'passenger': 38.0, 'truck': 7.5}",True
7,6300,7200,demo_5,west,through,130,130.0,0.0,0.0,0.0,"{'bus': 22.0, 'electric_bicycle': 1.5, 'passenger': 94.0, 'truck': 12.5}",True
7,6300,7200,demo_6,east,left,63,63.0,0.0,0.0,0.0,"{'bus': 10.0, 'electric_bicycle': 0.5, 'passenger': 45.0, 'truck': 7.5}",True
7,6300,7200,demo_6,east,right,60,60.0,0.0,0.0,0.0,"{'bus': 10.0, 'electric_bicycle': 0.5, 'passenger': 42.0, 'truck': 7.5}",True
7,6300,7200,demo_6,east,through,63,63.0,0.0,0.0,0.0,"{'bus': 10.0, 'electric_bicycle': 0.5, 'passenger': 45.0, 'truck': 7.5}",True
7,6300,7200,demo_6,north,left,30,30.0,0.0,0.0,0.0,"{'bus': 6.0, 'electric_bicycle': 0.5, 'passenger': 21.0, 'truck': 2.5}",True
7,6300,7200,demo_6,north,right,24,24.0,0.0,0.0,0.0,"{'bus': 4.0, 'electric_bicycle': 0.5, 'passenger': 17.0, 'truck': 2.5}",True
7,6300,7200,demo_6,north,through,87,87.0,0.0,0.0,0.0,"{'bus': 14.0, 'electric_bicycle': 1.0, 'passenger': 62.0, 'truck': 10.0}",True
7,6300,7200,demo_6,south,left,49,49.0,0.0,0.0,0.0,"{'bus': 8.0, 'electric_bicycle': 0.5, 'passenger': 33.0, 'truck': 7.5}",True
7,6300,7200,demo_6,south,right,30,30.0,0.0,0.0,0.0,"{'bus': 6.0, 'electric_bicycle': 0.5, 'passenger': 21.0, 'truck': 2.5}",True
7,6300,7200,demo_6,south,through,78,78.0,0.0,0.0,0.0,"{'bus': 14.0, 'electric_bicycle': 0.5, 'passenger': 56.0, 'truck': 7.5}",True
7,6300,7200,demo_6,west,left,35,35.0,0.0,0.0,0.0,"{'bus': 6.0, 'electric_bicycle': 0.5, 'passenger': 26.0, 'truck': 2.5}",True
7,6300,7200,demo_6,west,right,71,71.0,0.0,0.0,0.0,"{'bus': 12.0, 'electric_bicycle': 0.5, 'passenger': 51.0, 'truck': 7.5}",True
7,6300,7200,demo_6,west,through,55,55.0,0.0,0.0,0.0,"{'bus': 8.0, 'electric_bicycle': 0.5, 'passenger': 39.0, 'truck': 7.5}",True
7,6300,7200,demo_7,east,left,33,33.0,0.0,0.0,0.0,"{'bus': 6.0, 'electric_bicycle': 0.5, 'passenger': 24.0, 'truck': 2.5}",True
7,6300,7200,demo_7,east,right,136,136.0,0.0,0.0,0.0,"{'bus': 24.0, 'electric_bicycle': 1.5, 'passenger': 98.0, 'truck': 12.5}",True
7,6300,7200,demo_7,south,right,57,57.0,0.0,0.0,0.0,"{'bus': 10.0, 'electric_bicycle': 0.5, 'passenger': 39.0, 'truck': 7.5}",True
7,6300,7200,demo_7,south,through,131,131.0,0.0,0.0,0.0,"{'bus': 22.0, 'electric_bicycle': 1.5, 'passenger': 95.0, 'truck': 12.5}",True
7,6300,7200,demo_7,west,left,75,75.0,0.0,0.0,0.0,"{'bus': 14.0, 'electric_bicycle': 0.5, 'passenger': 53.0, 'truck': 7.5}",True
7,6300,7200,demo_7,west,through,78,78.0,0.0,0.0,0.0,"{'bus': 14.0, 'electric_bicycle': 0.5, 'passenger': 56.0, 'truck': 7.5}",True
7,6300,7200,demo_8,east,left,56,56.0,0.0,0.0,0.0,"{'bus': 10.0, 'electric_bicycle': 0.5, 'passenger': 38.0, 'truck': 7.5}",True
7,6300,7200,demo_8,east,right,29,29.0,0.0,0.0,0.0,"{'bus': 6.0, 'electric_bicycle': 0.5, 'passenger': 20.0, 'truck': 2.5}",True
7,6300,7200,demo_8,east,through,108,108.0,0.0,0.0,0.0,"{'bus': 20.0, 'electric_bicycle': 1.0, 'passenger': 77.0, 'truck': 10.0}",True
7,6300,7200,demo_8,north,left,45,45.0,0.0,0.0,0.0,"{'bus': 8.0, 'electric_bicycle': 0.5, 'passenger': 34.0, 'truck': 2.5}",True
7,6300,7200,demo_8,north,right,31,31.0,0.0,0.0,0.0,"{'bus': 6.0, 'electric_bicycle': 0.5, 'passenger': 22.0, 'truck': 2.5}",True
7,6300,7200,demo_8,north,through,126,126.0,0.0,0.0,0.0,"{'bus': 22.0, 'electric_bicycle': 1.5, 'passenger': 90.0, 'truck': 12.5}",True
7,6300,7200,demo_8,south,left,45,45.0,0.0,0.0,0.0,"{'bus': 8.0, 'electric_bicycle': 0.5, 'passenger': 34.0, 'truck': 2.5}",True
7,6300,7200,demo_8,south,right,32,32.0,0.0,0.0,0.0,"{'bus': 6.0, 'electric_bicycle': 0.5, 'passenger': 23.0, 'truck': 2.5}",True
7,6300,7200,demo_8,south,through,115,115.0,0.0,0.0,0.0,"{'bus': 20.0, 'electric_bicycle': 1.5, 'passenger': 81.0, 'truck': 12.5}",True
7,6300,7200,demo_8,west,left,49,49.0,0.0,0.0,0.0,"{'bus': 8.0, 'electric_bicycle': 0.5, 'passenger': 33.0, 'truck': 7.5}",True
7,6300,7200,demo_8,west,right,27,27.0,0.0,0.0,0.0,"{'bus': 4.0, 'electric_bicycle': 0.5, 'passenger': 20.0, 'truck': 2.5}",True
7,6300,7200,demo_8,west,through,137,137.0,0.0,0.0,0.0,"{'bus': 24.0, 'electric_bicycle': 1.5, 'passenger': 99.0, 'truck': 12.5}",True
7,6300,7200,demo_9,east,left,18,18.0,0.0,0.0,0.0,"{'bus': 2.0, 'electric_bicycle': 0.5, 'passenger': 13.0, 'truck': 2.5}",True
7,6300,7200,demo_9,east,right,38,38.0,0.0,0.0,0.0,"{'bus': 6.0, 'electric_bicycle': 0.5, 'passenger': 29.0, 'truck': 2.5}",True
7,6300,7200,demo_9,east,through,8,8.0,0.0,0.0,0.0,"{'bus': 2.0, 'electric_bicycle': 0.0, 'passenger': 6.0, 'truck': 0.0}",True
7,6300,7200,demo_9,north,left,33,33.0,0.0,0.0,0.0,"{'bus': 6.0, 'electric_bicycle': 0.5, 'passenger': 24.0, 'truck': 2.5}",True
7,6300,7200,demo_9,north,right,9,9.0,0.0,0.0,0.0,"{'bus': 2.0, 'electric_bicycle': 0.0, 'passenger': 7.0, 'truck': 0.0}",True
7,6300,7200,demo_9,north,through,46,46.0,0.0,0.0,0.0,"{'bus': 8.0, 'electric_bicycle': 0.5, 'passenger': 35.0, 'truck': 2.5}",True
7,6300,7200,demo_9,northeast,left,26,26.0,0.0,0.0,0.0,"{'bus': 4.0, 'electric_bicycle': 0.5, 'passenger': 19.0, 'truck': 2.5}",True
7,6300,7200,demo_9,northeast,right,29,29.0,0.0,0.0,0.0,"{'bus': 6.0, 'electric_bicycle': 0.5, 'passenger': 20.0, 'truck': 2.5}",True
7,6300,7200,demo_9,northeast,through,0,0.0,0.0,,0.0,"{'bus': 0.0, 'electric_bicycle': 0.0, 'passenger': 0.0, 'truck': 0.0}",True
7,6300,7200,demo_9,south,left,27,27.0,0.0,0.0,0.0,"{'bus': 4.0, 'electric_bicycle': 0.5, 'passenger': 20.0, 'truck': 2.5}",True
7,6300,7200,demo_9,south,right,29,29.0,0.0,0.0,0.0,"{'bus': 6.0, 'electric_bicycle': 0.5, 'passenger': 20.0, 'truck': 2.5}",True
7,6300,7200,demo_9,south,through,41,41.0,0.0,0.0,0.0,"{'bus': 8.0, 'electric_bicycle': 0.5, 'passenger': 30.0, 'truck': 2.5}",True
7,6300,7200,demo_9,west,left,25,25.0,0.0,0.0,0.0,"{'bus': 4.0, 'electric_bicycle': 0.5, 'passenger': 18.0, 'truck': 2.5}",True
7,6300,7200,demo_9,west,right,32,32.0,0.0,0.0,0.0,"{'bus': 6.0, 'electric_bicycle': 0.5, 'passenger': 23.0, 'truck': 2.5}",True
7,6300,7200,demo_9,west,through,8,8.0,0.0,0.0,0.0,"{'bus': 2.0, 'electric_bicycle': 0.0, 'passenger': 6.0, 'truck': 0.0}",True
