{"type":"FeatureCollection","features":[{"type":"Feature","id":"way/490742931","properties":{"osm_id":"490742931","class":"water"},"geometry":{"type":"Polygon","coordinates":[[[116.0903245,38.9848285],[116.0905284,38.9875221],[116.0915208,38.9874721],[116.0918748,38.987568],[116.0931033,38.9874346],[116.0927224,38.9847201],[116.0926527,38.984424],[116.0921591,38.9843448],[116.0910433,38.9843406],[116.0910436,38.9843843],[116.0910248,38.9844255],[116.0909892,38.9844594],[116.090941,38.9844819],[116.0908859,38.9844905],[116.0908302,38.9844841],[116.0907806,38.9844635],[116.0907429,38.9844311],[116.0907215,38.9843906],[116.0906088,38.9843906],[116.0905391,38.9844782],[116.0905552,38.9846742],[116.0904586,38.9847659],[116.0903245,38.9848285]]]}},{"type":"Feature","id":"way/495266460","properties":{"osm_id":"495266460","class":"water"},"geometry":{"type":"Polygon","coordinates":[[[115.9916782,38.9620617],[115.9910989,38.9639137],[115.9913134,38.9649815],[115.992236,38.9666165],[115.9938454,38.9682682],[115.9947038,38.9697696],[115.9938669,38.9730895],[115.9935236,38.9753415],[115.9906321,38.9797161],[115.9918069,38.9808962],[115.9924507,38.9813299],[115.9935665,38.9819304],[115.9955835,38.9826643],[115.9960341,38.9827477],[115.996592,38.9832648],[115.997343,38.9836317],[115.9977937,38.9835317],[115.9988236,38.9829979],[115.9997248,38.9830313],[116.0008621,38.9828645],[116.0016989,38.9826476],[116.0072136,38.9826143],[116.0088014,38.9802624],[116.0116124,38.979495],[116.0128355,38.9768595],[116.0137582,38.976626],[116.0144448,38.9752914],[116.0144019,38.9735565],[116.0145736,38.9709875],[116.0141229,38.9709041],[116.0107755,38.9711042],[116.0101747,38.9693526],[116.0081148,38.9693192],[116.0082006,38.9689522],[116.0079646,38.9676342],[116.0190582,38.9662328],[116.0178995,38.9521837],[116.0170841,38.9505483],[116.0114622,38.9498975],[116.0065054,38.9522839],[116.003437,38.9524841],[116.0007119,38.9527177],[115.9986305,38.9529013],[115.994811,38.9531682],[115.9925794,38.9591919],[115.9916782,38.9620617]]]}},{"type":"Feature","id":"way/495266461","properties":{"osm_id":"495266461","class":"water"},"geometry":{"type":"Polygon","coordinates":[[[115.9727525,38.9861837],[115.9731173,38.9863505],[115.9740186,38.9863338],[115.9748554,38.9860836],[115.9762502,38.9858167],[115.9777093,38.9853831],[115.9784388,38.9848994],[115.9799838,38.9834649],[115.9807133,38.9830146],[115.981121,38.9829312],[115.9820223,38.9829312],[115.9827733,38.9834649],[115.9831595,38.9836484],[115.9836316,38.9836651],[115.9840607,38.983515],[115.9853053,38.9829645],[115.9856272,38.9827143],[115.9858203,38.9823974],[115.9860134,38.9817302],[115.9856272,38.9810297],[115.9855413,38.9803791],[115.9863567,38.9800789],[115.9876871,38.9798454],[115.9890175,38.9797286],[115.9898758,38.9799288],[115.9906321,38.9797161],[115.991807,38.9780438],[115.9926438,38.9771598],[115.9938669,38.9753081],[115.9942102,38.9732396],[115.9946823,38.9717715],[115.99509,38.9696862],[115.9942317,38.9682515],[115.9924292,38.9664497],[115.9913993,38.9644976],[115.9909916,38.9643308],[115.9897256,38.9649648],[115.986979,38.9659658],[115.9852838,38.9668167],[115.9844041,38.9671671],[115.9829235,38.9673172],[115.9824085,38.967434],[115.9797048,38.9682515],[115.9761429,38.969803],[115.9752846,38.970804],[115.9748125,38.9709374],[115.9737396,38.9710375],[115.9713363,38.9710375],[115.9703707,38.9708874],[115.9699845,38.9711042],[115.9691047,38.9723888],[115.9689975,38.9727725],[115.9690189,38.9734898],[115.9705853,38.9753582],[115.9716582,38.9769262],[115.9718513,38.9780105],[115.9720659,38.9842822],[115.9721732,38.9854665],[115.9727525,38.9861837]]]}},{"type":"Feature","id":"way/495266463","properties":{"osm_id":"495266463","class":"water"},"geometry":{"type":"Polygon","coordinates":[[[115.9457159,38.9635467],[115.9465313,38.9648147],[115.9506082,38.969486],[115.9545135,38.9747576],[115.9557151,38.9772932],[115.9568739,38.9783608],[115.9576463,38.9786277],[115.9582471,38.9791948],[115.9589767,38.9804292],[115.9612941,38.9815301],[115.9626245,38.9826977],[115.9630537,38.9833982],[115.9631395,38.9840654],[115.9625816,38.9852663],[115.9620666,38.9859001],[115.9620237,38.9873012],[115.9627962,38.9878015],[115.9637832,38.9879016],[115.966444,38.987468],[115.9715938,38.9863338],[115.9733533,38.9861837],[115.9727311,38.9851663],[115.9722375,38.9767094],[115.9696412,38.9733064],[115.96977,38.9723888],[115.9704995,38.9713878],[115.971508,38.9715046],[115.9739327,38.9714879],[115.9749198,38.9714546],[115.9757137,38.9712044],[115.9766363,38.9701867],[115.9799193,38.9687186],[115.9823227,38.9679345],[115.9847473,38.9676676],[115.9869789,38.9664497],[115.991013,38.9650148],[115.9939956,38.9558047],[115.9948093,38.953966],[115.9962701,38.9506652],[115.9962701,38.9499309],[115.9976005,38.9440567],[115.9991455,38.9408857],[115.9902191,38.93915],[115.9894037,38.9388495],[115.9854555,38.9382821],[115.9848976,38.9381243],[115.9847115,38.9380716],[115.9845113,38.938015],[115.9820222,38.9368133],[115.9805202,38.9374142],[115.9779024,38.9373808],[115.9764432,38.9375143],[115.9761428,38.9382153],[115.976057,38.9390164],[115.9738683,38.9411194],[115.9730959,38.9415867],[115.9713792,38.9422543],[115.966916,38.9422209],[115.964899,38.9436228],[115.961852,38.9424879],[115.9528827,38.9510657],[115.9521961,38.9516664],[115.9500503,38.9527678],[115.9495353,38.9533351],[115.9483337,38.9565055],[115.9480333,38.9579405],[115.9457159,38.9635467]]]}},{"type":"Feature","id":"way/988787489","properties":{"osm_id":"988787489","class":"water"},"geometry":{"type":"Polygon","coordinates":[[[115.8963767,39.0793558],[115.8961648,39.0793807],[115.8961111,39.0793828],[115.8960038,39.0793807],[115.8957946,39.0793578],[115.8956873,39.0793537],[115.8951911,39.0793558],[115.8950865,39.0793641],[115.8949283,39.079387],[115.8948666,39.0794036],[115.8947217,39.0794536],[115.8938876,39.0798471],[115.8937857,39.0799138],[115.8936837,39.0799658],[115.8935603,39.0800095],[115.8934316,39.0800387],[115.8930239,39.0800824],[115.8926833,39.0801407],[115.8924419,39.0801678],[115.8921334,39.0801844],[115.8915272,39.080122],[115.8913601,39.0800996],[115.8911946,39.0800709],[115.8910311,39.0800358],[115.89087,39.0799945],[115.8907118,39.0799471],[115.8904443,39.0798502],[115.8903149,39.0797951],[115.8898991,39.0795515],[115.8895722,39.0794083],[115.8893349,39.0793105],[115.8890929,39.0792186],[115.8888683,39.0791477],[115.888603,39.0790862],[115.8883099,39.0790333],[115.8880168,39.0789916],[115.8877516,39.0789638],[115.8875129,39.0789517],[115.8869747,39.0789531],[115.8863855,39.0789711],[115.8860871,39.0789894],[115.8859938,39.0789997],[115.8857887,39.0790345],[115.8848834,39.0792038],[115.883891,39.0795494],[115.8833975,39.0796931],[115.8832097,39.0797659],[115.8831346,39.0798034],[115.8831024,39.0798242],[115.8830783,39.0798534],[115.8830944,39.0798971],[115.8831266,39.07992],[115.8831668,39.0799325],[115.8832607,39.0799346],[115.8834028,39.0799242],[115.8836389,39.0798992],[115.884119,39.0799429],[115.8842155,39.0799596],[115.8843014,39.0799929],[115.8844194,39.0800491],[115.8846876,39.0801449],[115.8848083,39.080199],[115.884878,39.0802448],[115.8849075,39.0802719],[115.8849317,39.0803031],[115.8849665,39.0803739],[115.8849907,39.080478],[115.8849934,39.0805488],[115.8849773,39.0806175],[115.8849558,39.0806467],[115.8848834,39.080707],[115.8848459,39.0807258],[115.8847037,39.0807695],[115.8845964,39.0808153],[115.8839044,39.0812755],[115.8838508,39.0813338],[115.8837917,39.0813858],[115.8837435,39.081442],[115.883714,39.0815045],[115.8837059,39.0815399],[115.8837032,39.0816107],[115.883722,39.0817169],[115.8837596,39.0818189],[115.8837998,39.0818917],[115.8838212,39.0819605],[115.8838025,39.0821499],[115.8838025,39.0822186],[115.8838078,39.0822873],[115.8838293,39.082356],[115.8838481,39.0823852],[115.8840626,39.0825705],[115.8840895,39.0825996],[115.8842021,39.0826767],[115.8843148,39.0827391],[115.8844167,39.0828058],[115.8844784,39.0828599],[115.8845079,39.0829015],[115.8845508,39.0830015],[115.8845776,39.0830889],[115.8846045,39.08337],[115.8846205,39.083447],[115.8846447,39.0835074],[115.8846876,39.0835699],[115.8848351,39.083751],[115.8848593,39.0838114],[115.8848539,39.083853],[115.8848271,39.0839363],[115.8847761,39.0840237],[115.8846608,39.0841736],[115.8844328,39.0844027],[115.8845159,39.0844693],[115.8847842,39.0843256],[115.8849665,39.0842423],[115.8850631,39.0842049],[115.885216,39.0841549],[115.8853179,39.0841278],[115.8855298,39.0840924],[115.8856854,39.0840758],[115.8859482,39.0840612],[115.8861065,39.0840591],[115.8862138,39.0840633],[115.8863479,39.0840779],[115.8864015,39.0840883],[115.8865061,39.0841195],[115.8866,39.084157],[115.8866456,39.0841799],[115.8866885,39.0842049],[115.8867663,39.0842652],[115.8868307,39.084336],[115.8869219,39.0845401],[115.8869326,39.0845817],[115.8869541,39.0847503],[115.8869567,39.0848753],[115.8869407,39.0853916],[115.8869567,39.0854353],[115.8870989,39.0857101],[115.8871821,39.0858184],[115.8873376,39.0860016],[115.8874261,39.086012],[115.887233,39.0856331],[115.8871847,39.0855581],[115.8871525,39.0854749],[115.8871311,39.0853916],[115.8871257,39.0853083],[115.8871257,39.0851459],[115.8871847,39.0847295],[115.8871901,39.0845671],[115.8871686,39.084488],[115.8871096,39.0843673],[115.8869648,39.0841382],[115.8869219,39.0839842],[115.8869272,39.0838218],[115.886938,39.0837385],[115.8869702,39.0836552],[115.8870292,39.0835844],[115.887115,39.0835303],[115.8872008,39.0834887],[115.8872974,39.0834554],[115.8874047,39.0834387],[115.8875281,39.083447],[115.88763,39.0834595],[115.8878338,39.0834928],[115.8879411,39.0835178],[115.888043,39.0835511],[115.8883542,39.0836906],[115.8890194,39.0840258],[115.8891669,39.0840883],[115.8892688,39.0841133],[115.8893761,39.0841237],[115.8894807,39.0841445],[115.8896819,39.0842028],[115.8898374,39.0842361],[115.8898911,39.0842444],[115.8901057,39.0842528],[115.8902693,39.0842548],[115.8903202,39.0842486],[115.8910552,39.0840112],[115.8911276,39.0839509],[115.8913287,39.0838218],[115.8914065,39.0837822],[115.891597,39.0836969],[115.8917472,39.0836511],[115.8918276,39.0836344],[115.8920529,39.0836115],[115.8923131,39.0836094],[115.8924177,39.0836198],[115.8925197,39.0836365],[115.8927315,39.0836781],[115.8927476,39.0836365],[115.8927128,39.0836053],[115.8926699,39.0835782],[115.8926216,39.0835553],[115.8925679,39.0835365],[115.892415,39.0834928],[115.8922434,39.0834637],[115.8920181,39.0834429],[115.8918008,39.0834408],[115.8916908,39.0834449],[115.8915272,39.0834637],[115.8911356,39.0835365],[115.8908755,39.0836094],[115.8906314,39.0837135],[115.8904785,39.0837676],[115.8903712,39.0837968],[115.8902612,39.0838155],[115.8902076,39.0838176],[115.8900949,39.0838155],[115.8900386,39.0838051],[115.8899447,39.0837656],[115.8898777,39.0836969],[115.8898294,39.0836198],[115.8898187,39.0835782],[115.8898401,39.0831243],[115.8898687,39.0830299],[115.8899061,39.0829374],[115.8899521,39.0828473],[115.8900064,39.08276],[115.8900742,39.0826694],[115.8901509,39.0825833],[115.8902362,39.0825022],[115.8903294,39.0824266],[115.8904301,39.0823569],[115.8905375,39.0822936],[115.8906631,39.0822322],[115.8907928,39.0821762],[115.8909263,39.0821258],[115.8910632,39.0820812],[115.8912313,39.0820355],[115.8914029,39.0819984],[115.8915772,39.0819702],[115.8917536,39.081951],[115.8919312,39.0819407],[115.8929193,39.0818189],[115.893044,39.0817963],[115.8931659,39.0817656],[115.8932841,39.0817273],[115.8933871,39.0816861],[115.8934858,39.0816389],[115.8935797,39.0815862],[115.8936682,39.0815281],[115.8937508,39.0814649],[115.8945554,39.0806321],[115.8946332,39.080578],[115.8947191,39.0805342],[115.8947673,39.0805176],[115.8949068,39.0804759],[115.8949605,39.0804655],[115.8950651,39.0804551],[115.8951724,39.0804593],[115.8952233,39.0804718],[115.8953226,39.0805072],[115.895395,39.0805696],[115.8954218,39.080605],[115.8954567,39.0806841],[115.8954647,39.0807258],[115.8953708,39.0810485],[115.8953521,39.0810985],[115.895336,39.0812047],[115.8953333,39.0812567],[115.895344,39.0813587],[115.8953735,39.0815107],[115.895403,39.0816127],[115.8955854,39.0819875],[115.8956256,39.0820292],[115.8956793,39.0821229],[115.8957008,39.0821707],[115.895749,39.0823206],[115.8957598,39.0823706],[115.8957624,39.0824227],[115.8957624,39.0824747],[115.8957383,39.082633],[115.8955827,39.0829203],[115.8952448,39.0832451],[115.8953413,39.0833179],[115.8954647,39.0832451],[115.8955452,39.0831639],[115.8956847,39.0829911],[115.8959395,39.0824643],[115.8959475,39.0823602],[115.8959395,39.082202],[115.8958939,39.0820187],[115.8956096,39.0815399],[115.8955881,39.0814899],[115.8955586,39.081392],[115.8955452,39.0813421],[115.8955237,39.081188],[115.895513,39.0809007],[115.8956525,39.0804822],[115.8957034,39.0803885],[115.8957678,39.0803031],[115.8958483,39.0802261],[115.8959368,39.0801532],[115.8958617,39.0800928],[115.895623,39.0802594],[115.8955693,39.0802906],[115.8954459,39.0803364],[115.8953789,39.0803468],[115.8952421,39.0803531],[115.8951724,39.080351],[115.8951053,39.0803385],[115.8950409,39.080326],[115.8949792,39.0803031],[115.894931,39.0802656],[115.8949175,39.0802178],[115.8949256,39.0801678],[115.894939,39.0801178],[115.894998,39.0800262],[115.8950329,39.0799866],[115.895116,39.0799138],[115.8951643,39.0798805],[115.8952689,39.0798201],[115.8953762,39.079768],[115.8954915,39.079716],[115.8956659,39.0796493],[115.8957249,39.0796327],[115.8958483,39.0796098],[115.8959797,39.0796014],[115.8960441,39.0796119],[115.896095,39.0796452],[115.896138,39.0796868],[115.8961621,39.0797347],[115.8962238,39.0797909],[115.8962506,39.079743],[115.896323,39.0796618],[115.8964008,39.0795848],[115.8964947,39.0795161],[115.8963767,39.0793558]]]}},{"type":"Feature","id":"way/1001665944","properties":{"osm_id":"1001665944","class":"water"},"geometry":{"type":"Polygon","coordinates":[[[115.9045757,39.0713816],[115.9052029,39.0716167],[115.9062519,39.0719861],[115.9068358,39.0721372],[115.9075604,39.0720533],[115.9081768,39.0721372],[115.9086093,39.0722548],[115.9092257,39.0725906],[115.9101773,39.0727249],[115.9104585,39.0728173],[115.9107721,39.0730104],[115.9110641,39.0730271],[115.911594,39.0728928],[115.9120174,39.0731038],[115.9125386,39.0733663],[115.9129967,39.0734926],[115.9136319,39.0734275],[115.9142678,39.073755],[115.9151734,39.0737911],[115.9156708,39.0739506],[115.9166225,39.0742445],[115.9176174,39.0742697],[115.9180716,39.0744879],[115.9185474,39.0745047],[115.9191313,39.0747398],[115.9194233,39.0748069],[115.920256,39.0746474],[115.9206669,39.0747062],[115.9213698,39.075],[115.9220835,39.0751847],[115.923046,39.0753107],[115.9240517,39.075319],[115.924441,39.0755877],[115.9250249,39.0757808],[115.9264416,39.0760074],[115.9268633,39.076083],[115.9294803,39.0761502],[115.9312971,39.0761502],[115.9322595,39.0761502],[115.9359579,39.0760494],[115.9370825,39.0759487],[115.9385749,39.076125],[115.9384992,39.0758395],[115.9367041,39.0756968],[115.9353631,39.0758395],[115.9333733,39.0758144],[115.9326396,39.0757478],[115.9319533,39.0759133],[115.9300867,39.075883],[115.9270126,39.075813],[115.9250033,39.0755625],[115.923932,39.0751552],[115.9229162,39.0751092],[115.9213806,39.0747734],[115.9210017,39.0744657],[115.9200382,39.0741971],[115.9190113,39.0743596],[115.9180666,39.0741519],[115.9168789,39.0739195],[115.9157169,39.073802],[115.9150829,39.0735887],[115.9138816,39.073306],[115.9131769,39.0731788],[115.9126909,39.0732304],[115.9123337,39.0729796],[115.9113993,39.0726913],[115.9109019,39.0728676],[115.9103396,39.072515],[115.9096583,39.0725318],[115.9092257,39.0724731],[115.9085661,39.0721037],[115.9077442,39.071877],[115.906652,39.0718602],[115.9062627,39.071793],[115.9052245,39.0713229],[115.9046514,39.0710626],[115.9045757,39.0713816]]]}},{"type":"Feature","id":"way/1154819226","properties":{"osm_id":"1154819226","class":"water"},"geometry":{"type":"Polygon","coordinates":[[[115.9476479,39.0288149],[115.947476,39.0287808],[115.9474298,39.0289138],[115.9473864,39.0290746],[115.9472603,39.0291636],[115.947022,39.0293213],[115.9469353,39.0293213],[115.946878,39.0292837],[115.946878,39.029215],[115.9468535,39.0291737],[115.9468109,39.029159],[115.9467507,39.0291788],[115.9467524,39.0292291],[115.9467771,39.0293588],[115.9467821,39.0295108],[115.9467718,39.0297185],[115.9468204,39.0297924],[115.9469205,39.0298446],[115.9470902,39.0298655],[115.9472618,39.0299543],[115.9473439,39.0300643],[115.9473439,39.0301699],[115.9472681,39.0302605],[115.9470899,39.0303906],[115.9469389,39.0305228],[115.9468146,39.0306085],[115.9466997,39.0306225],[115.946462,39.0306002],[115.9462977,39.0305582],[115.9461671,39.030569],[115.9460831,39.0306475],[115.9458571,39.0307055],[115.9457248,39.0307747],[115.9456283,39.0308847],[115.9456253,39.0310316],[115.9457079,39.0312893],[115.9458242,39.0314509],[115.9459275,39.0315224],[115.9460479,39.0315486],[115.9461688,39.0315778],[115.9462809,39.0316827],[115.946435,39.0318313],[115.9465213,39.0318685],[115.9466074,39.0318731],[115.9468226,39.0318915],[115.946873,39.0319121],[115.94689,39.0319496],[115.946881,39.0321627],[115.9468876,39.0323569],[115.9468374,39.0324551],[115.9468186,39.0327934],[115.9467593,39.0330352],[115.9466313,39.0332028],[115.946378,39.0333175],[115.9462272,39.0333813],[115.9460936,39.033528],[115.9460635,39.033611],[115.9462765,39.0336308],[115.9464069,39.0335833],[115.9465818,39.0335749],[115.9467324,39.0335372],[115.946867,39.0334223],[115.9469866,39.0332552],[115.9470672,39.0330025],[115.9470863,39.0328279],[115.9470872,39.0326946],[115.9470834,39.0324859],[115.9471075,39.0323521],[115.9471334,39.0322645],[115.9471942,39.032017],[115.9472976,39.0319231],[115.9475513,39.0317225],[115.9477539,39.0315864],[115.9479246,39.0315093],[115.9481105,39.0314653],[115.9482859,39.0314653],[115.948468,39.0314425],[115.9485772,39.0314425],[115.94869,39.0314498],[115.9488292,39.0314751],[115.9491318,39.0315348],[115.949425,39.0316971],[115.949661,39.0318683],[115.9499415,39.0320618],[115.950089,39.0322517],[115.9501917,39.0324992],[115.9502446,39.0327846],[115.9503236,39.0329531],[115.9504496,39.0330834],[115.9506188,39.0331468],[115.9507062,39.0332296],[115.9507756,39.0333177],[115.9508978,39.0334335],[115.9509616,39.0335501],[115.9510022,39.0336514],[115.9510655,39.0336658],[115.9510947,39.0336217],[115.950948,39.0332876],[115.9508619,39.0330039],[115.9506686,39.0326412],[115.9504841,39.0323463],[115.9502588,39.0321362],[115.9500739,39.0319771],[115.9499478,39.0318843],[115.9497902,39.0317612],[115.949477,39.0316059],[115.9491663,39.0314236],[115.949005,39.0313006],[115.9488804,39.0310564],[115.948862,39.0308041],[115.9488933,39.030391],[115.9489107,39.0302057],[115.9488908,39.0300645],[115.9488221,39.0299326],[115.9487318,39.0297961],[115.948625,39.0297073],[115.9484833,39.0296551],[115.9482229,39.02964],[115.9480092,39.0296392],[115.9478527,39.0295997],[115.9477388,39.0295283],[115.9476149,39.0293742],[115.9475544,39.0292303],[115.9475318,39.029084],[115.9475654,39.0289547],[115.9476479,39.0288149]]]}},{"type":"Feature","id":"way/1154819227","properties":{"osm_id":"1154819227","class":"water"},"geometry":{"type":"Polygon","coordinates":[[[115.9504175,39.0421121],[115.9503999,39.0421851],[115.9503571,39.0421913],[115.9502515,39.0422635],[115.9500551,39.0423226],[115.9498036,39.0423677],[115.9496657,39.0424309],[115.949404,39.042671],[115.9492958,39.0428352],[115.9491996,39.0429162],[115.9491709,39.0429528],[115.9491665,39.0430753],[115.949223,39.0431747],[115.9493387,39.0432164],[115.9497012,39.043319],[115.9500127,39.0434455],[115.9501816,39.0435483],[115.9503778,39.0436305],[115.9505803,39.0436823],[115.9507926,39.0437545],[115.9509252,39.0437821],[115.9510812,39.0437867],[115.9511997,39.0438088],[115.9513574,39.0437433],[115.9514978,39.0437922],[115.9517521,39.0439033],[115.9518764,39.0438872],[115.9520885,39.0439163],[115.9522351,39.0438765],[115.9524136,39.0438988],[115.9528766,39.043854],[115.9531809,39.0438618],[115.9533981,39.0439083],[115.9536265,39.0440479],[115.9537823,39.0441846],[115.9539843,39.0443872],[115.9541357,39.0444769],[115.9543655,39.0445539],[115.9544196,39.0445322],[115.9544253,39.0444849],[115.9542974,39.0443978],[115.9542181,39.0442567],[115.9541694,39.0440356],[115.9540428,39.0438119],[115.9538796,39.0436753],[115.9536515,39.0436006],[115.9533704,39.0435776],[115.9531555,39.0435941],[115.9528488,39.0436748],[115.9525528,39.0437357],[115.9522555,39.0437332],[115.9519403,39.0436563],[115.9517218,39.0435894],[115.9515646,39.0434714],[115.9515016,39.0434621],[115.9513938,39.0434503],[115.9513231,39.0433458],[115.9512332,39.0431847],[115.9512217,39.0430743],[115.9512229,39.0429057],[115.951236,39.0427652],[115.9512897,39.0426865],[115.9513426,39.0425844],[115.9513211,39.0424428],[115.951247,39.0423513],[115.9511344,39.0422947],[115.9509628,39.0422298],[115.9507451,39.0421914],[115.9506038,39.042099],[115.9504175,39.0421121]]]}},{"type":"Feature","id":"way/1154819228","properties":{"osm_id":"1154819228","class":"water"},"geometry":{"type":"Polygon","coordinates":[[[115.9244288,39.0647148],[115.9243952,39.0643822],[115.9244115,39.0642627],[115.9245027,39.0641531],[115.9246636,39.063967],[115.9247884,39.0637872],[115.9248287,39.0635675],[115.9247144,39.0633683],[115.9246037,39.0631924],[115.9245195,39.0631126],[115.9244565,39.0630296],[115.9244281,39.0628858],[115.9244857,39.0627482],[115.9244638,39.0626344],[115.9243065,39.0625213],[115.9241607,39.0623986],[115.9240916,39.0622873],[115.9239571,39.0620602],[115.9238732,39.0619497],[115.9237708,39.0618213],[115.9236399,39.0616395],[115.923605,39.0614121],[115.92368,39.0613306],[115.9237901,39.0612612],[115.9239819,39.0610658],[115.9240423,39.0609182],[115.9239983,39.0607396],[115.9238338,39.0605303],[115.9236552,39.0603714],[115.9234581,39.0603202],[115.9232491,39.0603112],[115.9231308,39.0602339],[115.9230242,39.0601193],[115.9229741,39.0600343],[115.9227722,39.05992],[115.9225179,39.0598989],[115.9223948,39.0598301],[115.9222573,39.0597212],[115.9219758,39.0597016],[115.9218171,39.0596757],[115.9216178,39.0596393],[115.9215051,39.0595869],[115.921347,39.0595881],[115.9210959,39.0595167],[115.920892,39.0594507],[115.9206631,39.0594197],[115.9204313,39.0593801],[115.9202846,39.0593431],[115.9201339,39.0592779],[115.9200042,39.0591322],[115.9197617,39.0590016],[115.9195852,39.059003],[115.9194388,39.0590121],[115.919226,39.0589654],[115.9189273,39.0588386],[115.9186296,39.0587148],[115.9185168,39.0586529],[115.9177652,39.0584078],[115.9175761,39.0584815],[115.916949,39.0582943],[115.9169228,39.0582464],[115.9167361,39.0581951],[115.9167305,39.0581536],[115.9165488,39.0580886],[115.9165153,39.0581433],[115.916415,39.0581035],[115.9163837,39.0580466],[115.9159501,39.0579098],[115.9158183,39.0579546],[115.915418,39.0578252],[115.915418,39.0577498],[115.9148106,39.0575659],[115.9148106,39.0575304],[115.914558,39.0574554],[115.9144701,39.0574855],[115.9138056,39.0572612],[115.9137592,39.0572806],[115.9136289,39.057234],[115.9134597,39.0571413],[115.9133596,39.0571089],[115.9132682,39.0570376],[115.9130813,39.0570048],[115.9127815,39.0569188],[115.9125978,39.0569265],[115.9124774,39.0569191],[115.9123186,39.0568479],[115.91219,39.0568047],[115.9121172,39.0567628],[115.912058,39.0567398],[115.9120297,39.0566728],[115.9122354,39.0563459],[115.9123405,39.0563407],[115.9126343,39.0564671],[115.9128872,39.0565138],[115.9130736,39.0565816],[115.9132398,39.0566052],[115.9134097,39.0565512],[115.9135219,39.0564505],[115.9135509,39.056402],[115.9138414,39.0564921],[115.913791,39.0565873],[115.913758,39.0566536],[115.9137606,39.0567973],[115.9138118,39.0569323],[115.9141001,39.0570241],[115.9141609,39.0570298],[115.9145604,39.0571563],[115.9146805,39.0571563],[115.9147935,39.0571441],[115.9151962,39.0572622],[115.9156333,39.0574225],[115.9158638,39.0575284],[115.9161901,39.0576896],[115.9164714,39.0577617],[115.9166075,39.0577961],[115.9167838,39.0578415],[115.9168831,39.0579255],[115.9170394,39.0578937],[115.9172642,39.0579761],[115.9174317,39.058014],[115.9175199,39.058014],[115.9176079,39.0580678],[115.9177423,39.0581193],[115.9184244,39.05836],[115.9186606,39.0583669],[115.9188127,39.0583812],[115.9192461,39.0584923],[115.9196511,39.05869],[115.9197984,39.0587958],[115.9200993,39.0589049],[115.920484,39.0589161],[115.920772,39.0588933],[115.9209356,39.0589269],[115.9210933,39.0590756],[115.9212236,39.0592211],[115.9214358,39.0594006],[115.9216389,39.0594508],[115.9219153,39.0594066],[115.9222607,39.0592917],[115.922368,39.0591599],[115.922488,39.0591083],[115.9226207,39.0589399],[115.9225889,39.0588396],[115.9226457,39.0586782],[115.9227553,39.0585988],[115.9228171,39.058384],[115.922694,39.0582698],[115.9224756,39.0582419],[115.9223505,39.0581165],[115.9223373,39.0579965],[115.9223843,39.0578655],[115.9226292,39.0576698],[115.9228492,39.0575436],[115.9229227,39.0574186],[115.9229631,39.0572104],[115.9229023,39.0570799],[115.9228076,39.0570941],[115.9227648,39.0572039],[115.9226918,39.0571995],[115.922615,39.0570929],[115.9225683,39.0569439],[115.9224074,39.0567582],[115.9222933,39.0565109],[115.9222933,39.0563031],[115.9223225,39.0561516],[115.9223899,39.056038],[115.9225016,39.0559521],[115.922697,39.0559034],[115.9228308,39.0558972],[115.9229205,39.0558479],[115.922929,39.0556513],[115.9230321,39.0555247],[115.923161,39.0555232],[115.9232626,39.0555858],[115.9232794,39.0556858],[115.9232643,39.0557569],[115.9232412,39.0558327],[115.9232546,39.0559073],[115.9233356,39.0559212],[115.9234555,39.0558319],[115.9235497,39.0556813],[115.923697,39.0556537],[115.9238594,39.0556484],[115.923876,39.055536],[115.9238051,39.0554405],[115.9238039,39.0552671],[115.9239945,39.0550836],[115.924356,39.0549772],[115.9246966,39.0549713],[115.9249313,39.0550424],[115.9251972,39.0551715],[115.9252564,39.0553229],[115.9252521,39.0554757],[115.9251246,39.0556106],[115.925029,39.0556951],[115.9250395,39.0557944],[115.9251604,39.0557716],[115.9253513,39.0557064],[115.9257027,39.0555883],[115.9258821,39.0555998],[115.926035,39.0557016],[115.9261064,39.0559224],[115.9262451,39.0560767],[115.9264239,39.0561436],[115.9266476,39.0561843],[115.9267781,39.0563224],[115.9269774,39.0563655],[115.9270873,39.0563453],[115.9274285,39.0564013],[115.9276506,39.0563744],[115.9279433,39.0562712],[115.9283063,39.0562712],[115.9288058,39.0560862],[115.928935,39.0560924],[115.9289512,39.0561306],[115.928966,39.0561656],[115.9289391,39.0562123],[115.9289838,39.0563247],[115.9290394,39.0563549],[115.9290112,39.0563651],[115.9289692,39.0563802],[115.9288112,39.0564351],[115.928704,39.0563943],[115.9285498,39.0564228],[115.9283707,39.0565185],[115.9283158,39.0565735],[115.9283433,39.0566542],[115.9284102,39.0566827],[115.92835,39.0568469],[115.9282717,39.0569374],[115.9280901,39.0569933],[115.9279759,39.0570083],[115.9278786,39.0570155],[115.9276505,39.0570561],[115.9275567,39.0570529],[115.9274674,39.0569953],[115.9272675,39.056952],[115.927147,39.056933],[115.9270337,39.0568945],[115.9268775,39.0568893],[115.9267229,39.0567943],[115.9266403,39.056736],[115.9263783,39.056703],[115.92605,39.0567094],[115.9259572,39.0567398],[115.9259627,39.0568525],[115.9259936,39.0569175],[115.9258925,39.0570138],[115.9257507,39.0569895],[115.9255068,39.056952],[115.9253997,39.0569986],[115.925324,39.0571254],[115.9252933,39.0572506],[115.9253787,39.0573144],[115.9256151,39.0574289],[115.9257779,39.0574365],[115.9258995,39.0573745],[115.9259728,39.0573018],[115.9260538,39.0573881],[115.9260704,39.0574596],[115.9260179,39.0575902],[115.9257897,39.0577658],[115.9254474,39.0578751],[115.9252606,39.0578692],[115.9250337,39.0578464],[115.9248061,39.057707],[115.9247998,39.0576421],[115.9245165,39.057599],[115.9243485,39.057621],[115.9241927,39.0576547],[115.9242211,39.0577371],[115.924005,39.0578164],[115.9239232,39.0578399],[115.9238145,39.0578711],[115.9236326,39.0578976],[115.9234743,39.0578799],[115.9232928,39.0578799],[115.9232171,39.0579024],[115.9231248,39.057983],[115.9230677,39.0580886],[115.9230956,39.0582219],[115.9231945,39.0583161],[115.9232126,39.0583908],[115.9232173,39.0585228],[115.9232297,39.0586548],[115.9231556,39.0587744],[115.9230433,39.0588917],[115.922995,39.0589786],[115.9229893,39.0591205],[115.9230077,39.0592795],[115.923058,39.0593564],[115.9231009,39.0593848],[115.9231686,39.0593523],[115.9231991,39.0592364],[115.9232244,39.0592132],[115.9232462,39.0592412],[115.9232368,39.0593493],[115.923226,39.0594513],[115.9232474,39.0595514],[115.9233152,39.0596534],[115.923452,39.059715],[115.9238017,39.0598349],[115.9239607,39.0598403],[115.9241848,39.0597798],[115.9243167,39.0597271],[115.9245014,39.0596905],[115.9246459,39.0596789],[115.9248217,39.0596944],[115.9249362,39.0597703],[115.9250294,39.0598447],[115.9250562,39.0600081],[115.9250369,39.0601785],[115.9249174,39.0602564],[115.9247775,39.0602931],[115.9245282,39.0602832],[115.9242735,39.0603088],[115.9241702,39.0603413],[115.9241194,39.060433],[115.9241412,39.060525],[115.9242657,39.0606587],[115.924391,39.0607627],[115.9244591,39.0608691],[115.9245266,39.0609921],[115.9245388,39.0610575],[115.9245265,39.0611945],[115.9244637,39.061406],[115.9243799,39.061583],[115.9243019,39.0618369],[115.9243337,39.0620851],[115.9244542,39.062276],[115.924632,39.0624029],[115.9247287,39.0624751],[115.9248244,39.0626043],[115.9248919,39.0627298],[115.9249427,39.0628849],[115.9249427,39.0630054],[115.9248864,39.0631084],[115.9248983,39.063187],[115.9249779,39.0632506],[115.9250465,39.0632943],[115.9250961,39.0633738],[115.9251055,39.0636459],[115.9250681,39.0638225],[115.9250953,39.0639722],[115.9251069,39.0641196],[115.9250264,39.0643108],[115.9247499,39.0644648],[115.9245797,39.0646167],[115.9245102,39.0647359],[115.9244288,39.0647148]]]}},{"type":"Feature","id":"way/1154819239","properties":{"osm_id":"1154819239","class":"water"},"geometry":{"type":"Polygon","coordinates":[[[115.8925577,39.0588129],[115.8923306,39.0586436],[115.8927234,39.058734],[115.8930081,39.0588533],[115.8932815,39.0588498],[115.8938026,39.0587616],[115.8939864,39.0586559],[115.8942798,39.0586677],[115.894625,39.0586473],[115.894771,39.0585605],[115.8947826,39.0583746],[115.8948518,39.0582755],[115.8950654,39.0582691],[115.8953379,39.0583325],[115.8955931,39.0585319],[115.8958323,39.058613],[115.8962239,39.058613],[115.8966844,39.0585867],[115.896874,39.0584892],[115.8972366,39.0584435],[115.8974587,39.0583645],[115.8975058,39.0582209],[115.8977333,39.058141],[115.8977801,39.0579926],[115.8979008,39.0579863],[115.8980952,39.0579409],[115.8982322,39.057989],[115.8986307,39.057989],[115.8987783,39.0578691],[115.8988263,39.0577721],[115.8990898,39.0577721],[115.8993102,39.0577289],[115.8994019,39.0575882],[115.8993531,39.0574451],[115.8995735,39.0572233],[115.8995869,39.0570667],[115.8994905,39.0568915],[115.8994255,39.0566316],[115.8994044,39.0563666],[115.8994164,39.0560286],[115.8995772,39.0554743],[115.8995598,39.0553348],[115.8995747,39.0547437],[115.8996693,39.0543692],[115.8996307,39.0541964],[115.8995079,39.0539802],[115.8994825,39.0537144],[115.8993996,39.0535565],[115.8992656,39.0534154],[115.8991415,39.0532594],[115.8990992,39.0529253],[115.8989173,39.0527256],[115.8988303,39.0525666],[115.8988408,39.0523172],[115.8987184,39.0521088],[115.8987184,39.0519542],[115.8987764,39.0517247],[115.8987764,39.0510067],[115.8988014,39.0507112],[115.8987778,39.0503154],[115.8989207,39.050127],[115.8990266,39.0498064],[115.8993195,39.0494862],[115.8996378,39.0492769],[115.8999513,39.0489917],[115.9000414,39.0488419],[115.900202,39.048603],[115.900202,39.0481952],[115.900265,39.0479607],[115.9003755,39.0478829],[115.9007646,39.0479821],[115.9009457,39.0479963],[115.9011906,39.0478749],[115.9014373,39.0478493],[115.902091,39.0478968],[115.9023246,39.0479895],[115.9024466,39.0480907],[115.9024208,39.0482951],[115.9020945,39.0483247],[115.9018347,39.0483894],[115.9017321,39.0486129],[115.9018082,39.0487539],[115.9020959,39.0487612],[115.9023073,39.0487927],[115.9023251,39.0488983],[115.9022324,39.0490208],[115.9022918,39.0491284],[115.9024555,39.049191],[115.9024494,39.0493136],[115.9021294,39.0493971],[115.9019766,39.0493704],[115.9019108,39.049199],[115.901827,39.0490606],[115.9015571,39.0490305],[115.90122,39.0491327],[115.9010207,39.0491177],[115.900911,39.0490561],[115.9008293,39.0489628],[115.9008293,39.0488275],[115.9007045,39.0487247],[115.9004871,39.0487367],[115.9003473,39.0489094],[115.900353,39.0491024],[115.9002169,39.0492272],[115.8997836,39.0494141],[115.8996919,39.0495467],[115.8994649,39.049655],[115.8992717,39.0499102],[115.89901,39.0505668],[115.8990142,39.0508292],[115.8990142,39.0510262],[115.8989913,39.0512508],[115.8989592,39.0517081],[115.8988918,39.0519346],[115.8989725,39.0520778],[115.8989778,39.0522575],[115.8990949,39.0523943],[115.8990949,39.0525965],[115.8992861,39.0528187],[115.8993763,39.0529735],[115.8994467,39.0532479],[115.8996538,39.0534656],[115.8997192,39.0538006],[115.8997521,39.0540136],[115.8999181,39.0541859],[115.8999698,39.0542766],[115.899964,39.0544878],[115.8998943,39.0545785],[115.8998854,39.0547172],[115.8999217,39.05528],[115.8998958,39.0556385],[115.8997456,39.0559924],[115.8996246,39.0562848],[115.8996808,39.0564201],[115.8997633,39.0565337],[115.8998692,39.0565255],[115.900053,39.0564051],[115.9001976,39.0563507],[115.9002804,39.056332],[115.9003489,39.0564259],[115.9002387,39.0565102],[115.9000122,39.0565421],[115.8999169,39.0566279],[115.8999436,39.0566851],[115.8999141,39.0568677],[115.8999141,39.0570332],[115.8998845,39.0572454],[115.899774,39.0574951],[115.8998322,39.0577227],[115.8999612,39.0578345],[115.9001789,39.0580892],[115.9003299,39.0581979],[115.9005177,39.058248],[115.9006704,39.0583447],[115.9008634,39.0584569],[115.900953,39.0585779],[115.9009739,39.0587781],[115.9008451,39.0589439],[115.9007759,39.0591528],[115.9007759,39.0592882],[115.90087,39.0594545],[115.9010293,39.0597065],[115.9010751,39.0599117],[115.9010751,39.0601724],[115.9009149,39.0603865],[115.9007399,39.0605113],[115.9006912,39.06061],[115.9006674,39.0607594],[115.9005275,39.0608731],[115.9003591,39.0609862],[115.9003313,39.061106],[115.9003313,39.0612321],[115.900379,39.0613363],[115.9004408,39.0614492],[115.9004568,39.0616973],[115.9005492,39.0618171],[115.9007287,39.0619732],[115.9009259,39.0621147],[115.9010747,39.062278],[115.9011019,39.0624689],[115.9010933,39.0627981],[115.9010952,39.0629388],[115.9011799,39.0630933],[115.901612,39.0632705],[115.9018249,39.0633444],[115.9021172,39.0631746],[115.9022058,39.0632095],[115.9022628,39.0632319],[115.9020867,39.063323],[115.9020401,39.0634352],[115.9020746,39.063646],[115.9021845,39.0638584],[115.9024388,39.0639945],[115.902575,39.0641742],[115.9025981,39.0643097],[115.9025808,39.0644968],[115.9023847,39.0649458],[115.9020383,39.0648289],[115.9022531,39.0644411],[115.9022975,39.0643009],[115.9021722,39.0641081],[115.9019725,39.0640015],[115.9017416,39.0636556],[115.9015065,39.0634468],[115.9011253,39.0633214],[115.9009615,39.0631636],[115.9008306,39.0630326],[115.9008065,39.0629209],[115.9008321,39.0628116],[115.9007745,39.0626298],[115.900721,39.0625734],[115.9006952,39.0624045],[115.9005261,39.0622357],[115.9002484,39.0620922],[115.8998873,39.0619998],[115.8996075,39.0618903],[115.899481,39.0617594],[115.8994556,39.0616133],[115.8995045,39.061481],[115.8995654,39.0614079],[115.8995654,39.0613349],[115.8995314,39.0612264],[115.8995445,39.0611577],[115.8996276,39.0610889],[115.8996588,39.0610258],[115.8996545,39.0609065],[115.8996918,39.0608312],[115.8997677,39.0607456],[115.8997993,39.0606471],[115.8999022,39.0605351],[115.9000048,39.060397],[115.8999852,39.060313],[115.9000006,39.0602148],[115.8999872,39.0601148],[115.9000175,39.0600159],[115.900037,39.0599683],[115.9000235,39.0599139],[115.9000119,39.0598452],[115.8999343,39.0597785],[115.8998298,39.0597427],[115.899669,39.0597098],[115.8995804,39.059652],[115.8995367,39.0595763],[115.8994541,39.059432],[115.8994136,39.0593127],[115.8994268,39.0592528],[115.8993943,39.0591626],[115.8992923,39.0591047],[115.8992032,39.0590058],[115.8991156,39.0589498],[115.8990477,39.0588665],[115.8989318,39.0588312],[115.8988759,39.0587937],[115.8985784,39.0587896],[115.8984685,39.0588047],[115.8983618,39.0587624],[115.8982579,39.0587836],[115.8982117,39.0588437],[115.898156,39.0589263],[115.8980386,39.0589699],[115.8979008,39.058926],[115.8978512,39.058797],[115.8978018,39.0586952],[115.8976414,39.0587062],[115.897452,39.0587144],[115.8973632,39.0587672],[115.8973109,39.0588026],[115.8972629,39.0587255],[115.8970899,39.0587167],[115.8969624,39.0587026],[115.8969123,39.0587751],[115.8969554,39.0588282],[115.8971355,39.058842],[115.8970195,39.0588761],[115.8969137,39.0588718],[115.8968063,39.0588438],[115.8967016,39.0588629],[115.8966093,39.0589525],[115.8964489,39.058991],[115.8963329,39.059005],[115.8962172,39.058967],[115.8960931,39.0590263],[115.8960987,39.0591192],[115.8961627,39.0591607],[115.896227,39.0591607],[115.8962426,39.0591963],[115.8961736,39.0592669],[115.8959784,39.0594366],[115.8958884,39.0595462],[115.8958673,39.0596814],[115.8958314,39.0597291],[115.8958314,39.0598069],[115.8958027,39.059896],[115.8956613,39.060066],[115.8953792,39.0601084],[115.8952614,39.0601004],[115.8951559,39.0600087],[115.8950176,39.059917],[115.8949508,39.0597747],[115.8948132,39.0596205],[115.894733,39.0595412],[115.8946864,39.0594766],[115.8946864,39.0594116],[115.8947651,39.0593413],[115.8948005,39.0592598],[115.8947702,39.0591868],[115.8945559,39.0590879],[115.8943001,39.0590511],[115.8941431,39.0590575],[115.894001,39.0590668],[115.8938184,39.0591405],[115.8933588,39.0592647],[115.8931943,39.0592443],[115.8929191,39.0591191],[115.8926471,39.0588829],[115.8925577,39.0588129]]]}},{"type":"Feature","id":"way/1165303168","properties":{"osm_id":"1165303168","class":"water"},"geometry":{"type":"Polygon","coordinates":[[[116.0356604,38.988252],[116.035703,38.9880689],[116.0359051,38.98793],[116.0365638,38.9878797],[116.0367292,38.9879577],[116.0367806,38.9881315],[116.0367223,38.9882793],[116.0367407,38.9884256],[116.0368445,38.9886802],[116.0368566,38.9888978],[116.0367826,38.9891686],[116.0368011,38.9895297],[116.037045,38.9900006],[116.0371276,38.9901589],[116.0370595,38.9902545],[116.0369743,38.9902776],[116.036865,38.9902516],[116.0368132,38.9900941],[116.0366493,38.9897168],[116.0364758,38.9894214],[116.0362333,38.9891803],[116.0360613,38.9890533],[116.0359692,38.9889455],[116.0358518,38.9888534],[116.0357932,38.9888198],[116.0357406,38.9887806],[116.0356575,38.9886763],[116.0356025,38.9885413],[116.0356022,38.9884259],[116.0356224,38.9883257],[116.0356604,38.988252]]]}},{"type":"Feature","id":"way/1165303169","properties":{"osm_id":"1165303169","class":"water"},"geometry":{"type":"Polygon","coordinates":[[[116.0338348,38.9882064],[116.0341754,38.9881385],[116.034491,38.9881804],[116.0347385,38.988162],[116.0349568,38.9880958],[116.0352002,38.9880865],[116.0353215,38.9881219],[116.0354088,38.9882162],[116.0353709,38.9883342],[116.0352381,38.988458],[116.0353291,38.9887587],[116.0354543,38.9888649],[116.0354505,38.9889857],[116.0353367,38.989086],[116.0353443,38.989254],[116.035185,38.9893749],[116.034817,38.9894722],[116.0343353,38.9895371],[116.0340356,38.9895018],[116.0337436,38.9895166],[116.033607,38.989552],[116.0335615,38.9896139],[116.0336412,38.9898409],[116.0338171,38.9899158],[116.0338308,38.9900591],[116.0340195,38.9902842],[116.0339394,38.990445],[116.0338076,38.9906372],[116.0334859,38.9907789],[116.0332445,38.9908331],[116.0328637,38.9907205],[116.0329012,38.9903244],[116.0327403,38.9901744],[116.0322307,38.9901243],[116.0316674,38.9901035],[116.0313777,38.9899367],[116.0311079,38.9897843],[116.0310961,38.9893424],[116.0309568,38.9891089],[116.030894,38.9888727],[116.0309495,38.9887007],[116.0310221,38.9885507],[116.0313293,38.9885378],[116.0315558,38.9883543],[116.031728,38.9882601],[116.031779,38.9880989],[116.0322575,38.9880816],[116.0325988,38.9883096],[116.0330228,38.9882468],[116.0334823,38.9881937],[116.0338348,38.9882064]]]}},{"type":"Feature","id":"way/1189568863","properties":{"osm_id":"1189568863","class":"water"},"geometry":{"type":"Polygon","coordinates":[[[116.0449193,38.994954],[116.0448243,38.9950742],[116.0449471,38.9954321],[116.0451332,38.9955861],[116.0453497,38.9956764],[116.045694,38.9957401],[116.046138,38.9957898],[116.0464151,38.9958899],[116.046607,38.9960099],[116.0467768,38.9961494],[116.0468289,38.996215],[116.046836,38.9962957],[116.0466393,38.9963168],[116.0465624,38.9962625],[116.0465111,38.9961817],[116.0464255,38.9960467],[116.0462628,38.9959288],[116.0460697,38.9958742],[116.0457489,38.9958329],[116.0452393,38.9957667],[116.0450061,38.9956676],[116.0448184,38.9954818],[116.0447797,38.9953191],[116.0446769,38.9951194],[116.0445223,38.9951503],[116.0440261,38.9952134],[116.0436923,38.9950802],[116.0435209,38.9948839],[116.0435931,38.9945473],[116.0438998,38.9941827],[116.0438728,38.9935446],[116.043575,38.9926541],[116.0433456,38.9913881],[116.0430672,38.9911535],[116.0430429,38.9907681],[116.0430138,38.9904364],[116.043442,38.9902176],[116.0437382,38.9904423],[116.0440133,38.9904809],[116.0442147,38.9903876],[116.0442899,38.990202],[116.0444502,38.9901157],[116.0448381,38.9900807],[116.0451325,38.9901914],[116.0453163,38.9903682],[116.0455676,38.9905209],[116.0456911,38.9907531],[116.045775,38.9912159],[116.0456969,38.9914412],[116.0455208,38.9916864],[116.0453219,38.991757],[116.0450123,38.9917549],[116.044772,38.9919557],[116.0448165,38.9919976],[116.0444726,38.992303],[116.0445646,38.992426],[116.0444736,38.9925688],[116.0444654,38.9927878],[116.0445806,38.9929738],[116.0450939,38.9934873],[116.0451001,38.9935881],[116.0450158,38.9940396],[116.0449219,38.9941271],[116.0450619,38.9942337],[116.0450402,38.9944462],[116.0449193,38.994954]]]}},{"type":"Feature","id":"way/1192690706","properties":{"osm_id":"1192690706","class":"water"},"geometry":{"type":"Polygon","coordinates":[[[115.9500609,39.0410865],[115.9499842,39.0408704],[115.9499473,39.0403743],[115.9499785,39.0401758],[115.9501006,39.0399399],[115.9500978,39.0397965],[115.9500183,39.0396223],[115.9498508,39.0394856],[115.9496577,39.0394349],[115.9494704,39.0394283],[115.9492347,39.0393753],[115.9490587,39.0393026],[115.9489309,39.039221],[115.9488231,39.0391151],[115.9487634,39.0389983],[115.9485051,39.0385881],[115.948366,39.0385043],[115.9481445,39.0383456],[115.9479742,39.0382838],[115.9477868,39.0381802],[115.9477244,39.0380809],[115.9477584,39.0379244],[115.9477584,39.0378538],[115.9477897,39.0377458],[115.9476364,39.0372077],[115.9474916,39.0370511],[115.9472077,39.0369012],[115.9470799,39.036802],[115.9470288,39.0366432],[115.9470061,39.0363014],[115.9468045,39.0361117],[115.9465973,39.0358339],[115.946532,39.0356045],[115.9464922,39.0354149],[115.9464042,39.0353223],[115.9461771,39.0350951],[115.9460266,39.0348459],[115.9459415,39.0345593],[115.9459358,39.0344314],[115.9460181,39.0343167],[115.9460437,39.03418],[115.9460437,39.0336727],[115.9460635,39.033611],[115.9462765,39.0336308],[115.9462027,39.0337124],[115.946197,39.0337786],[115.9462197,39.0341667],[115.9462736,39.0342108],[115.9463361,39.0342241],[115.9464184,39.0342196],[115.9465206,39.0342285],[115.9466115,39.0342836],[115.9466512,39.0343696],[115.9466711,39.0345107],[115.9466001,39.0345901],[115.9464922,39.0346717],[115.9464156,39.0349121],[115.9464468,39.0350797],[115.9465689,39.035276],[115.9466086,39.0353884],[115.9466455,39.0356222],[115.9467761,39.0357765],[115.9469238,39.0358339],[115.947114,39.0358736],[115.9472588,39.0359706],[115.9473269,39.0360765],[115.9473383,39.0361669],[115.9473411,39.0362573],[115.9473411,39.0364888],[115.9473723,39.0366763],[115.9474178,39.0368394],[115.9475398,39.0369519],[115.9476534,39.0370291],[115.9477073,39.0371239],[115.9477102,39.0372276],[115.9478493,39.0376752],[115.9478833,39.037856],[115.9479572,39.0380016],[115.948102,39.0381228],[115.9484256,39.0382706],[115.9486669,39.0384095],[115.9488174,39.0385418],[115.9489253,39.0386807],[115.9490757,39.0389961],[115.9491808,39.0391306],[115.9493596,39.0392298],[115.9496322,39.0393224],[115.9498366,39.0393489],[115.9500552,39.0393886],[115.9504015,39.0394878],[115.9507848,39.0394966],[115.9512305,39.039382],[115.9516365,39.0391262],[115.9517501,39.0390159],[115.951733,39.038952],[115.9517387,39.0388505],[115.9517728,39.0386234],[115.9519062,39.0384272],[115.9521163,39.0380964],[115.9521844,39.0378252],[115.9521703,39.0375429],[115.952068,39.0373797],[115.9519914,39.0373091],[115.9518693,39.0372276],[115.9518069,39.0370401],[115.9517813,39.0367556],[115.9516876,39.0362837],[115.9515854,39.0360654],[115.9516564,39.0358206],[115.9517614,39.0356244],[115.9517416,39.0352583],[115.9515797,39.0349364],[115.9512476,39.0346629],[115.951063,39.0344534],[115.951029,39.0341667],[115.9510022,39.0336514],[115.9510655,39.0336658],[115.9510886,39.0341866],[115.9511198,39.0344181],[115.9513242,39.0346232],[115.9515741,39.0348481],[115.9518097,39.03504],[115.9519942,39.0351701],[115.9520255,39.035384],[115.9519744,39.0356332],[115.9518267,39.0358273],[115.9517217,39.0360169],[115.9517472,39.0361801],[115.9517529,39.0362727],[115.9518807,39.036813],[115.9519233,39.0369938],[115.9520141,39.0371261],[115.9521816,39.0373003],[115.9523122,39.0374348],[115.9523889,39.0376531],[115.9524825,39.0379332],[115.9525876,39.0381978],[115.9526245,39.0384338],[115.9525961,39.0386058],[115.9525024,39.0387491],[115.9523179,39.0388792],[115.9521646,39.0389917],[115.9520311,39.0391438],[115.951892,39.0393268],[115.951733,39.0394724],[115.9515883,39.0395319],[115.9514122,39.039576],[115.9511993,39.039587],[115.9508416,39.0397017],[115.9505832,39.0398539],[115.9503022,39.0401405],[115.9501971,39.040361],[115.9501489,39.0407822],[115.9501801,39.0410843],[115.9500609,39.0410865]]]}},{"type":"Feature","id":"way/1192690708","properties":{"osm_id":"1192690708","class":"water"},"geometry":{"type":"Polygon","coordinates":[[[115.9932886,39.0442064],[115.9943311,39.0440174],[115.9953528,39.0439689],[115.9964441,39.0440066],[115.9973754,39.0440822],[115.9980774,39.0441362],[115.9988489,39.0441092],[115.9994466,39.0440228],[115.9999262,39.0439365],[116.0004544,39.0439365],[116.0007464,39.0440012],[116.0010869,39.0440498],[116.0016152,39.043985],[116.002623,39.0437637],[116.0027828,39.0437043],[116.0029566,39.0435748],[116.0031929,39.0435748],[116.0035265,39.0435694],[116.0038671,39.0435316],[116.004159,39.0433913],[116.0043675,39.0433966],[116.0055422,39.0434992],[116.0058341,39.0436234],[116.0061538,39.0437529],[116.0063554,39.0438123],[116.0064249,39.0438825],[116.0064666,39.044066],[116.0064735,39.0442496],[116.0064735,39.0443359],[116.0060773,39.0446436],[116.0059661,39.0448379],[116.0058966,39.0450485],[116.0059175,39.0452428],[116.0060148,39.0456099],[116.0060704,39.0458906],[116.0060426,39.0461659],[116.0059036,39.0464843],[116.005848,39.0466679],[116.0056603,39.0468676],[116.0055908,39.0469432],[116.0055908,39.0470133],[116.0059175,39.0468298],[116.006126,39.0464627],[116.0062441,39.0460849],[116.0061677,39.0457232],[116.0060217,39.0452968],[116.0060009,39.0450593],[116.0060634,39.0448595],[116.0062302,39.0447516],[116.0065708,39.0446058],[116.0068558,39.0444007],[116.0069114,39.0441092],[116.0067793,39.0437745],[116.00655,39.04351],[116.0062719,39.0432293],[116.0061746,39.0431213],[116.006119,39.0430026],[116.0061677,39.0425761],[116.0060634,39.0425761],[116.0060356,39.0429918],[116.0059592,39.0431483],[116.0058271,39.0432671],[116.0056395,39.0433697],[116.0054726,39.043402],[116.0049236,39.0433589],[116.0044301,39.0433211],[116.0042424,39.0433211],[116.003888,39.0434074],[116.0036586,39.0434398],[116.0031929,39.043429],[116.0026786,39.0434938],[116.0022546,39.0436288],[116.0018793,39.0438231],[116.0016291,39.0438987],[116.0013441,39.0439473],[116.0010313,39.0439311],[116.0007047,39.0438285],[116.0004753,39.0437097],[116.0002459,39.0436612],[115.9999888,39.0436666],[115.9996343,39.0437421],[115.9993563,39.0438825],[115.9990088,39.0439742],[115.9988002,39.0440228],[115.9980079,39.0440552],[115.9973198,39.0440012],[115.996729,39.0439311],[115.9962147,39.0438879],[115.9954641,39.0438825],[115.9950609,39.0439041],[115.994345,39.0439473],[115.9938585,39.0439689],[115.9935318,39.0440498],[115.9931079,39.044147],[115.9918568,39.0444223],[115.9907934,39.044541],[115.9895631,39.0445734],[115.9887778,39.0444277],[115.988041,39.0441308],[115.9875197,39.0437097],[115.9874085,39.0435586],[115.9866509,39.0431429],[115.9859211,39.042846],[115.9852191,39.0427597],[115.9846006,39.042792],[115.9838708,39.0427759],[115.9832591,39.0426301],[115.9825224,39.0426031],[115.9812366,39.0426301],[115.9807778,39.0425977],[115.9796658,39.0426085],[115.9791167,39.0426571],[115.9784355,39.0427705],[115.9778447,39.0426841],[115.9771984,39.0425437],[115.976962,39.0424304],[115.9768647,39.0424088],[115.9768369,39.0423386],[115.9768856,39.0422144],[115.9768508,39.0420903],[115.9768578,39.0417988],[115.9767813,39.0416962],[115.9766979,39.0416962],[115.9766701,39.0418582],[115.9767188,39.0422792],[115.9767118,39.0424142],[115.9766423,39.0424897],[115.9764964,39.0425599],[115.9761627,39.0425653],[115.9755372,39.0426355],[115.9751271,39.0427111],[115.9744807,39.0428352],[115.9740012,39.0427759],[115.9735007,39.0426949],[115.9725138,39.0427057],[115.9713739,39.0426841],[115.9713809,39.0427651],[115.972479,39.0428082],[115.9737371,39.042819],[115.9744877,39.0429216],[115.9749464,39.0427974],[115.9760098,39.042927],[115.9767605,39.0431483],[115.976691,39.0430566],[115.9764825,39.0429432],[115.9763018,39.0428082],[115.9764825,39.0427813],[115.9773304,39.042927],[115.9781506,39.042927],[115.9788873,39.0428136],[115.9796588,39.0426895],[115.980757,39.0427057],[115.981598,39.0426895],[115.982432,39.0426787],[115.9833842,39.0427543],[115.9837109,39.042846],[115.9844615,39.0428568],[115.9850315,39.0429108],[115.9854138,39.0431159],[115.985664,39.0433966],[115.9859489,39.0436396],[115.9863938,39.0437961],[115.9866857,39.0438069],[115.9869915,39.0437853],[115.9873946,39.0439203],[115.9879993,39.0442873],[115.9886109,39.0445896],[115.9891531,39.0447516],[115.9896952,39.0448325],[115.9903902,39.0448757],[115.9910297,39.0448002],[115.9920653,39.0445249],[115.9932886,39.0442064]]]}},{"type":"Feature","id":"way/1195184735","properties":{"osm_id":"1195184735","class":"water"},"geometry":{"type":"Polygon","coordinates":[[[116.0363156,39.0853541],[116.039046,39.0845963],[116.0387671,39.0834137],[116.0382199,39.0826559],[116.0380483,39.0825892],[116.037941,39.0817731],[116.0387993,39.0788998],[116.0395181,39.077284],[116.0404622,39.0760763],[116.0420608,39.0744272],[116.0447538,39.0716119],[116.0472107,39.0688798],[116.0498822,39.066031],[116.0508907,39.0647814],[116.0521781,39.0622573],[116.0784638,39.0675637],[116.0680032,39.0737859],[116.060214,39.0783418],[116.0582292,39.0800241],[116.0533047,39.0850626],[116.0520279,39.0857372],[116.0422861,39.0898843],[116.0405266,39.0909002],[116.0363156,39.0853541]]]}},{"type":"Feature","id":"way/1195184736","properties":{"osm_id":"1195184736","class":"water"},"geometry":{"type":"Polygon","coordinates":[[[116.0322869,39.0846046],[116.0320079,39.0841382],[116.0315466,39.0837677],[116.0310799,39.0832513],[116.0283923,39.080199],[116.0276145,39.0792787],[116.0258335,39.0763803],[116.0252166,39.0753684],[116.0251468,39.075056],[116.0266757,39.074548],[116.027475,39.0760305],[116.029138,39.0786208],[116.031611,39.0817897],[116.0324478,39.0832513],[116.0329682,39.0841008],[116.0333276,39.0843173],[116.0322869,39.0846046]]]}},{"type":"Feature","id":"way/1195184799","properties":{"osm_id":"1195184799","class":"water"},"geometry":{"type":"Polygon","coordinates":[[[116.0788715,39.0522433],[116.0792416,39.0519101],[116.0796225,39.0511519],[116.0797512,39.050152],[116.07988,39.0484606],[116.0799283,39.0465859],[116.0800838,39.0445361],[116.0803574,39.0427654],[116.0804325,39.0413113],[116.0803091,39.0398988],[116.0804325,39.038578],[116.0807544,39.0379322],[116.0815698,39.0373697],[116.0835278,39.0362113],[116.0841876,39.0359155],[116.0859525,39.0355113],[116.0880446,39.0350529],[116.0893911,39.0345154],[116.0908502,39.0340654],[116.0925776,39.0334903],[116.0942674,39.033082],[116.0950667,39.0327111],[116.1098242,39.0496688],[116.1061335,39.0513852],[116.1035478,39.0534764],[116.0979688,39.057792],[116.0971641,39.0582919],[116.0936665,39.0600414],[116.0788715,39.0522433]]]}},{"type":"Feature","id":"way/1195184800","properties":{"osm_id":"1195184800","class":"water"},"geometry":{"type":"Polygon","coordinates":[[[116.0521781,39.0622573],[116.0532188,39.0599414],[116.0537875,39.0594832],[116.055311,39.0586668],[116.05883,39.056534],[116.0613727,39.0553926],[116.0629284,39.0549761],[116.064409,39.0549094],[116.0658145,39.055176],[116.0668123,39.0552177],[116.0738826,39.0541429],[116.0747087,39.0538347],[116.0763717,39.0531182],[116.0788715,39.0522433],[116.0936665,39.0600414],[116.0867786,39.0634236],[116.0814035,39.0662142],[116.0784638,39.0675637],[116.0521781,39.0622573]]]}},{"type":"Feature","id":"way/1195185177","properties":{"osm_id":"1195185177","class":"water"},"geometry":{"type":"Polygon","coordinates":[[[116.0950667,39.0327111],[116.0966062,39.0317027],[116.0973358,39.0313943],[116.0986662,39.0311693],[116.0998785,39.0309818],[116.1006832,39.0310276],[116.1016703,39.0312276],[116.1023998,39.0317443],[116.1033332,39.0323486],[116.1044598,39.0328486],[116.1055648,39.033357],[116.1070454,39.0338112],[116.1082846,39.0343904],[116.1099744,39.0351613],[116.110543,39.036028],[116.1111653,39.0365405],[116.1118734,39.0368238],[116.1129194,39.036853],[116.1145824,39.0364488],[116.1183482,39.0352821],[116.1189759,39.0348612],[116.119464,39.0343987],[116.1201024,39.0335195],[116.1205852,39.0331028],[116.1217385,39.0328819],[116.1241472,39.0323986],[116.1271298,39.0322069],[116.1293346,39.0321402],[116.1316949,39.0317402],[116.1337066,39.0311818],[116.1355144,39.0305484],[116.1363995,39.0299275],[116.1442852,39.040453],[116.1420107,39.0421279],[116.1411416,39.0429029],[116.1403692,39.0430362],[116.1368608,39.0435528],[116.1358201,39.0440278],[116.1337709,39.0451444],[116.1329019,39.0454443],[116.1244798,39.0475858],[116.1231172,39.0477274],[116.1144376,39.0480607],[116.1133218,39.0482357],[116.1098242,39.0496688],[116.0950667,39.0327111]]]}},{"type":"Feature","id":"way/1195186175","properties":{"osm_id":"1195186175","class":"water"},"geometry":{"type":"Polygon","coordinates":[[[116.1544722,39.014599],[116.1547673,39.0142155],[116.155647,39.0136153],[116.1558831,39.0134069],[116.1567628,39.0114895],[116.1583507,39.0087217],[116.1592734,39.0076379],[116.1594021,39.0075379],[116.1596596,39.0074045],[116.1598849,39.0073545],[116.1612153,39.0072044],[116.1616337,39.0072044],[116.161977,39.0071127],[116.1631679,39.0059455],[116.1665797,39.0042697],[116.1708712,39.0022771],[116.1744654,39.0004428],[116.1780703,38.9986751],[116.1792505,38.997958],[116.1804092,38.9974911],[116.1816108,38.9971326],[116.1830163,38.9963655],[116.1858487,38.9948645],[116.1879623,38.9938306],[116.1902293,38.9927466],[116.2006867,39.0019602],[116.1996996,39.0022854],[116.1983371,39.0028607],[116.1903441,39.0079131],[116.1878657,39.0095137],[116.1862993,39.0101056],[116.1851406,39.0107142],[116.1787033,39.014699],[116.1724591,39.0185502],[116.1667728,39.0219344],[116.1544722,39.014599]]]}},{"type":"Feature","id":"way/1195186176","properties":{"osm_id":"1195186176","class":"water"},"geometry":{"type":"Polygon","coordinates":[[[116.1442852,39.040453],[116.1467314,39.0385113],[116.1514628,39.0347779],[116.1544883,39.0322027],[116.1548316,39.0317694],[116.1551857,39.0299525],[116.1554003,39.0292857],[116.1559152,39.0286356],[116.1579001,39.0273188],[116.1636722,39.0238515],[116.1642837,39.0235681],[116.1644554,39.0234847],[116.1654317,39.0228679],[116.1667728,39.0219344],[116.1544722,39.014599],[116.1542201,39.0151241],[116.1539894,39.0152784],[116.1535871,39.0153617],[116.1525893,39.0154326],[116.1523211,39.0155118],[116.1522353,39.0155451],[116.1520797,39.015641],[116.1519885,39.0157285],[116.1517739,39.0160661],[116.1515272,39.0169706],[116.15098,39.0187461],[116.1504918,39.0196547],[116.1495262,39.0205674],[116.1476594,39.022547],[116.1460447,39.0241307],[116.1447358,39.0251392],[116.1427724,39.026377],[116.1403745,39.0276855],[116.1381,39.0288065],[116.1374134,39.0291232],[116.1373115,39.0291482],[116.1370861,39.0292857],[116.1367857,39.0297025],[116.1363995,39.0299275],[116.1442852,39.040453]]]}},{"type":"Feature","id":"way/1195187938","properties":{"osm_id":"1195187938","class":"water"},"geometry":{"type":"Polygon","coordinates":[[[116.0146272,38.9847993],[116.0134631,38.9843573],[116.0132647,38.9842822],[116.0113281,38.9836734],[116.00613,38.9838402],[116.0016882,38.9841905],[116.0014737,38.984424],[116.0013878,38.9847326],[116.0013771,38.9854748],[116.0013235,38.9856082],[116.0011303,38.9856416],[116.0004115,38.9854665],[115.9999716,38.985283],[115.9994244,38.9845908],[115.9986734,38.9840654],[115.9985125,38.983982],[115.9982014,38.9838736],[115.9973752,38.9838819],[115.9967852,38.9838235],[115.9962594,38.983615],[115.9960234,38.9833899],[115.9958732,38.9832981],[115.9956908,38.9832231],[115.9955084,38.9831814],[115.9936523,38.9831981],[115.99244,38.9834899],[115.9903371,38.9829729],[115.9885991,38.9829896],[115.9872687,38.983565],[115.9850156,38.984399],[115.9824729,38.9849494],[115.980767,38.9854665],[115.9785998,38.9865506],[115.9784388,38.9848994],[115.9799838,38.9834649],[115.9807133,38.9830146],[115.981121,38.9829312],[115.9820223,38.9829312],[115.9827733,38.9834649],[115.9831595,38.9836484],[115.9836316,38.9836651],[115.9840607,38.983515],[115.9853053,38.9829645],[115.9856272,38.9827143],[115.9858203,38.9823974],[115.9860134,38.9817302],[115.9856272,38.9810297],[115.9855413,38.9803791],[115.9863567,38.9800789],[115.9876871,38.9798454],[115.9890175,38.9797286],[115.9898758,38.9799288],[115.9906321,38.9797161],[115.9918069,38.9808962],[115.9924507,38.9813299],[115.9935665,38.9819304],[115.9955835,38.9826643],[115.9960341,38.9827477],[115.996592,38.9832648],[115.997343,38.9836317],[115.9977937,38.9835317],[115.9988236,38.9829979],[115.9997248,38.9830313],[116.0008621,38.9828645],[116.0016989,38.9826476],[116.0072136,38.9826143],[116.0088014,38.9802624],[116.0116124,38.979495],[116.0128355,38.9800789],[116.0135007,38.9804709],[116.0142517,38.9814717],[116.0143912,38.9817803],[116.0143912,38.9820805],[116.0140049,38.9830646],[116.0140264,38.9834649],[116.0142195,38.9839737],[116.0146272,38.9847993]]]}},{"type":"Feature","id":"way/1195187939","properties":{"osm_id":"1195187939","class":"water"},"geometry":{"type":"Polygon","coordinates":[[[116.0294115,39.0133819],[116.0288,39.0120731],[116.026622,39.0071794],[116.0251522,39.0038278],[116.0235,39.000226],[116.021601,38.9959736],[116.0198414,38.9917876],[116.0185218,38.9875847],[116.017245,38.9846492],[116.0165584,38.9829729],[116.0163867,38.9827143],[116.0160863,38.9823891],[116.0151529,38.9819387],[116.0150242,38.981822],[116.0146916,38.9807878],[116.0146165,38.9800372],[116.0135007,38.9804709],[116.0142517,38.9814717],[116.0143912,38.9817803],[116.0143912,38.9820805],[116.0140049,38.9830646],[116.0140264,38.9834649],[116.0142195,38.9839737],[116.0146272,38.9847993],[116.0151744,38.9852246],[116.0152924,38.9853747],[116.0154211,38.9856166],[116.0155284,38.9860586],[116.0158181,38.987051],[116.0165155,38.987618],[116.0166335,38.9878015],[116.0166979,38.988552],[116.0167622,38.9895694],[116.0174489,38.9909203],[116.0187578,38.9926632],[116.0189509,38.9930217],[116.0197985,38.9947311],[116.0207319,38.9969158],[116.0222447,39.0000842],[116.0236823,39.0031358],[116.0247445,39.0057621],[116.0260427,39.0088968],[116.027298,39.011848],[116.0278934,39.0131985],[116.0294115,39.0133819]]]}},{"type":"Feature","id":"way/1195187940","properties":{"osm_id":"1195187940","class":"water"},"geometry":{"type":"Polygon","coordinates":[[[116.0330003,39.0442694],[116.0335582,39.0422654],[116.0339928,39.0407738],[116.0344273,39.0391238],[116.0348457,39.0374738],[116.0355109,39.0356363],[116.0359508,39.033857],[116.0361493,39.0321902],[116.0362405,39.0308234],[116.0359722,39.0290315],[116.035468,39.0272979],[116.034717,39.0256185],[116.0339874,39.024064],[116.0330325,39.0220886],[116.0322279,39.0200798],[116.0313803,39.0181501],[116.030404,39.015716],[116.0294115,39.0133819],[116.0278934,39.0131985],[116.0280812,39.013832],[116.0281348,39.0144197],[116.0287356,39.01517],[116.0291809,39.0164037],[116.0296959,39.0175166],[116.0304147,39.0191795],[116.0313266,39.0214843],[116.0316056,39.0218344],[116.0318953,39.022322],[116.0324907,39.0235347],[116.0329789,39.02491],[116.0336173,39.0262394],[116.0340571,39.027473],[116.0344648,39.0288565],[116.0347706,39.0293441],[116.0347974,39.0294316],[116.0349369,39.0299692],[116.0349852,39.0308026],[116.0348511,39.0310068],[116.0347599,39.0313235],[116.0347867,39.0318694],[116.0346258,39.0323652],[116.0347116,39.0327403],[116.0347545,39.0335153],[116.0345507,39.0340862],[116.0342878,39.0347362],[116.0341001,39.0358738],[116.0336977,39.0370197],[116.0332632,39.0388947],[116.0327965,39.0403821],[116.0325605,39.0414738],[116.0323083,39.0421904],[116.0320508,39.0425196],[116.0318041,39.043232],[116.0316271,39.043907],[116.0318953,39.0440028],[116.0330003,39.0442694]]]}},{"type":"Feature","id":"way/1195187941","properties":{"osm_id":"1195187941","class":"water"},"geometry":{"type":"Polygon","coordinates":[[[116.0266757,39.074548],[116.0263699,39.0733944],[116.026268,39.0726656],[116.0263216,39.0713287],[116.0266435,39.0696461],[116.0271048,39.067672],[116.0275662,39.0655145],[116.0280114,39.0634111],[116.0287088,39.0617283],[116.0290307,39.0608953],[116.0292023,39.0599414],[116.0297066,39.0580336],[116.0298192,39.0566757],[116.0303503,39.0552343],[116.0307527,39.0538805],[116.0311335,39.0521808],[116.0315466,39.0503312],[116.0319918,39.0485481],[116.0324371,39.0469358],[116.0327053,39.0456443],[116.0329199,39.045086],[116.0330003,39.0442694],[116.0318953,39.0440028],[116.0317451,39.0445944],[116.0314929,39.0450569],[116.0314929,39.0456568],[116.0313696,39.0462192],[116.0312255,39.0468051],[116.0309404,39.0479649],[116.0304952,39.0497813],[116.0301036,39.0510894],[116.0300016,39.0512227],[116.0296744,39.0519101],[116.0294867,39.0529265],[116.0292292,39.0540846],[116.0288751,39.0550886],[116.0286176,39.0561425],[116.0283762,39.0575463],[116.0283172,39.0582419],[116.0281026,39.058975],[116.0277271,39.0598289],[116.0273409,39.0615409],[116.0270512,39.0629821],[116.026563,39.0641858],[116.0263109,39.0654604],[116.0259837,39.0665349],[116.025635,39.0680343],[116.0251898,39.0694795],[116.0248142,39.0708997],[116.0245085,39.0717577],[116.0245407,39.0718285],[116.0249323,39.0721741],[116.0251468,39.0725989],[116.0251147,39.0733944],[116.0247445,39.0734902],[116.024664,39.0737026],[116.0246801,39.0738566],[116.024943,39.0741315],[116.0251468,39.075056],[116.0266757,39.074548]]]}},{"type":"Feature","id":"way/1198948463","properties":{"osm_id":"1198948463","class":"water"},"geometry":{"type":"Polygon","coordinates":[[[115.9085553,39.0457719],[115.9085234,39.0458873],[115.9126431,39.046503],[115.915209,39.0467889],[115.9173502,39.0469703],[115.9174033,39.0470115],[115.9173821,39.047094],[115.9175767,39.0471242],[115.9175838,39.0470555],[115.9176687,39.0470253],[115.9210664,39.0470802],[115.9276882,39.0470033],[115.9290579,39.0469455],[115.9290685,39.0466459],[115.9263787,39.0467916],[115.9230341,39.0467944],[115.9205956,39.0467834],[115.9159097,39.0465635],[115.9125475,39.0462144],[115.9125227,39.0462584],[115.912452,39.0462831],[115.9085553,39.0457719]]]}},{"type":"Feature","id":"way/1203447289","properties":{"osm_id":"1203447289","class":"water"},"geometry":{"type":"Polygon","coordinates":[[[116.0103858,39.0533102],[116.0103348,39.0532594],[116.0103567,39.052988],[116.0107133,39.052875],[116.021042,39.0502522],[116.0216826,39.049913],[116.021799,39.0499243],[116.0235896,39.0494495],[116.0236551,39.049393],[116.0236115,39.0492234],[116.023757,39.0491725],[116.02399,39.0489407],[116.0240991,39.0489407],[116.0247925,39.0487765],[116.0255199,39.0482949],[116.0259679,39.0480307],[116.0261237,39.0477465],[116.0263647,39.0474887],[116.026627,39.0473433],[116.0270256,39.0472906],[116.0275842,39.0473967],[116.0283269,39.047298],[116.0287126,39.0473561],[116.0289621,39.0475199],[116.0297337,39.0473978],[116.0301901,39.0471411],[116.0304021,39.0470604],[116.0306993,39.0470194],[116.0312255,39.0468051],[116.0310256,39.0489497],[116.0302126,39.0505827],[116.0299304,39.0501331],[116.0297628,39.0496603],[116.0292166,39.04948],[116.0285256,39.0494187],[116.0281278,39.0495146],[116.0277369,39.0498006],[116.0273801,39.0499411],[116.0268712,39.0498122],[116.0262942,39.049723],[116.0260452,39.0498037],[116.025728,39.0500432],[116.0250417,39.0501515],[116.0244704,39.0499187],[116.0239972,39.0500374],[116.0238953,39.0499469],[116.0219956,39.0504048],[116.0219373,39.0505292],[116.0211366,39.0505461],[116.0103858,39.0533102]]]}},{"type":"Feature","id":"way/1225349774","properties":{"osm_id":"1225349774","class":"water"},"geometry":{"type":"Polygon","coordinates":[[[115.9472269,39.009586],[115.9472967,39.009708],[115.9473914,39.00983],[115.9475166,39.0100695],[115.9476074,39.0102219],[115.9476791,39.0102493],[115.9477609,39.0102967],[115.9478244,39.0103516],[115.9478716,39.0104179],[115.9478946,39.0104835],[115.947909,39.010552],[115.9478862,39.0106253],[115.9478369,39.0106841],[115.9488657,39.0113544],[115.9490105,39.0114331],[115.9491631,39.0115069],[115.9493212,39.0115754],[115.9494839,39.0116378],[115.9495208,39.0115792],[115.9495171,39.0115037],[115.9495207,39.0113624],[115.9494675,39.0112374],[115.9493481,39.0111125],[115.9492565,39.0110555],[115.9491672,39.0109937],[115.9490869,39.0109232],[115.9490252,39.0108455],[115.9489824,39.0107667],[115.9489628,39.0106795],[115.9489706,39.0105923],[115.9489924,39.0105015],[115.9490514,39.0103322],[115.9490643,39.0102255],[115.949037,39.0100217],[115.9489963,39.0099228],[115.9489249,39.0098523],[115.9488353,39.0097988],[115.9487655,39.0097637],[115.9486987,39.0097263],[115.9486443,39.00968],[115.9486005,39.00963],[115.9485631,39.0095541],[115.9485382,39.0094738],[115.9485019,39.0093095],[115.9481447,39.0094124],[115.9472269,39.009586]]]}},{"type":"Feature","id":"way/1227717798","properties":{"osm_id":"1227717798","class":"water"},"geometry":{"type":"Polygon","coordinates":[[[115.9465521,38.9964298],[115.9463055,38.9968293],[115.9463593,38.9975623],[115.9459625,38.9978034],[115.9458661,38.998278],[115.9453889,38.9982939],[115.9451047,38.9986601],[115.9453518,38.9988754],[115.9452985,38.9997703],[115.946125,38.9997813],[115.946565,38.9990052],[115.9469407,38.9988044],[115.9473163,38.998829],[115.9475846,38.9989871],[115.9477778,38.9993202],[115.9480031,38.9999704],[115.948502,39.000012],[115.948207,38.999003],[115.9470383,38.9962027],[115.9470497,38.9955869],[115.9472109,38.9951498],[115.9477155,38.994846],[115.9484672,38.9945722],[115.9488617,38.9940772],[115.9489732,38.9932126],[115.9494151,38.9927303],[115.9499548,38.9926097],[115.9506232,38.9927226],[115.9512272,38.9922352],[115.9513162,38.9918811],[115.9516166,38.9917477],[115.9525822,38.9916393],[115.952904,38.9911973],[115.9535048,38.9910139],[115.9542988,38.9913308],[115.9548138,38.9921646],[115.9541271,38.9928651],[115.9548996,38.9933654],[115.9561441,38.9938657],[115.9570454,38.9941326],[115.9588049,38.9943994],[115.9606011,38.9945209],[115.9636848,38.9958585],[115.9643093,38.9960835],[115.9643204,38.996561],[115.9643244,38.9973336],[115.964536,38.997419],[115.9646778,38.996403],[115.9650375,38.9960353],[115.9659204,38.9960601],[115.9679495,38.9965405],[115.9682644,38.9972112],[115.9683826,38.997543],[115.9692312,38.9975371],[115.9693957,38.9965585],[115.9697319,38.9962803],[115.9703627,38.9954354],[115.9708862,38.9953244],[115.9716327,38.9952023],[115.9720959,38.9950416],[115.9724429,38.9947702],[115.9729223,38.994294],[115.9733875,38.9940588],[115.9739318,38.9939386],[115.9748271,38.9938482],[115.9755879,38.9937176],[115.9760796,38.9934564],[115.9763762,38.9929174],[115.9768836,38.9924563],[115.9773404,38.9922679],[115.9788443,38.9920496],[115.9787835,38.9918714],[115.9779463,38.9920286],[115.9777369,38.9916902],[115.9774766,38.9916086],[115.9772768,38.9917096],[115.9771413,38.9919273],[115.9762611,38.992714],[115.975789,38.9932859],[115.9737611,38.9935076],[115.9735411,38.9934792],[115.973352,38.9932886],[115.9730341,38.9932732],[115.9727592,38.993633],[115.9717848,38.9943715],[115.9698171,38.9950619],[115.968933,38.995994],[115.9681412,38.9957692],[115.9661165,38.9956355],[115.9645013,38.99544],[115.9632179,38.9949669],[115.9609902,38.994172],[115.9587298,38.9941451],[115.9570668,38.9934905],[115.9558545,38.9916518],[115.9557579,38.9912474],[115.9561441,38.9903551],[115.9573887,38.9894461],[115.9571097,38.9885955],[115.9563587,38.987895],[115.9539984,38.9881953],[115.9523032,38.9888624],[115.9522281,38.9895295],[115.9518794,38.9901049],[115.9501145,38.990647],[115.9477327,38.9911473],[115.9460503,38.99193],[115.9468463,38.9936428],[115.9468055,38.9946552],[115.9464428,38.9950422],[115.9465521,38.9964298]]]}},{"type":"Feature","id":"way/1323524402","properties":{"osm_id":"1323524402","class":"water"},"geometry":{"type":"Polygon","coordinates":[[[115.9063868,39.0532889],[115.9064055,39.0532834],[115.9064475,39.0532907],[115.9064965,39.0532925],[115.9065642,39.0532852],[115.9066343,39.0532762],[115.906702,39.0532598],[115.9067791,39.053229],[115.9068608,39.0531801],[115.9069355,39.0531275],[115.9069822,39.0530894],[115.9070219,39.0530477],[115.9070639,39.0530169],[115.9071106,39.0530005],[115.907169,39.0529951],[115.9072391,39.0529897],[115.9072834,39.0529752],[115.9073371,39.0529461],[115.9073815,39.0529117],[115.9075916,39.0529081],[115.9077551,39.0529933],[115.9080423,39.0529226],[115.9081287,39.0529298],[115.9082011,39.0529607],[115.9082408,39.0529951],[115.9083155,39.0531166],[115.9083575,39.0531601],[115.9084182,39.0531982],[115.9085023,39.0532272],[115.9085863,39.0532435],[115.9086587,39.0532453],[115.9086891,39.0532598],[115.9087101,39.0532925],[115.9086984,39.0533269],[115.9086284,39.0533813],[115.908577,39.0534122],[115.9083715,39.053452],[115.9081544,39.0534611],[115.908159,39.0533723],[115.9068841,39.053365],[115.9068888,39.0534466],[115.9065969,39.0534394],[115.9065199,39.0534248],[115.9064475,39.0533904],[115.9064031,39.0533396],[115.9063868,39.0532889]]]}},{"type":"Feature","id":"way/1349426482","properties":{"osm_id":"1349426482","class":"water"},"geometry":{"type":"Polygon","coordinates":[[[115.903743,39.0531552],[115.9042054,39.0531552],[115.9041586,39.0525482],[115.9037637,39.0525479],[115.903743,39.0531552]]]}},{"type":"Feature","id":"way/1349426483","properties":{"osm_id":"1349426483","class":"water"},"geometry":{"type":"Polygon","coordinates":[[[115.9037615,39.0525216],[115.90416,39.0525256],[115.9042079,39.0519273],[115.9037577,39.0519229],[115.9037615,39.0525216]]]}},{"type":"Feature","id":"way/1349426488","properties":{"osm_id":"1349426488","class":"water"},"geometry":{"type":"Polygon","coordinates":[[[115.9074298,39.0602073],[115.9075266,39.0602679],[115.9075736,39.0602528],[115.9076232,39.0602168],[115.9076741,39.0601997],[115.9077258,39.0601965],[115.9077533,39.0601658],[115.9078002,39.0601429],[115.9078559,39.0601502],[115.9078988,39.06017],[115.9079222,39.060209],[115.907933,39.0604522],[115.9079162,39.0604881],[115.9078686,39.0605339],[115.9078424,39.0605704],[115.9078438,39.0605933],[115.9078565,39.0606295],[115.907886,39.0606766],[115.9078941,39.0607453],[115.9078029,39.0608135],[115.9076936,39.0608333],[115.9075937,39.0608552],[115.9075367,39.0608635],[115.9075179,39.060851],[115.9074978,39.0608078],[115.9074388,39.0607583],[115.9074039,39.0607016],[115.9074032,39.0606355],[115.907426,39.0605449],[115.9074495,39.0604881],[115.9074555,39.060436],[115.9074099,39.0603887],[115.9072429,39.0603201],[115.9071138,39.060351],[115.9070166,39.0603399],[115.9067495,39.0603348],[115.9066593,39.0603943],[115.9066246,39.0604881],[115.9065204,39.0605336],[115.9064963,39.0605864],[115.906502,39.060788],[115.906557,39.0608587],[115.9066656,39.060889],[115.9067865,39.0609192],[115.9068242,39.0609978],[115.9068366,39.0610801],[115.9068071,39.0611447],[115.9067642,39.0611744],[115.9067166,39.0611764],[115.9066375,39.0611603],[115.906496,39.0611285],[115.9064287,39.0611109],[115.9063538,39.0610603],[115.9062629,39.0610396],[115.9060561,39.0610077],[115.9058434,39.0609935],[115.9056196,39.0610119],[115.9054077,39.0610482],[115.9053399,39.0610645],[115.9052742,39.0610853],[115.905118,39.0611447],[115.9050449,39.0611483],[115.9049803,39.0611419],[115.904939,39.061149],[115.9049007,39.0612139],[115.904882,39.0612837],[115.9048296,39.0613441],[115.9046714,39.0612983],[115.9046608,39.0610481],[115.9046462,39.0609217],[115.9046292,39.060829],[115.9045898,39.0607855],[115.9044563,39.0607108],[115.9043418,39.0606662],[115.9042176,39.0606509],[115.9041947,39.0605261],[115.904261,39.0604548],[115.9043451,39.0604088],[115.9043629,39.0603663],[115.9043867,39.0600501],[115.9043651,39.0599087],[115.9043348,39.0597821],[115.9043333,39.0597084],[115.9043914,39.0596629],[115.9044599,39.0596323],[115.9044802,39.0595586],[115.9044411,39.0595199],[115.9043281,39.0594572],[115.9042511,39.0594147],[115.9042007,39.0594207],[115.9041638,39.0593735],[115.9042288,39.0592989],[115.9043093,39.059252],[115.9043556,39.0591829],[115.9044246,39.0591469],[115.9045051,39.059151],[115.9045915,39.0591374],[115.9046823,39.0591451],[115.9047841,39.0591791],[115.904867,39.0592597],[115.904923,39.0592625],[115.9050262,39.0592233],[115.905185,39.0592019],[115.9052933,39.0591576],[115.9053695,39.0590945],[115.9054118,39.0589909],[115.9054448,39.0589143],[115.9056271,39.0588275],[115.9057994,39.058612],[115.9057009,39.0583855],[115.9058395,39.0582564],[115.9059492,39.0581056],[115.905982,39.0579092],[115.9061972,39.057888],[115.9063694,39.0579383],[115.9065554,39.0580314],[115.906767,39.0580403],[115.9069062,39.0580348],[115.907159,39.0580394],[115.9073622,39.058035],[115.9076055,39.0579717],[115.9079721,39.0578171],[115.9081577,39.0578816],[115.9083406,39.0580859],[115.9081917,39.0582501],[115.9079439,39.058277],[115.9078389,39.0583988],[115.9079841,39.0585517],[115.908412,39.0585176],[115.9085865,39.0586146],[115.9082483,39.0586635],[115.9080337,39.0588317],[115.907993,39.059043],[115.9079789,39.059304],[115.9080536,39.0594579],[115.907851,39.0595191],[115.9078832,39.0596742],[115.9078626,39.0598364],[115.9076557,39.0598833],[115.9075447,39.0599483],[115.9075105,39.0599857],[115.9074908,39.0600621],[115.9074198,39.0601458],[115.9074146,39.0601747],[115.9074298,39.0602073]]]}},{"type":"Feature","id":"way/1349426489","properties":{"osm_id":"1349426489","class":"water"},"geometry":{"type":"Polygon","coordinates":[[[115.9003903,39.0563722],[115.9003011,39.0562883],[115.9003657,39.0561781],[115.9004403,39.0561054],[115.9005227,39.0560841],[115.9006218,39.0561106],[115.9008071,39.0560933],[115.9009535,39.0561303],[115.9010469,39.0560494],[115.9012229,39.0559708],[115.9012703,39.0559262],[115.901544,39.0559072],[115.9017388,39.0559044],[115.9018047,39.0558708],[115.9019495,39.0558839],[115.902045,39.0559219],[115.9022617,39.0559092],[115.9023432,39.0558822],[115.9024613,39.0559317],[115.9026356,39.0559101],[115.9027596,39.055826],[115.9029515,39.0557364],[115.9031843,39.0557116],[115.9033571,39.0556841],[115.9036074,39.0557337],[115.9039135,39.0557065],[115.9040673,39.0556324],[115.9041191,39.055536],[115.9044647,39.0554682],[115.9049257,39.0554416],[115.9054284,39.0554546],[115.905681,39.0554685],[115.9062195,39.0555853],[115.9065737,39.05558],[115.9068154,39.0555194],[115.9071772,39.055597],[115.907303,39.0556321],[115.9074072,39.0557],[115.9073167,39.0558006],[115.907157,39.0557183],[115.9069804,39.0556754],[115.9067549,39.0556586],[115.9065621,39.0556791],[115.9064645,39.0556837],[115.9062475,39.0556534],[115.9056364,39.0555345],[115.9049784,39.0555334],[115.9047475,39.0555546],[115.9044655,39.0556606],[115.90437,39.0556966],[115.904213,39.0557277],[115.9040766,39.0558463],[115.9039673,39.0559653],[115.9039003,39.0561445],[115.9039298,39.0562164],[115.9039002,39.0563533],[115.9037977,39.0563837],[115.9037489,39.0563498],[115.9037326,39.0562683],[115.9035175,39.0561938],[115.9031418,39.0562382],[115.9025979,39.0562486],[115.9022317,39.0562012],[115.9019853,39.0560932],[115.9018232,39.0560838],[115.901541,39.0561026],[115.9013264,39.0561655],[115.9012132,39.0562096],[115.9009803,39.0562276],[115.9007631,39.0562072],[115.9006625,39.0562702],[115.9005372,39.0563647],[115.9003903,39.0563722]]]}},{"type":"Feature","id":"way/1349426490","properties":{"osm_id":"1349426490","class":"water"},"geometry":{"type":"Polygon","coordinates":[[[115.9043415,39.0709927],[115.9044053,39.0708573],[115.9042336,39.0707493],[115.9040248,39.0707246],[115.9038516,39.0706896],[115.9037227,39.0707032],[115.9035832,39.0706032],[115.9033592,39.0705655],[115.9031947,39.0705878],[115.9030754,39.0705784],[115.9029343,39.0706018],[115.9028013,39.0705877],[115.9027315,39.0704989],[115.9026472,39.0703804],[115.9026127,39.0701615],[115.9025039,39.0699772],[115.9022526,39.0698891],[115.9021609,39.0698226],[115.9020167,39.0696841],[115.9019918,39.0696303],[115.9021997,39.0694543],[115.9022534,39.0693666],[115.9023575,39.0692189],[115.9025575,39.0691562],[115.9026875,39.0690442],[115.9027552,39.0688756],[115.9028748,39.0688137],[115.9030735,39.0688391],[115.9033222,39.0687424],[115.9033796,39.0685882],[115.9035475,39.0684723],[115.9036192,39.0682966],[115.9037587,39.0682413],[115.9038546,39.0679651],[115.9039904,39.067776],[115.9040677,39.0673816],[115.9040457,39.0670842],[115.9039032,39.0668331],[115.9036473,39.0666516],[115.9035058,39.0664032],[115.9030267,39.06617],[115.9025873,39.0658471],[115.9024525,39.0656822],[115.902287,39.0653608],[115.9022317,39.0651589],[115.902338,39.0649858],[115.9023847,39.0649458],[115.9020383,39.0648289],[115.9020751,39.0651839],[115.902071,39.0654125],[115.9021868,39.0656106],[115.9023199,39.0658432],[115.9025096,39.0660604],[115.9027948,39.0662611],[115.9030742,39.0663346],[115.9033232,39.0665382],[115.9035812,39.0667916],[115.9037573,39.0671136],[115.9038023,39.0675183],[115.9037368,39.0678021],[115.9035908,39.0679838],[115.903483,39.0680757],[115.9035137,39.0681824],[115.9034354,39.0682903],[115.9033754,39.0684274],[115.9032321,39.0685016],[115.9030109,39.0685422],[115.9027124,39.0686801],[115.9024696,39.0687814],[115.902245,39.0688967],[115.9021909,39.0690807],[115.9019922,39.0691528],[115.9018611,39.0691092],[115.9016001,39.0691786],[115.9015113,39.0691694],[115.9014207,39.0692909],[115.9012108,39.0693111],[115.9011621,39.0693883],[115.901341,39.06946],[115.9014333,39.0695635],[115.9015573,39.0696505],[115.9017353,39.0697102],[115.901914,39.069723],[115.9019967,39.0697652],[115.9019874,39.0698419],[115.9020265,39.069906],[115.9021598,39.0700028],[115.9022645,39.0700595],[115.9024707,39.0701992],[115.9024906,39.0703184],[115.9025137,39.0704038],[115.9026384,39.0705596],[115.9028039,39.0706759],[115.9026832,39.0708182],[115.9026935,39.0708771],[115.9028085,39.0708463],[115.9030159,39.0708738],[115.9030637,39.0709968],[115.9031675,39.0711217],[115.9032123,39.0712787],[115.9033336,39.0713338],[115.9034303,39.0713641],[115.9035524,39.0712833],[115.9036782,39.0712392],[115.9037759,39.0710982],[115.9039104,39.0709744],[115.9040319,39.0709516],[115.904142,39.070928],[115.9043415,39.0709927]]]}},{"type":"Feature","id":"way/1349426491","properties":{"osm_id":"1349426491","class":"water"},"geometry":{"type":"Polygon","coordinates":[[[115.899579,39.0655263],[115.8996492,39.0653076],[115.8996088,39.0650714],[115.8993846,39.0650123],[115.899162,39.0649425],[115.8991167,39.0648003],[115.8989417,39.0648118],[115.8988217,39.0648731],[115.8985395,39.0647442],[115.8983721,39.0646676],[115.8982045,39.0647443],[115.8982356,39.0649374],[115.8982064,39.0650173],[115.8982329,39.0651814],[115.8983779,39.0652845],[115.8985599,39.0653532],[115.8987138,39.065379],[115.8988435,39.0652775],[115.8990446,39.0652311],[115.8992107,39.0652991],[115.8993453,39.0654079],[115.8993542,39.0654718],[115.899489,39.065451],[115.899579,39.0655263]]]}},{"type":"Feature","id":"way/1349426492","properties":{"osm_id":"1349426492","class":"water"},"geometry":{"type":"Polygon","coordinates":[[[115.9025776,39.0793275],[115.9020225,39.0794424],[115.9014722,39.0795287],[115.900826,39.0795688],[115.9003031,39.0795817],[115.8997724,39.0795411],[115.8993248,39.0794084],[115.8990792,39.0792606],[115.8988078,39.0790992],[115.8986339,39.0790098],[115.8983033,39.0790175],[115.898163,39.0790763],[115.8976973,39.0791411],[115.8973728,39.0791647],[115.897111,39.0792871],[115.8969751,39.0793294],[115.8966725,39.0794939],[115.8964947,39.0795161],[115.8963767,39.0793558],[115.8967734,39.0792124],[115.8970354,39.0791253],[115.8973173,39.0790796],[115.8977077,39.0790084],[115.8978983,39.078972],[115.8979673,39.0787571],[115.8980688,39.0784616],[115.8982318,39.0781171],[115.8985678,39.0778461],[115.8988222,39.0776457],[115.8992667,39.077464],[115.8995675,39.0772427],[115.8997316,39.0770082],[115.8999134,39.0766067],[115.8998497,39.0763905],[115.8996949,39.0760958],[115.8995868,39.0758351],[115.8996709,39.0755886],[115.8998682,39.0753898],[115.8998827,39.0752458],[115.8996629,39.0749604],[115.8997013,39.0747966],[115.899748,39.0746499],[115.8997425,39.0744508],[115.8998297,39.0742986],[115.9000097,39.0742745],[115.9002626,39.0743182],[115.9005788,39.074303],[115.9006485,39.0742769],[115.9007075,39.0743103],[115.900708,39.0744043],[115.9005538,39.0744279],[115.9004018,39.0744339],[115.9002747,39.0744313],[115.9001228,39.0743931],[115.9000109,39.0743816],[115.8999213,39.074417],[115.8998805,39.0744984],[115.8999189,39.0746197],[115.8999594,39.0746878],[115.8999209,39.0748119],[115.8998393,39.0748991],[115.8997963,39.0749468],[115.8998216,39.0750242],[115.8999174,39.0751084],[115.8999859,39.0752203],[115.89998,39.0753384],[115.8999548,39.075467],[115.8998838,39.0755977],[115.8998051,39.0756931],[115.899737,39.0758323],[115.8997264,39.0759062],[115.8997727,39.0760546],[115.8999015,39.0762631],[115.9000019,39.0764992],[115.8999915,39.0767523],[115.8998271,39.0771234],[115.899722,39.0772773],[115.8995715,39.0774181],[115.8994133,39.077527],[115.8992348,39.0776171],[115.8989962,39.0777661],[115.8986518,39.077989],[115.8984299,39.0781275],[115.8982987,39.0783386],[115.8981941,39.0784719],[115.898129,39.0786165],[115.8981155,39.0787144],[115.8981702,39.0788395],[115.8982418,39.0789099],[115.8984111,39.0789139],[115.8985193,39.0788512],[115.8985995,39.0787489],[115.8986382,39.0786742],[115.8986921,39.078444],[115.8987622,39.078324],[115.898931,39.0782155],[115.8991205,39.0781601],[115.8994071,39.0781129],[115.8998018,39.078052],[115.8999821,39.0780299],[115.9000676,39.0779646],[115.9002161,39.0780085],[115.9003845,39.0779992],[115.9005085,39.0779255],[115.9006594,39.0778716],[115.9009441,39.0778322],[115.9012484,39.077833],[115.9015209,39.0778544],[115.9017119,39.0779098],[115.9018949,39.0779355],[115.902142,39.0780153],[115.9024465,39.0780723],[115.9026716,39.0781289],[115.9028601,39.0781947],[115.9029733,39.0782738],[115.9030251,39.0783504],[115.902989,39.0783826],[115.9028577,39.0782758],[115.9026597,39.0781963],[115.9024966,39.078179],[115.9024515,39.0782171],[115.9025339,39.0783204],[115.9026177,39.0784036],[115.9027638,39.0784326],[115.9029601,39.0784528],[115.9029778,39.0785167],[115.9030507,39.0785942],[115.9031658,39.0786066],[115.9032134,39.078703],[115.903331,39.0787601],[115.9035291,39.078809],[115.9036592,39.0788023],[115.9037391,39.0787337],[115.9037188,39.0785994],[115.903628,39.078398],[115.9034947,39.0782126],[115.9033425,39.07804],[115.9031729,39.0779044],[115.9029838,39.0777941],[115.9027568,39.077683],[115.9025541,39.0776134],[115.9023978,39.0775375],[115.9022799,39.0774431],[115.9021534,39.077325],[115.9020158,39.077082],[115.9019267,39.0768475],[115.9018587,39.0766721],[115.9018829,39.0765392],[115.9019574,39.0763496],[115.9020075,39.0761579],[115.9020275,39.0759749],[115.9020295,39.0758357],[115.90198,39.0756441],[115.9018783,39.0754515],[115.9018763,39.0753528],[115.901956,39.0753484],[115.9020347,39.0755126],[115.9021179,39.0756418],[115.902195,39.0757634],[115.9022246,39.0759791],[115.9021864,39.0760897],[115.9020601,39.0764169],[115.9020122,39.0766826],[115.9021111,39.0768814],[115.9021805,39.0770734],[115.9022668,39.0771757],[115.9025623,39.0774894],[115.9027604,39.0775606],[115.9030053,39.0776947],[115.90317,39.0777983],[115.9033373,39.077915],[115.9035328,39.0780885],[115.9036763,39.07823],[115.9037401,39.0783635],[115.9038376,39.0784493],[115.9039343,39.0785778],[115.9040592,39.0787331],[115.9041472,39.0788675],[115.9041724,39.0789032],[115.9044427,39.0788786],[115.9048157,39.078927],[115.9050755,39.0790016],[115.9055175,39.0791135],[115.9059124,39.0792405],[115.9060387,39.0792771],[115.9064405,39.079482],[115.9068454,39.079774],[115.9073135,39.0802281],[115.9075965,39.0806126],[115.9077717,39.0808813],[115.9079353,39.0811722],[115.9080625,39.081562],[115.9082778,39.0820387],[115.908578,39.0823815],[115.9089437,39.0826341],[115.9097844,39.082728],[115.9101183,39.0831281],[115.9102056,39.0836116],[115.910139,39.0841201],[115.9101994,39.0844523],[115.9107003,39.0848328],[115.9111823,39.0849911],[115.9117689,39.0849145],[115.912275,39.0847566],[115.9127074,39.0846011],[115.9127099,39.0846952],[115.9124162,39.0848036],[115.9120693,39.084951],[115.9116372,39.085063],[115.9112703,39.0851174],[115.9107394,39.0851554],[115.910359,39.0852019],[115.9100598,39.0852435],[115.90968,39.085388],[115.9093648,39.0855548],[115.9091004,39.0857142],[115.9086613,39.0859262],[115.9082415,39.0861261],[115.9081479,39.0864118],[115.9082022,39.0867921],[115.9080964,39.0868128],[115.9080374,39.0864888],[115.9078564,39.0862137],[115.9074759,39.0858767],[115.9072501,39.0856941],[115.9070457,39.0855137],[115.9067422,39.0852278],[115.9065552,39.0850427],[115.9064042,39.0848168],[115.9062452,39.0844519],[115.906184,39.0841581],[115.9062056,39.0838363],[115.9063136,39.0835813],[115.9064136,39.0833069],[115.9066786,39.083021],[115.9069402,39.0827787],[115.9071545,39.082551],[115.9073626,39.0822963],[115.9075114,39.0819777],[115.9075934,39.0817272],[115.9076315,39.081434],[115.9076208,39.0811196],[115.9075185,39.080858],[115.9073708,39.0805755],[115.9071916,39.0803408],[115.906938,39.0800761],[115.9066245,39.0798281],[115.9062423,39.0795652],[115.9059933,39.0794153],[115.9054455,39.079209],[115.9048811,39.0790484],[115.904345,39.0789877],[115.9039177,39.0789947],[115.9034367,39.0789355],[115.9031923,39.0790307],[115.9028762,39.0791844],[115.9026346,39.0792652],[115.9025776,39.0793275]]]}},{"type":"Feature","id":"way/1354585825","properties":{"osm_id":"1354585825","class":"water"},"geometry":{"type":"Polygon","coordinates":[[[116.0089054,38.9974426],[116.0035751,38.989712],[116.0023667,38.9878762],[116.0034586,38.9874001],[116.0027822,38.9872887],[116.0014933,38.9876264],[116.0035751,38.9908961],[116.0034464,38.9915299],[116.003146,38.99173],[116.0008286,38.9916466],[115.9990905,38.9911796],[115.9982452,38.9912429],[115.9972848,38.9912818],[115.996537,38.9912464],[115.9954856,38.9910629],[115.994005,38.9905626],[115.9915053,38.9906293],[115.9893167,38.9909628],[115.9859049,38.9918134],[115.984832,38.9918801],[115.9838288,38.990949],[115.9824776,38.9911792],[115.9802766,38.9904895],[115.9794698,38.9907157],[115.9789088,38.9918529],[115.9789701,38.9920227],[115.9824602,38.9943443],[115.9824945,38.9948458],[115.9818348,38.9950233],[115.9811831,38.9950245],[115.9811845,38.9968193],[115.9819045,38.9972717],[115.9844717,38.997226],[115.9857259,38.9968497],[115.9854628,38.9963554],[115.9869155,38.9961929],[115.9893962,38.9957609],[115.9893596,38.9941649],[115.9857547,38.9941983],[115.9854114,38.993848],[115.9853255,38.993331],[115.9855187,38.9929641],[115.9870851,38.9925639],[115.9889202,38.9920546],[115.9909008,38.9917915],[115.991956,38.9918468],[115.9931989,38.9925765],[115.9946542,38.9928345],[115.9966766,38.9926973],[115.999071,38.9922227],[116.0012978,38.9924717],[116.00392,38.9924859],[116.0047142,38.992565],[116.0055204,38.9938439],[116.0069621,38.9951082],[116.0086203,38.9974382],[116.0089054,38.9974426]]]}},{"type":"Feature","id":"way/1414879044","properties":{"osm_id":"1414879044","class":"water"},"geometry":{"type":"Polygon","coordinates":[[[115.9330417,39.0468564],[115.9330989,39.0468494],[115.9331615,39.0468439],[115.9331668,39.0469008],[115.9334458,39.0468869],[115.9334905,39.0473966],[115.9334154,39.0476368],[115.9334422,39.0477271],[115.9335423,39.0477924],[115.9338249,39.0478646],[115.9340591,39.0478896],[115.9343988,39.0478785],[115.9344811,39.0479062],[115.934558,39.0480215],[115.9344829,39.0479771],[115.93444,39.0479993],[115.93444,39.0481104],[115.9344936,39.0481132],[115.9345437,39.0480604],[115.9345473,39.0481215],[115.9345401,39.0481604],[115.9344292,39.0481909],[115.9343541,39.0482687],[115.9343559,39.048352],[115.9344239,39.0484353],[115.9343988,39.0484687],[115.9343559,39.0485034],[115.9344149,39.0485367],[115.9344686,39.0485395],[115.9344793,39.0484951],[115.9344489,39.048452],[115.9345258,39.0484784],[115.934583,39.0485409],[115.9345276,39.0486242],[115.9346045,39.0487561],[115.9346563,39.0487659],[115.934701,39.0487089],[115.9346832,39.0486173],[115.9346224,39.0485548],[115.9346546,39.0485173],[115.9347404,39.0485742],[115.9347726,39.0486756],[115.9347672,39.0487422],[115.9347297,39.0487881],[115.9347457,39.0488603],[115.9348048,39.0489006],[115.9349031,39.0489658],[115.9350247,39.0490214],[115.9350515,39.0491075],[115.9350354,39.0491283],[115.934946,39.0491172],[115.9348691,39.0491658],[115.9347279,39.0491866],[115.9346796,39.0492338],[115.9346706,39.0492908],[115.9347761,39.0493519],[115.9349156,39.0493435],[115.9350301,39.0492463],[115.9350783,39.0491408],[115.935073,39.0492297],[115.9349353,39.0493602],[115.9347601,39.0493935],[115.9345634,39.0493616],[115.9344436,39.0493102],[115.9344006,39.0492574],[115.9341878,39.0492561],[115.9340609,39.0493352],[115.9339214,39.0494963],[115.9337104,39.0496171],[115.9336371,39.0497185],[115.9336353,39.049992],[115.9335656,39.0502073],[115.9334654,39.0503337],[115.9333009,39.0504684],[115.9330488,39.0505864],[115.9327359,39.0506433],[115.9323318,39.0506364],[115.9318704,39.0505739],[115.9313376,39.0505114],[115.9310497,39.0504878],[115.9305579,39.0504697],[115.9302772,39.0505045],[115.9301323,39.0506072],[115.930068,39.0507155],[115.930068,39.0508919],[115.9301109,39.051271],[115.9302092,39.0515487],[115.93022,39.0517126],[115.9301002,39.0521139],[115.9300483,39.0522778],[115.9300841,39.0524097],[115.9300805,39.0528429],[115.930161,39.0531123],[115.9302271,39.0534497],[115.930279,39.053976],[115.9302522,39.0541399],[115.9301627,39.0544995],[115.9300215,39.0548536],[115.930068,39.0550216],[115.9301413,39.0551563],[115.9303076,39.0553257],[115.9303076,39.0554382],[115.9302772,39.0554979],[115.9302075,39.0555937],[115.9301931,39.0557617],[115.9300782,39.0557514],[115.9298677,39.0557103],[115.9299821,39.0554715],[115.9299804,39.055316],[115.9298892,39.0551021],[115.9298105,39.0549189],[115.9298391,39.0548008],[115.9300429,39.0543829],[115.930068,39.0541954],[115.9301234,39.0539482],[115.9300716,39.0536552],[115.9299964,39.0534053],[115.9299678,39.0533498],[115.929857,39.0530193],[115.9298731,39.0523777],[115.929916,39.0521681],[115.9299589,39.0516084],[115.9299553,39.0512793],[115.9299213,39.0509322],[115.9298677,39.0506614],[115.9298838,39.0505003],[115.9299661,39.0503239],[115.9300841,39.0502184],[115.9302754,39.0501615],[115.9304524,39.0501851],[115.9306581,39.0502781],[115.9310103,39.0503378],[115.9315056,39.0503281],[115.9316916,39.0503378],[115.9319187,39.0503934],[115.9322513,39.0504795],[115.9325678,39.0505031],[115.9328199,39.0504822],[115.9330524,39.0504184],[115.933258,39.0502878],[115.9333528,39.050199],[115.9334243,39.0500143],[115.9334046,39.0496963],[115.9334172,39.0495935],[115.9334887,39.0495019],[115.9336103,39.0494227],[115.9337122,39.0493977],[115.9338499,39.0493796],[115.9339518,39.0492838],[115.9340859,39.049045],[115.9340716,39.0490033],[115.9341896,39.0488506],[115.9342451,39.0487908],[115.9342182,39.0486922],[115.9340716,39.0486034],[115.9340627,39.0483298],[115.9339715,39.0481548],[115.9337962,39.0480201],[115.9334619,39.0479146],[115.9331543,39.0477882],[115.9329326,39.0475799],[115.9328414,39.0474369],[115.9327716,39.0469244],[115.9330399,39.0469022],[115.9330417,39.0468564]]]}},{"type":"Feature","id":"way/1415503580","properties":{"osm_id":"1415503580","class":"water"},"geometry":{"type":"Polygon","coordinates":[[[115.9288058,39.0560862],[115.9291044,39.0560266],[115.9294513,39.0559516],[115.9296569,39.0558628],[115.9298677,39.0557103],[115.9300782,39.0557514],[115.9300593,39.0559336],[115.9299144,39.0559141],[115.9297768,39.0559572],[115.929707,39.0560155],[115.929614,39.0560835],[115.9295032,39.056153],[115.9293834,39.0562057],[115.9291366,39.0561127],[115.9290597,39.056103],[115.9289512,39.0561306],[115.928935,39.0560924],[115.9288058,39.0560862]]]}},{"type":"Feature","id":"way/1415503581","properties":{"osm_id":"1415503581","class":"water"},"geometry":{"type":"Polygon","coordinates":[[[115.9289692,39.0563802],[115.9292278,39.0564223],[115.9293369,39.0564265],[115.929462,39.0564154],[115.9297803,39.056464],[115.9300933,39.0565834],[115.9302506,39.0566501],[115.9303704,39.0568028],[115.9305206,39.0569069],[115.9303811,39.0566294],[115.9303221,39.0564779],[115.9302935,39.0565959],[115.9301648,39.0565473],[115.9297911,39.0563821],[115.929707,39.0563654],[115.9296355,39.0563821],[115.9295157,39.0563682],[115.9292618,39.0563779],[115.9290394,39.0563549],[115.9290112,39.0563651],[115.9289692,39.0563802]]]}},{"type":"Feature","id":"way/1415503582","properties":{"osm_id":"1415503582","class":"water"},"geometry":{"type":"Polygon","coordinates":[[[115.9300593,39.0559336],[115.9300782,39.0557514],[115.9301931,39.0557617],[115.9302578,39.0559169],[115.9302613,39.0560447],[115.9304491,39.0563418],[115.9305278,39.0565445],[115.9305778,39.0565876],[115.9307084,39.0566237],[115.9308246,39.0566653],[115.9309694,39.0567764],[115.9310177,39.0568792],[115.931463,39.0569833],[115.931581,39.0570083],[115.931876,39.0570305],[115.9321621,39.0569916],[115.9324643,39.0568528],[115.9326199,39.0567958],[115.9327683,39.0567903],[115.9328434,39.0567945],[115.9328434,39.056825],[115.9331027,39.0568361],[115.9331045,39.0567917],[115.9334263,39.056832],[115.9337876,39.0568847],[115.9340039,39.0568347],[115.9344688,39.0568458],[115.9349463,39.056825],[115.9351483,39.05685],[115.9352145,39.056893],[115.9352449,39.0570166],[115.9354201,39.0571569],[115.9354899,39.0572013],[115.9355846,39.0571916],[115.9356419,39.0571346],[115.9357348,39.0570486],[115.9362015,39.0570555],[115.9364412,39.0569958],[115.9365252,39.0569222],[115.9365306,39.056832],[115.9365216,39.0567722],[115.9366504,39.0567195],[115.9367362,39.056675],[115.93689,39.0567111],[115.9369776,39.0567459],[115.9370974,39.0567445],[115.9371099,39.0567236],[115.9373638,39.0566737],[115.937582,39.0566778],[115.9377912,39.0566709],[115.9379593,39.0567042],[115.9381005,39.0567514],[115.9383974,39.0567792],[115.9384135,39.05675],[115.9387532,39.0567806],[115.9389267,39.0568195],[115.9391198,39.0568],[115.9394899,39.0567042],[115.9397027,39.056632],[115.9398726,39.0566028],[115.9400621,39.0566209],[115.9401426,39.0565848],[115.9402374,39.0565667],[115.9403339,39.0565723],[115.9404466,39.0566334],[115.9405574,39.0566834],[115.94062,39.0566834],[115.9406594,39.0566709],[115.9406647,39.0567056],[115.9407881,39.0567334],[115.9408811,39.0567278],[115.9412441,39.0567806],[115.9413657,39.0567834],[115.9419576,39.0568569],[115.9421882,39.0568361],[115.9423742,39.0567625],[115.9424504,39.0568817],[115.9422776,39.0570486],[115.9421435,39.0569764],[115.9419772,39.0569611],[115.9413943,39.0570763],[115.9413353,39.0571083],[115.9413246,39.0571694],[115.9412906,39.0571721],[115.9412834,39.057118],[115.9411297,39.0571319],[115.9409365,39.0570847],[115.9408221,39.0570902],[115.9405753,39.0569958],[115.9405557,39.0569694],[115.9404841,39.0569819],[115.9403625,39.056943],[115.9403178,39.0568986],[115.9403214,39.0568417],[115.9402123,39.0568167],[115.9401641,39.0568014],[115.9400621,39.0568347],[115.9400049,39.0568764],[115.9398851,39.0569416],[115.939574,39.0570014],[115.9395471,39.0569819],[115.9392378,39.0570458],[115.9392199,39.0570652],[115.9391126,39.0570597],[115.9390018,39.0569833],[115.9388694,39.057],[115.9387961,39.0570194],[115.9384653,39.0570263],[115.9383205,39.0570333],[115.9380326,39.0570791],[115.9378091,39.0570486],[115.9377697,39.0570069],[115.9376911,39.0570014],[115.9375695,39.0569819],[115.9374443,39.0569847],[115.9372565,39.0569389],[115.9371475,39.0569541],[115.9368953,39.0569791],[115.9367326,39.0570291],[115.9365967,39.0570569],[115.9363947,39.0571624],[115.9361783,39.0572888],[115.9357491,39.057361],[115.9354309,39.0572749],[115.9352342,39.0571957],[115.9350303,39.0571319],[115.9347496,39.0571152],[115.9346065,39.0570874],[115.9343222,39.0570125],[115.9341684,39.0570236],[115.9341362,39.0571097],[115.9340576,39.0571721],[115.933834,39.0571694],[115.9333656,39.0571235],[115.9329775,39.0572596],[115.9328398,39.0572596],[115.9323088,39.0571721],[115.9320477,39.0572041],[115.9318081,39.0572263],[115.9315703,39.0572471],[115.93115,39.0571444],[115.9307477,39.0569458],[115.9305206,39.0569069],[115.9303811,39.0566294],[115.9303221,39.0564779],[115.9302667,39.0562974],[115.9301415,39.056146],[115.9300593,39.0559336]]]}},{"type":"Feature","id":"way/1458283480","properties":{"osm_id":"1458283480","class":"water"},"geometry":{"type":"Polygon","coordinates":[[[115.9042176,39.0606509],[115.9039403,39.0606413],[115.9038101,39.0606571],[115.9035763,39.0606492],[115.9034666,39.0607213],[115.9034408,39.0607795],[115.9034587,39.0608159],[115.9034673,39.0609643],[115.9035003,39.0610831],[115.9034765,39.0612187],[115.9034922,39.0613361],[115.9036051,39.0614179],[115.9036724,39.0615563],[115.903642,39.0616046],[115.9035671,39.0616137],[115.9034246,39.0617468],[115.9034199,39.0618509],[115.9035646,39.0619645],[115.9036821,39.0621476],[115.9036821,39.0623225],[115.9035641,39.0624696],[115.9034105,39.062581],[115.9031737,39.0628108],[115.902983,39.0628882],[115.9026891,39.0628918],[115.902477,39.0629557],[115.9022058,39.0632095],[115.9021172,39.0631746],[115.9020948,39.0631321],[115.9024105,39.0629001],[115.9025529,39.0628266],[115.9026602,39.062807],[115.902836,39.0628195],[115.9029666,39.0628195],[115.903116,39.0627556],[115.9031797,39.0626445],[115.9032667,39.0625352],[115.903426,39.0624308],[115.9035286,39.0623056],[115.9035545,39.0621778],[115.9034963,39.0620509],[115.9034017,39.0619605],[115.90334,39.0618697],[115.9033409,39.0617517],[115.9033775,39.0616445],[115.9035077,39.0614975],[115.9034737,39.0614006],[115.9033756,39.0612648],[115.9033709,39.0612128],[115.9033624,39.0611526],[115.9034073,39.0610491],[115.9033771,39.0609695],[115.9033478,39.0608516],[115.9033576,39.0607749],[115.9032575,39.0606467],[115.9031465,39.0605337],[115.903129,39.0604862],[115.9031979,39.0604862],[115.9033545,39.0605857],[115.9034315,39.0605944],[115.903559,39.0605588],[115.9036627,39.0605493],[115.9038197,39.0605546],[115.9040387,39.0605688],[115.9041318,39.0605586],[115.9041947,39.0605261],[115.9042176,39.0606509]]]}},{"type":"Feature","id":"way/1458283481","properties":{"osm_id":"1458283481","class":"water"},"geometry":{"type":"Polygon","coordinates":[[[115.9079721,39.0578171],[115.9080752,39.0577684],[115.9081645,39.0571772],[115.9084562,39.0571322],[115.9085659,39.0570955],[115.9088529,39.0568748],[115.9089842,39.0567731],[115.9089734,39.0566164],[115.9091537,39.0565625],[115.9094485,39.0565748],[115.9095978,39.0565836],[115.9099521,39.0565173],[115.9101681,39.0564379],[115.9102739,39.0564169],[115.9105009,39.0562761],[115.9105941,39.0562021],[115.9105226,39.0560861],[115.9103807,39.0560801],[115.9102014,39.0558729],[115.9099683,39.0557155],[115.9095702,39.0556516],[115.9092383,39.0555651],[115.9088957,39.0555406],[115.908677,39.055569],[115.9081863,39.0559477],[115.907685,39.0559261],[115.9073167,39.0558006],[115.9074072,39.0557],[115.907635,39.05581],[115.9077034,39.05581],[115.9079289,39.0557982],[115.9082135,39.0558215],[115.908339,39.0557021],[115.9084864,39.0556026],[115.9086439,39.0555042],[115.9088477,39.05547],[115.9091418,39.0554854],[115.9095105,39.055523],[115.9097687,39.0555539],[115.9099852,39.0555887],[115.9102059,39.0556629],[115.9103799,39.0557708],[115.9105962,39.0559039],[115.9107261,39.0560076],[115.911057,39.0559987],[115.9111764,39.0560233],[115.9111978,39.0561519],[115.9112287,39.0562221],[115.9113306,39.0562671],[115.9112852,39.0563694],[115.911107,39.0563657],[115.9110132,39.0564188],[115.9107129,39.0564242],[115.9105554,39.0564654],[115.9102576,39.0565176],[115.9099056,39.0566002],[115.9097279,39.0566653],[115.909587,39.0567955],[115.9092935,39.0569226],[115.9090611,39.0569062],[115.9088518,39.0570423],[115.9085963,39.0571867],[115.9083561,39.0572668],[115.9082711,39.0574847],[115.9082381,39.0575679],[115.9081987,39.0577267],[115.9081412,39.0578282],[115.9081577,39.0578816],[115.9079721,39.0578171]]]}},{"type":"Feature","id":"way/1458283482","properties":{"osm_id":"1458283482","class":"water"},"geometry":{"type":"Polygon","coordinates":[[[115.9061972,39.057888],[115.9060729,39.0577454],[115.9059464,39.0576458],[115.905734,39.0576406],[115.9056255,39.0576362],[115.9054213,39.0575965],[115.9052035,39.0575965],[115.9050411,39.0576516],[115.9048494,39.0576247],[115.9047714,39.0574971],[115.9047659,39.0573536],[115.9047294,39.0571665],[115.9047639,39.057031],[115.9045693,39.0569856],[115.9043404,39.0569596],[115.9040719,39.0568279],[115.9039639,39.0567258],[115.9039209,39.0566046],[115.9039084,39.0564808],[115.9039002,39.0563533],[115.9037977,39.0563837],[115.9038018,39.0565738],[115.9038088,39.0567094],[115.903888,39.0567971],[115.9042284,39.0569574],[115.9045555,39.0570617],[115.9046516,39.0571362],[115.9046644,39.0574086],[115.9046735,39.0575408],[115.9047346,39.0576519],[115.9048038,39.057733],[115.9050135,39.0577303],[115.9052579,39.0576533],[115.9055161,39.0576886],[115.905681,39.0577948],[115.9058425,39.0577877],[115.9059273,39.0578266],[115.905982,39.0579092],[115.9061972,39.057888]]]}},{"type":"Feature","id":"way/1477500067","properties":{"osm_id":"1477500067","class":"water"},"geometry":{"type":"Polygon","coordinates":[[[116.1135808,39.0793004],[116.1140313,39.0792035],[116.1142991,39.0791459],[116.1143751,39.0792653],[116.1144565,39.0796502],[116.1140639,39.0796979],[116.1140259,39.0796052],[116.1137654,39.0796389],[116.1136604,39.0795968],[116.113418,39.0794465],[116.1132895,39.0794016],[116.1131991,39.0793988],[116.11319,39.079337],[116.1135808,39.0793004]]]}}],"metadata":{"source":"OpenStreetMap closed ways and multipolygon outers","bounds":[115.81235541625588,38.950488261804324,116.20243159160765,39.09970018815715],"kind":"water","featureCount":47,"coverage":"xiongan_20","fallback":"Baidu vector base map"}}
